Age,Budget,Duree,Interet_Aventure,Interet_Culture,Interet_Nature,Interet_Plage,Interet_Ville,Climat_Chaud,Climat_Froid,Climat_Tempéré,Destination
0.8934380901488533,1.5162398842641156,0.8091429752411754,1.0,0.0,0.0,0.0,0.0,0.0,1.0,0.0,Tokyo
-1.3544044904029533,-0.8357883459870028,-0.8213844736265206,0.0,0.0,0.0,0.0,1.0,0.0,1.0,0.0,Rio de Janeiro
-0.5610482855023157,1.507776583468315,0.6837177868667372,1.0,0.0,0.0,0.0,0.0,0.0,0.0,1.0,Sydney
-0.29659621720210316,0.7868572338623948,0.9345681636156136,0.0,0.0,0.0,0.0,1.0,1.0,0.0,0.0,Le Caire
1.3562292096742252,-1.1943245433363718,0.8091429752411754,1.0,0.0,0.0,0.0,0.0,1.0,0.0,0.0,Rio de Janeiro
0.1661949023232688,0.35599828425800284,-0.5705340968776442,0.0,0.0,0.0,0.0,1.0,1.0,0.0,0.0,Barcelone
-1.5527435416281128,1.6585772158298522,1.18541854036449,0.0,0.0,0.0,0.0,1.0,0.0,1.0,0.0,Rio de Janeiro
0.43064697062348134,0.7591591585306838,-0.9468096620009587,0.0,0.0,1.0,0.0,0.0,0.0,0.0,1.0,Londres
0.8934380901488533,-0.7757758494349626,1.18541854036449,0.0,0.0,0.0,0.0,1.0,0.0,0.0,1.0,Rio de Janeiro
1.3562292096742252,-0.3726149751622815,-0.5705340968776442,0.0,1.0,0.0,0.0,0.0,0.0,1.0,0.0,Barcelone
0.8273250730738002,-1.0558341666778173,-1.4485104154987114,0.0,1.0,0.0,0.0,0.0,1.0,0.0,0.0,Paris
-0.16437018305199688,-0.00022974014705697375,1.310843728738928,0.0,0.0,0.0,1.0,0.0,0.0,0.0,1.0,Paris
-1.0899524221027408,0.33599411874065604,-0.06883334337989165,0.0,1.0,0.0,0.0,0.0,0.0,0.0,1.0,Rio de Janeiro
1.686794295049491,0.20442826091502922,0.056591844994546496,0.0,0.0,1.0,0.0,0.0,1.0,0.0,0.0,Londres
1.0256641242989597,-1.0265973093832337,-1.6993607922475875,0.0,0.0,0.0,1.0,0.0,0.0,0.0,1.0,Rio de Janeiro
-0.8916133708775814,-0.9273458727779361,0.5582925984922991,0.0,0.0,0.0,1.0,0.0,0.0,0.0,1.0,Rio de Janeiro
0.695099038923694,0.2682877123742516,-1.3230852271242732,0.0,0.0,0.0,0.0,1.0,0.0,0.0,1.0,Le Caire
1.4884552438243315,-0.7126857889571766,0.6837177868667372,0.0,0.0,0.0,0.0,1.0,0.0,0.0,1.0,Paris
1.4884552438243315,0.3590758481837485,1.4362689171133662,0.0,1.0,0.0,0.0,0.0,1.0,0.0,0.0,Londres
-0.16437018305199688,1.2654184243158444,-0.31968372012876795,0.0,1.0,0.0,0.0,0.0,0.0,0.0,1.0,Tokyo
0.43064697062348134,0.10671560627260461,1.18541854036449,0.0,1.0,0.0,0.0,0.0,0.0,0.0,1.0,Londres
1.686794295049491,0.8507166853216171,0.056591844994546496,0.0,1.0,0.0,0.0,0.0,1.0,0.0,0.0,Sydney
1.157890158449066,-0.9073417072605894,-0.9468096620009587,1.0,0.0,0.0,0.0,0.0,0.0,1.0,0.0,Barcelone
-0.16437018305199688,-1.166626468004661,0.056591844994546496,0.0,0.0,0.0,1.0,0.0,1.0,0.0,0.0,Barcelone
0.7612120559987471,-1.4428378303403337,-1.197660038749835,0.0,0.0,1.0,0.0,0.0,1.0,0.0,0.0,Londres
0.2984209364733751,-1.6213365380335818,1.5616941054878042,0.0,0.0,0.0,1.0,0.0,1.0,0.0,0.0,New York
-0.8916133708775814,-1.3535884764937096,0.43286741011786095,0.0,0.0,0.0,1.0,0.0,0.0,0.0,1.0,New York
-1.4205175074780065,0.7968593166210681,0.8091429752411754,0.0,0.0,1.0,0.0,0.0,0.0,0.0,1.0,Tokyo
-1.156065439177794,0.4414006831974448,0.9345681636156136,0.0,0.0,0.0,1.0,0.0,0.0,1.0,0.0,Tokyo
-0.8255003538025283,-1.0558341666778173,-0.9468096620009587,1.0,0.0,0.0,0.0,0.0,0.0,0.0,1.0,Rome
-0.23048320012705004,-0.47879093060050665,1.4362689171133662,1.0,0.0,0.0,0.0,0.0,0.0,1.0,0.0,Tokyo
0.1661949023232688,-1.5482443947971225,-0.8213844736265206,0.0,0.0,0.0,1.0,0.0,1.0,0.0,0.0,Rio de Janeiro
-0.29659621720210316,-0.498025705136417,0.056591844994546496,1.0,0.0,0.0,0.0,0.0,0.0,0.0,1.0,Paris
-1.3544044904029533,-1.105075189489748,0.3074422217434228,0.0,0.0,0.0,0.0,1.0,1.0,0.0,0.0,Bali
1.686794295049491,-0.5511136828555295,1.6871192938622424,0.0,0.0,1.0,0.0,0.0,1.0,0.0,0.0,Londres
-0.16437018305199688,-1.0189033995688694,0.43286741011786095,0.0,0.0,0.0,1.0,0.0,0.0,1.0,0.0,Tokyo
-0.4949352684272626,-1.33204552901349,-0.1942585317543298,0.0,1.0,0.0,0.0,0.0,0.0,1.0,0.0,Tokyo
-1.0899524221027408,-0.7380756913445782,-0.6959592852520824,0.0,0.0,1.0,0.0,0.0,0.0,1.0,0.0,Rome
0.43064697062348134,-0.8988784064647888,0.3074422217434228,0.0,0.0,1.0,0.0,0.0,0.0,1.0,0.0,Le Caire
-1.2882914733279003,1.3208145749792664,-0.31968372012876795,1.0,0.0,0.0,0.0,0.0,0.0,1.0,0.0,Sydney
1.2901161925991722,0.4783314503063927,-0.9468096620009587,1.0,0.0,0.0,0.0,0.0,0.0,1.0,0.0,Sydney
-0.9577263879526345,1.4954663277653324,-0.6959592852520824,0.0,0.0,1.0,0.0,0.0,0.0,0.0,1.0,Rome
0.5628730047735876,1.5485543054844448,-0.06883334337989165,0.0,1.0,0.0,0.0,0.0,0.0,1.0,0.0,New York
0.8934380901488533,1.193865063042258,-0.31968372012876795,0.0,1.0,0.0,0.0,0.0,0.0,0.0,1.0,New York
-0.29659621720210316,1.507776583468315,-0.31968372012876795,0.0,1.0,0.0,0.0,0.0,0.0,0.0,1.0,Barcelone
1.3562292096742252,0.3206062991119278,-1.072234850375397,1.0,0.0,0.0,0.0,0.0,0.0,0.0,1.0,Bali
1.686794295049491,-0.9304234367036818,-0.1942585317543298,0.0,0.0,0.0,1.0,0.0,0.0,1.0,0.0,Rio de Janeiro
0.033968868173162525,1.0776870248453594,-1.197660038749835,0.0,0.0,0.0,1.0,0.0,0.0,0.0,1.0,Sydney
0.7612120559987471,0.7153038725888082,-0.5705340968776442,0.0,0.0,0.0,1.0,0.0,1.0,0.0,0.0,Paris
-0.8255003538025283,0.022851989296035453,-0.4451089085032061,1.0,0.0,0.0,0.0,0.0,0.0,1.0,0.0,Le Caire
1.157890158449066,-0.7388450823260146,-1.072234850375397,0.0,1.0,0.0,0.0,0.0,1.0,0.0,0.0,New York
-1.0238394050276878,1.201558972856622,-1.6993607922475875,1.0,0.0,0.0,0.0,0.0,0.0,1.0,0.0,Bali
1.4223422267492785,-0.2495124181324552,-0.8213844736265206,0.0,1.0,0.0,0.0,0.0,1.0,0.0,0.0,Tokyo
-1.684969575778219,1.1353913484530904,-0.06883334337989165,0.0,0.0,1.0,0.0,0.0,1.0,0.0,0.0,New York
-0.4949352684272626,-1.5951772446647436,-1.3230852271242732,0.0,0.0,0.0,0.0,1.0,1.0,0.0,0.0,Rome
0.9595511072239065,-0.9619684669425748,1.6871192938622424,1.0,0.0,0.0,0.0,0.0,0.0,1.0,0.0,Rome
1.0256641242989597,1.4292987033618008,-1.197660038749835,0.0,0.0,1.0,0.0,0.0,0.0,1.0,0.0,Sydney
-0.4288222513522094,0.7360774290875914,0.3074422217434228,0.0,0.0,0.0,1.0,0.0,0.0,0.0,1.0,Paris
0.6289860218486407,-1.7475166589891538,1.5616941054878042,1.0,0.0,0.0,0.0,0.0,0.0,0.0,1.0,Paris
-0.6271613025773689,0.8053226174168687,-0.5705340968776442,1.0,0.0,0.0,0.0,0.0,0.0,1.0,0.0,Paris
-0.7593873367274752,1.526241967022789,1.0599933519900517,0.0,0.0,1.0,0.0,0.0,1.0,0.0,0.0,Bali
0.8934380901488533,-1.6713469518269488,-0.5705340968776442,0.0,0.0,0.0,0.0,1.0,0.0,1.0,0.0,Le Caire
1.0917771413740127,0.6429811203337853,1.18541854036449,0.0,0.0,1.0,0.0,0.0,1.0,0.0,0.0,Bali
0.43064697062348134,-0.47186641176757893,-1.4485104154987114,1.0,0.0,0.0,0.0,0.0,0.0,1.0,0.0,New York
1.157890158449066,-1.148161084450187,0.8091429752411754,0.0,1.0,0.0,0.0,0.0,0.0,1.0,0.0,New York
0.695099038923694,0.26521014844850593,0.43286741011786095,0.0,0.0,0.0,0.0,1.0,1.0,0.0,0.0,Tokyo
-0.5610482855023157,0.7676224593264844,-0.9468096620009587,0.0,1.0,0.0,0.0,0.0,0.0,0.0,1.0,Barcelone
0.695099038923694,-0.7480777741032516,-0.9468096620009587,0.0,0.0,0.0,1.0,0.0,1.0,0.0,0.0,Bali
-0.29659621720210316,1.4062169739187083,-1.5739356038731493,1.0,0.0,0.0,0.0,0.0,0.0,0.0,1.0,Rome
0.23230791939832193,-0.1371813348427387,-0.4451089085032061,0.0,0.0,1.0,0.0,0.0,0.0,0.0,1.0,Londres
0.8273250730738002,-1.5297790112426486,-1.4485104154987114,0.0,0.0,0.0,1.0,0.0,1.0,0.0,0.0,Bali
-0.7593873367274752,0.5037213526937944,0.18201703336898464,0.0,0.0,0.0,1.0,0.0,0.0,1.0,0.0,Le Caire
0.2984209364733751,-1.385902897714039,1.0599933519900517,0.0,0.0,0.0,0.0,1.0,0.0,0.0,1.0,Barcelone
0.6289860218486407,0.712995699644499,0.18201703336898464,0.0,0.0,0.0,1.0,0.0,0.0,0.0,1.0,Rio de Janeiro
-1.222178456252847,-0.38723340380957333,-0.9468096620009587,0.0,1.0,0.0,0.0,0.0,1.0,0.0,0.0,New York
-0.8916133708775814,-0.6242058260919889,-1.5739356038731493,0.0,1.0,0.0,0.0,0.0,0.0,1.0,0.0,Tokyo
-0.23048320012705004,-0.7342287364373962,-0.1942585317543298,0.0,0.0,0.0,0.0,1.0,1.0,0.0,0.0,Le Caire
-1.4866305245530596,1.470845816359367,-1.6993607922475875,1.0,0.0,0.0,0.0,0.0,0.0,0.0,1.0,Rio de Janeiro
0.3645339535484282,0.6006646163547825,0.056591844994546496,0.0,0.0,1.0,0.0,0.0,1.0,0.0,0.0,Paris
0.6289860218486407,0.05439701953492844,-1.5739356038731493,0.0,1.0,0.0,0.0,0.0,1.0,0.0,0.0,Sydney
0.3645339535484282,-1.0673750313993635,-0.4451089085032061,1.0,0.0,0.0,0.0,0.0,0.0,0.0,1.0,Rome
-0.29659621720210316,-1.0104400987730688,0.43286741011786095,1.0,0.0,0.0,0.0,0.0,0.0,1.0,0.0,New York
-0.5610482855023157,1.561633952168864,-0.4451089085032061,0.0,0.0,0.0,1.0,0.0,1.0,0.0,0.0,Rio de Janeiro
-1.156065439177794,0.8437921664886895,-0.6959592852520824,0.0,0.0,0.0,0.0,1.0,0.0,0.0,1.0,Rio de Janeiro
0.033968868173162525,0.0790175309408937,0.18201703336898464,1.0,0.0,0.0,0.0,0.0,0.0,1.0,0.0,Le Caire
1.2901161925991722,1.4639212975264393,-0.6959592852520824,0.0,0.0,0.0,1.0,0.0,0.0,0.0,1.0,Rio de Janeiro
1.4884552438243315,0.65913833094395,-0.9468096620009587,0.0,1.0,0.0,0.0,0.0,0.0,0.0,1.0,Paris
-0.6271613025773689,-0.8873375417432426,0.18201703336898464,1.0,0.0,0.0,0.0,0.0,0.0,1.0,0.0,Sydney
0.8273250730738002,-1.4420684393588972,-1.5739356038731493,0.0,0.0,0.0,0.0,1.0,1.0,0.0,0.0,Paris
-1.618856558703166,-0.14256707171279362,1.4362689171133662,0.0,0.0,1.0,0.0,0.0,0.0,0.0,1.0,Rio de Janeiro
-0.3627092342771563,1.5762523808161557,-1.072234850375397,0.0,0.0,0.0,0.0,1.0,1.0,0.0,0.0,Paris
1.0256641242989597,-0.19334687648759694,0.18201703336898464,0.0,0.0,1.0,0.0,0.0,0.0,1.0,0.0,Barcelone
0.3645339535484282,0.29136944181734403,-1.3230852271242732,0.0,0.0,0.0,0.0,1.0,0.0,1.0,0.0,Rome
1.686794295049491,-0.44186016349155877,-1.4485104154987114,0.0,0.0,1.0,0.0,0.0,1.0,0.0,0.0,Rome
0.5628730047735876,0.3344553367777832,-1.3230852271242732,0.0,0.0,0.0,1.0,0.0,0.0,0.0,1.0,Londres
1.686794295049491,-0.6126649613704427,0.6837177868667372,0.0,0.0,0.0,1.0,0.0,1.0,0.0,0.0,Rome
-1.0238394050276878,-0.6172813072590612,1.310843728738928,0.0,0.0,0.0,0.0,1.0,1.0,0.0,0.0,Le Caire
0.49675998769853447,0.5829686237817451,0.8091429752411754,0.0,0.0,1.0,0.0,0.0,1.0,0.0,0.0,Rio de Janeiro
-0.09825716597694376,-1.5297790112426486,-0.6959592852520824,1.0,0.0,0.0,0.0,0.0,1.0,0.0,0.0,Le Caire
1.4884552438243315,-1.2251001825938284,0.056591844994546496,1.0,0.0,0.0,0.0,0.0,0.0,1.0,0.0,Rome
-1.0238394050276878,-1.09815067065682,0.8091429752411754,0.0,0.0,0.0,1.0,0.0,0.0,1.0,0.0,Bali
-1.3544044904029533,1.4816172900994768,1.6871192938622424,1.0,0.0,0.0,0.0,0.0,0.0,1.0,0.0,Rio de Janeiro
-1.0899524221027408,-1.1697040319304066,-0.1942585317543298,0.0,1.0,0.0,0.0,0.0,1.0,0.0,0.0,New York
0.1661949023232688,0.9522762948712239,-0.5705340968776442,0.0,0.0,0.0,0.0,1.0,0.0,0.0,1.0,Sydney
0.3645339535484282,1.6093361930179215,-1.4485104154987114,0.0,1.0,0.0,0.0,0.0,0.0,0.0,1.0,Le Caire
-1.0899524221027408,-0.1787284478403051,-1.5739356038731493,0.0,0.0,0.0,1.0,0.0,1.0,0.0,0.0,Rome
1.0917771413740127,-1.5205463194654114,1.6871192938622424,0.0,0.0,0.0,0.0,1.0,0.0,1.0,0.0,New York
1.2901161925991722,1.151548559063255,-0.31968372012876795,0.0,1.0,0.0,0.0,0.0,0.0,1.0,0.0,Bali
-1.3544044904029533,-0.000999131128493388,1.0599933519900517,1.0,0.0,0.0,0.0,0.0,0.0,0.0,1.0,Londres
-0.6271613025773689,0.23289572722817653,-1.197660038749835,1.0,0.0,0.0,0.0,0.0,0.0,1.0,0.0,New York
-1.4866305245530596,-1.3328149199949264,0.056591844994546496,0.0,1.0,0.0,0.0,0.0,1.0,0.0,0.0,New York
0.3645339535484282,-0.8188617443954017,0.056591844994546496,0.0,0.0,1.0,0.0,0.0,1.0,0.0,0.0,New York
-0.8916133708775814,0.3552288932765664,1.310843728738928,0.0,0.0,0.0,0.0,1.0,0.0,0.0,1.0,Rome
-0.29659621720210316,-0.2387409443923454,-0.5705340968776442,1.0,0.0,0.0,0.0,0.0,0.0,1.0,0.0,Londres
1.4884552438243315,-1.2804963332572503,-0.06883334337989165,0.0,1.0,0.0,0.0,0.0,0.0,1.0,0.0,Paris
0.10008188524821567,-0.42570295288139404,0.18201703336898464,0.0,1.0,0.0,0.0,0.0,0.0,1.0,0.0,Le Caire
1.224003175524119,-0.43108868975144893,1.0599933519900517,0.0,1.0,0.0,0.0,0.0,0.0,1.0,0.0,Bali
-1.618856558703166,-0.4280111258257033,-0.8213844736265206,0.0,0.0,0.0,1.0,0.0,1.0,0.0,0.0,Bali
-1.222178456252847,-1.2951147619045422,-0.8213844736265206,0.0,0.0,0.0,0.0,1.0,0.0,0.0,1.0,Rio de Janeiro
0.3645339535484282,-0.7073000520871217,1.18541854036449,1.0,0.0,0.0,0.0,0.0,1.0,0.0,0.0,Barcelone
0.9595511072239065,-1.3820559428068568,-0.4451089085032061,0.0,0.0,1.0,0.0,0.0,0.0,1.0,0.0,New York
0.5628730047735876,-0.9350397825923003,1.6871192938622424,0.0,1.0,0.0,0.0,0.0,0.0,0.0,1.0,Paris
1.620681277974438,-0.678063194792538,1.5616941054878042,1.0,0.0,0.0,0.0,0.0,0.0,1.0,0.0,Rio de Janeiro
0.6289860218486407,-0.6634447661452461,-1.5739356038731493,1.0,0.0,0.0,0.0,0.0,1.0,0.0,0.0,Rome
-0.8255003538025283,-0.37723132105089996,-0.8213844736265206,0.0,0.0,0.0,0.0,1.0,1.0,0.0,0.0,New York
-0.693274319652422,0.14133820043724324,-0.6959592852520824,0.0,0.0,1.0,0.0,0.0,1.0,0.0,0.0,Londres
-0.5610482855023157,0.46371302165910083,-0.5705340968776442,1.0,0.0,0.0,0.0,0.0,1.0,0.0,0.0,Rio de Janeiro
1.620681277974438,1.405447582937272,-0.5705340968776442,0.0,0.0,0.0,1.0,0.0,1.0,0.0,0.0,Rio de Janeiro
1.0256641242989597,1.4123721017701996,1.18541854036449,0.0,0.0,0.0,0.0,1.0,0.0,1.0,0.0,Rome
0.1661949023232688,-1.1843224605776985,-0.4451089085032061,0.0,0.0,1.0,0.0,0.0,1.0,0.0,0.0,Sydney
0.695099038923694,0.8422533845258167,1.5616941054878042,0.0,0.0,0.0,1.0,0.0,0.0,1.0,0.0,Rio de Janeiro
1.4884552438243315,-0.8742578950588236,0.5582925984922991,0.0,0.0,0.0,1.0,0.0,0.0,0.0,1.0,Paris
-1.4205175074780065,-0.5034114420064719,-0.4451089085032061,1.0,0.0,0.0,0.0,0.0,1.0,0.0,0.0,Bali
1.5545682608993847,-1.4151397550086227,-0.06883334337989165,0.0,0.0,0.0,1.0,0.0,1.0,0.0,0.0,Le Caire
-0.29659621720210316,-1.2512594759626665,1.4362689171133662,0.0,0.0,1.0,0.0,0.0,0.0,0.0,1.0,Sydney
-0.16437018305199688,-0.5765035852429312,0.8091429752411754,0.0,0.0,0.0,0.0,1.0,1.0,0.0,0.0,Tokyo
0.1661949023232688,-1.5151605825953567,-0.4451089085032061,0.0,0.0,0.0,0.0,1.0,1.0,0.0,0.0,Tokyo
0.9595511072239065,-0.793471842008,-0.4451089085032061,0.0,0.0,1.0,0.0,0.0,0.0,1.0,0.0,Tokyo
1.4223422267492785,-1.5682485603144691,-1.6993607922475875,1.0,0.0,0.0,0.0,0.0,1.0,0.0,0.0,Le Caire
1.224003175524119,0.0013090418158158547,0.43286741011786095,0.0,0.0,1.0,0.0,0.0,1.0,0.0,0.0,Le Caire
-0.5610482855023157,0.39523722431125996,-1.5739356038731493,0.0,0.0,1.0,0.0,0.0,0.0,0.0,1.0,Le Caire
0.9595511072239065,0.7360774290875914,-0.1942585317543298,0.0,0.0,0.0,0.0,1.0,0.0,0.0,1.0,New York
1.620681277974438,-1.627491665885073,0.8091429752411754,1.0,0.0,0.0,0.0,0.0,1.0,0.0,0.0,Sydney
0.3645339535484282,1.3577453420882142,0.5582925984922991,0.0,1.0,0.0,0.0,0.0,1.0,0.0,0.0,Rome
0.6289860218486407,-1.2804963332572503,-1.6993607922475875,0.0,0.0,1.0,0.0,0.0,0.0,0.0,1.0,Londres
-0.4288222513522094,-0.6626753751638096,-1.5739356038731493,0.0,0.0,0.0,1.0,0.0,1.0,0.0,0.0,New York
-1.0238394050276878,0.7922429707324496,-0.5705340968776442,1.0,0.0,0.0,0.0,0.0,0.0,0.0,1.0,Sydney
0.8934380901488533,-1.712894064824515,-0.31968372012876795,0.0,1.0,0.0,0.0,0.0,0.0,0.0,1.0,Bali
-1.4866305245530596,1.4023700190115262,0.8091429752411754,0.0,0.0,0.0,1.0,0.0,0.0,1.0,0.0,Rio de Janeiro
-0.4949352684272626,-0.9719705497012482,0.3074422217434228,0.0,0.0,1.0,0.0,0.0,0.0,0.0,1.0,Sydney
-0.6271613025773689,-0.09871178577091799,-0.8213844736265206,0.0,0.0,1.0,0.0,0.0,0.0,0.0,1.0,Bali
1.0917771413740127,-0.9081110982420257,1.0599933519900517,0.0,0.0,1.0,0.0,0.0,0.0,1.0,0.0,Tokyo
0.2984209364733751,-1.4143703640271863,-0.9468096620009587,0.0,0.0,0.0,0.0,1.0,0.0,1.0,0.0,New York
0.695099038923694,-1.5074666727809924,-1.4485104154987114,0.0,1.0,0.0,0.0,0.0,1.0,0.0,0.0,New York
1.3562292096742252,0.807630790361178,1.0599933519900517,1.0,0.0,0.0,0.0,0.0,0.0,0.0,1.0,Rio de Janeiro
1.3562292096742252,0.7283835192732273,-1.5739356038731493,0.0,0.0,0.0,1.0,0.0,0.0,0.0,1.0,Rome
0.9595511072239065,0.6660628497768778,-0.1942585317543298,0.0,0.0,1.0,0.0,0.0,0.0,1.0,0.0,New York
-1.2882914733279003,-0.888106932724679,1.6871192938622424,0.0,0.0,1.0,0.0,0.0,1.0,0.0,0.0,Rome
0.033968868173162525,0.45140276595611817,-0.9468096620009587,0.0,0.0,0.0,0.0,1.0,1.0,0.0,0.0,Sydney
-0.8916133708775814,-0.3102943056659319,-0.4451089085032061,0.0,0.0,0.0,1.0,0.0,0.0,0.0,1.0,Paris
-0.4949352684272626,-1.5805588160174517,0.056591844994546496,0.0,1.0,0.0,0.0,0.0,0.0,0.0,1.0,Sydney
0.695099038923694,-1.0373687831233434,-0.6959592852520824,0.0,0.0,0.0,0.0,1.0,0.0,1.0,0.0,Sydney
-1.4866305245530596,1.7108958025675283,1.4362689171133662,0.0,1.0,0.0,0.0,0.0,0.0,1.0,0.0,Sydney
0.695099038923694,1.3354330036265583,-0.6959592852520824,0.0,0.0,0.0,1.0,0.0,0.0,1.0,0.0,Londres
-0.5610482855023157,0.2252018174138124,-1.6993607922475875,0.0,0.0,1.0,0.0,0.0,0.0,1.0,0.0,Rio de Janeiro
-0.3627092342771563,0.8476391213958715,0.056591844994546496,0.0,0.0,0.0,1.0,0.0,0.0,1.0,0.0,Londres
0.3645339535484282,1.5908708094634476,-0.06883334337989165,1.0,0.0,0.0,0.0,0.0,0.0,1.0,0.0,New York
1.3562292096742252,-0.5634239385585122,0.6837177868667372,0.0,1.0,0.0,0.0,0.0,1.0,0.0,0.0,Le Caire
1.3562292096742252,1.6062586290921759,0.8091429752411754,1.0,0.0,0.0,0.0,0.0,0.0,0.0,1.0,Rio de Janeiro
1.620681277974438,1.2838838078703183,1.6871192938622424,0.0,0.0,1.0,0.0,0.0,1.0,0.0,0.0,Paris
0.2984209364733751,0.748387684790574,0.43286741011786095,0.0,1.0,0.0,0.0,0.0,1.0,0.0,0.0,Sydney
-1.4205175074780065,-0.5618851565956394,0.3074422217434228,1.0,0.0,0.0,0.0,0.0,1.0,0.0,0.0,Rio de Janeiro
1.0256641242989597,0.5929707065404184,1.6871192938622424,0.0,0.0,0.0,1.0,0.0,1.0,0.0,0.0,Tokyo
0.5628730047735876,-1.2766493783500683,1.5616941054878042,0.0,0.0,0.0,0.0,1.0,1.0,0.0,0.0,Tokyo
1.3562292096742252,-0.6018934876303329,-0.4451089085032061,0.0,0.0,0.0,1.0,0.0,1.0,0.0,0.0,Paris
0.5628730047735876,0.6545219850553315,-0.31968372012876795,0.0,1.0,0.0,0.0,0.0,0.0,0.0,1.0,Londres
-0.4288222513522094,0.170575057731827,-0.1942585317543298,1.0,0.0,0.0,0.0,0.0,0.0,0.0,1.0,Sydney
-0.8916133708775814,-1.5367035300755763,-1.4485104154987114,1.0,0.0,0.0,0.0,0.0,1.0,0.0,0.0,Le Caire
1.4884552438243315,1.3308166577379397,1.310843728738928,1.0,0.0,0.0,0.0,0.0,1.0,0.0,0.0,Tokyo
-1.2882914733279003,-0.9319622186665546,1.18541854036449,1.0,0.0,0.0,0.0,0.0,0.0,0.0,1.0,Paris
0.5628730047735876,0.7491570757720105,0.18201703336898464,0.0,1.0,0.0,0.0,0.0,0.0,1.0,0.0,Rio de Janeiro
1.4223422267492785,-1.2512594759626665,1.0599933519900517,0.0,0.0,0.0,0.0,1.0,0.0,0.0,1.0,Barcelone
-1.222178456252847,0.5783522778931265,0.8091429752411754,0.0,0.0,0.0,0.0,1.0,0.0,0.0,1.0,Paris
1.0256641242989597,-1.228177746519574,-1.197660038749835,0.0,0.0,0.0,0.0,1.0,1.0,0.0,0.0,Barcelone
0.49675998769853447,1.2177161834667867,-1.3230852271242732,0.0,0.0,0.0,1.0,0.0,0.0,1.0,0.0,Barcelone
0.10008188524821567,1.1407770853231454,-0.31968372012876795,0.0,0.0,0.0,1.0,0.0,1.0,0.0,0.0,Barcelone
-0.16437018305199688,0.8891862343934379,0.056591844994546496,0.0,0.0,0.0,0.0,1.0,0.0,0.0,1.0,Tokyo
0.49675998769853447,-0.26182267383543784,-0.1942585317543298,0.0,0.0,1.0,0.0,0.0,0.0,1.0,0.0,Barcelone
1.0917771413740127,1.3177370110535207,1.4362689171133662,0.0,1.0,0.0,0.0,0.0,0.0,1.0,0.0,Londres
-0.29659621720210316,0.7468489028277012,1.0599933519900517,0.0,0.0,1.0,0.0,0.0,0.0,0.0,1.0,Le Caire
0.49675998769853447,1.3000410184804831,0.5582925984922991,1.0,0.0,0.0,0.0,0.0,1.0,0.0,0.0,Rio de Janeiro
0.695099038923694,-0.704222488161376,-1.197660038749835,0.0,0.0,0.0,1.0,0.0,1.0,0.0,0.0,Paris
1.4223422267492785,0.6406729473894761,0.056591844994546496,1.0,0.0,0.0,0.0,0.0,1.0,0.0,0.0,Le Caire
-1.4205175074780065,-0.36492106534791735,-0.9468096620009587,0.0,0.0,0.0,0.0,1.0,0.0,0.0,1.0,Tokyo
1.2901161925991722,0.03823980892476374,0.6837177868667372,1.0,0.0,0.0,0.0,0.0,0.0,1.0,0.0,New York
-1.156065439177794,0.592201315558982,-0.5705340968776442,0.0,0.0,0.0,0.0,1.0,1.0,0.0,0.0,Barcelone
1.686794295049491,-0.9950522791443406,1.0599933519900517,0.0,0.0,0.0,0.0,1.0,0.0,0.0,1.0,Rome
0.49675998769853447,-0.5034114420064719,-1.4485104154987114,0.0,0.0,0.0,0.0,1.0,0.0,0.0,1.0,Le Caire
-0.6271613025773689,-1.7075083279544603,-0.1942585317543298,0.0,0.0,0.0,1.0,0.0,1.0,0.0,0.0,Paris
0.3645339535484282,-0.4280111258257033,0.8091429752411754,1.0,0.0,0.0,0.0,0.0,0.0,1.0,0.0,Londres
-1.4866305245530596,-0.6195894802033705,1.18541854036449,0.0,0.0,0.0,0.0,1.0,0.0,1.0,0.0,Rome
1.2901161925991722,-0.03254416136738637,0.5582925984922991,0.0,0.0,0.0,1.0,0.0,1.0,0.0,0.0,Sydney
0.43064697062348134,-1.6290304478479458,-0.06883334337989165,0.0,0.0,1.0,0.0,0.0,1.0,0.0,0.0,Rome
1.4223422267492785,0.8514860763030536,-0.06883334337989165,1.0,0.0,0.0,0.0,0.0,1.0,0.0,0.0,Rio de Janeiro
-0.4288222513522094,0.8930331893006199,0.9345681636156136,1.0,0.0,0.0,0.0,0.0,1.0,0.0,0.0,Sydney
0.033968868173162525,-1.6813490345856221,-1.197660038749835,0.0,1.0,0.0,0.0,0.0,0.0,1.0,0.0,Sydney
-0.16437018305199688,1.574713598853283,0.056591844994546496,0.0,0.0,1.0,0.0,0.0,0.0,0.0,1.0,Paris
-1.4866305245530596,-1.2089429719836637,-1.5739356038731493,1.0,0.0,0.0,0.0,0.0,0.0,1.0,0.0,New York
1.686794295049491,-1.5405504849827583,-0.5705340968776442,0.0,1.0,0.0,0.0,0.0,0.0,0.0,1.0,New York
-0.7593873367274752,0.0897890046810035,-1.197660038749835,1.0,0.0,0.0,0.0,0.0,1.0,0.0,0.0,Bali
0.8273250730738002,-0.23489398948516332,-1.5739356038731493,0.0,0.0,1.0,0.0,0.0,1.0,0.0,0.0,New York
1.0917771413740127,-1.0735301592508548,-1.197660038749835,1.0,0.0,0.0,0.0,0.0,0.0,0.0,1.0,Bali
0.9595511072239065,-0.5126441337837089,-0.6959592852520824,0.0,0.0,0.0,0.0,1.0,0.0,0.0,1.0,Le Caire
-1.0238394050276878,-1.0150564446616874,-1.197660038749835,0.0,0.0,0.0,1.0,0.0,0.0,0.0,1.0,Rio de Janeiro
-1.4205175074780065,1.0292153930148653,-1.3230852271242732,0.0,0.0,1.0,0.0,0.0,1.0,0.0,0.0,Sydney
1.4223422267492785,1.1361607394345268,-1.072234850375397,0.0,0.0,1.0,0.0,0.0,1.0,0.0,0.0,Rio de Janeiro
-1.3544044904029533,0.39985357019987844,1.18541854036449,0.0,0.0,1.0,0.0,0.0,0.0,1.0,0.0,Barcelone
1.686794295049491,0.29829396065027175,-0.06883334337989165,0.0,0.0,1.0,0.0,0.0,0.0,1.0,0.0,Paris
-1.618856558703166,1.3215839659607027,-0.5705340968776442,0.0,0.0,0.0,0.0,1.0,1.0,0.0,0.0,Rio de Janeiro
1.3562292096742252,0.1336442906228791,0.3074422217434228,0.0,0.0,0.0,0.0,1.0,0.0,1.0,0.0,Le Caire
0.2984209364733751,1.255416341557171,-1.072234850375397,0.0,0.0,0.0,1.0,0.0,1.0,0.0,0.0,Barcelone
-1.222178456252847,1.4816172900994768,-1.5739356038731493,0.0,0.0,0.0,1.0,0.0,1.0,0.0,0.0,Sydney
-0.7593873367274752,-1.3335843109763628,-1.6993607922475875,0.0,1.0,0.0,0.0,0.0,0.0,0.0,1.0,Londres
-0.3627092342771563,1.1823241983207118,-0.5705340968776442,1.0,0.0,0.0,0.0,0.0,1.0,0.0,0.0,New York
-1.2882914733279003,0.9838213251101169,-1.3230852271242732,0.0,0.0,0.0,1.0,0.0,1.0,0.0,0.0,Paris
-1.618856558703166,-0.46955823882326964,1.18541854036449,1.0,0.0,0.0,0.0,0.0,0.0,1.0,0.0,Barcelone
0.033968868173162525,-1.3443557847164727,1.310843728738928,0.0,0.0,0.0,0.0,1.0,0.0,0.0,1.0,Paris
-1.0238394050276878,-1.5744036881659604,-1.6993607922475875,0.0,0.0,0.0,0.0,1.0,0.0,0.0,1.0,Bali
-1.3544044904029533,0.32445325401910985,1.5616941054878042,0.0,0.0,0.0,1.0,0.0,0.0,0.0,1.0,New York
0.695099038923694,0.900727099114984,-0.1942585317543298,0.0,0.0,0.0,1.0,0.0,1.0,0.0,0.0,Bali
0.6289860218486407,-0.4380132085843767,-0.8213844736265206,0.0,0.0,1.0,0.0,0.0,1.0,0.0,0.0,Sydney
-0.032144148901890615,1.4731539893036762,-1.197660038749835,0.0,0.0,0.0,1.0,0.0,0.0,0.0,1.0,Tokyo
-0.693274319652422,-0.8773354589845692,-0.06883334337989165,0.0,0.0,1.0,0.0,0.0,0.0,0.0,1.0,Paris
-0.29659621720210316,-1.3851335067326027,-0.9468096620009587,0.0,0.0,1.0,0.0,0.0,0.0,0.0,1.0,Tokyo
0.10008188524821567,0.12518098982707854,-0.31968372012876795,0.0,0.0,0.0,1.0,0.0,1.0,0.0,0.0,Rome
-1.4205175074780065,1.2007895818751857,-1.3230852271242732,0.0,0.0,0.0,0.0,1.0,0.0,1.0,0.0,Paris
0.1661949023232688,-1.5536301316671772,1.5616941054878042,0.0,0.0,0.0,0.0,1.0,1.0,0.0,0.0,Tokyo
1.4223422267492785,0.8137859182126693,-0.6959592852520824,0.0,1.0,0.0,0.0,0.0,0.0,1.0,0.0,Rome
1.4223422267492785,0.0744011850522752,-0.06883334337989165,0.0,0.0,0.0,1.0,0.0,1.0,0.0,0.0,Rio de Janeiro
1.0256641242989597,1.2492612137056798,-1.072234850375397,0.0,0.0,0.0,1.0,0.0,1.0,0.0,0.0,Sydney
1.0917771413740127,-0.49033179532205284,0.8091429752411754,0.0,0.0,0.0,1.0,0.0,0.0,1.0,0.0,Londres
-0.16437018305199688,0.722228391421736,-0.9468096620009587,0.0,1.0,0.0,0.0,0.0,1.0,0.0,0.0,New York
-1.156065439177794,-1.035060610179034,-0.5705340968776442,0.0,0.0,0.0,1.0,0.0,1.0,0.0,0.0,New York
-0.9577263879526345,1.3515902142367229,1.6871192938622424,0.0,0.0,0.0,1.0,0.0,0.0,1.0,0.0,New York
-0.693274319652422,1.2784980710002636,0.8091429752411754,0.0,1.0,0.0,0.0,0.0,0.0,0.0,1.0,Paris
-1.0238394050276878,-0.29413709505576724,-1.6993607922475875,1.0,0.0,0.0,0.0,0.0,0.0,0.0,1.0,Rio de Janeiro
1.2901161925991722,1.2246407022997146,-0.1942585317543298,0.0,0.0,0.0,1.0,0.0,0.0,1.0,0.0,Rio de Janeiro
0.9595511072239065,0.8991883171521112,1.6871192938622424,1.0,0.0,0.0,0.0,0.0,1.0,0.0,0.0,Bali
0.8273250730738002,1.4946969367838958,0.5582925984922991,0.0,0.0,0.0,0.0,1.0,0.0,0.0,1.0,Rome
-0.4288222513522094,0.6045115712619646,-0.5705340968776442,0.0,1.0,0.0,0.0,0.0,0.0,0.0,1.0,Londres
0.49675998769853447,1.2623408603900987,1.18541854036449,0.0,0.0,0.0,1.0,0.0,0.0,0.0,1.0,Paris
1.157890158449066,0.7491570757720105,0.8091429752411754,0.0,0.0,1.0,0.0,0.0,0.0,0.0,1.0,Rio de Janeiro
0.3645339535484282,-1.3305067470506171,-0.9468096620009587,0.0,1.0,0.0,0.0,0.0,1.0,0.0,0.0,Tokyo
1.5545682608993847,0.7260753463289181,1.0599933519900517,1.0,0.0,0.0,0.0,0.0,0.0,0.0,1.0,Rio de Janeiro
-0.3627092342771563,-0.8488679926714219,-1.5739356038731493,0.0,0.0,0.0,0.0,1.0,0.0,0.0,1.0,Sydney
1.3562292096742252,-0.5418809910782926,-1.197660038749835,0.0,1.0,0.0,0.0,0.0,1.0,0.0,0.0,Barcelone
1.2901161925991722,0.6514444211295859,0.9345681636156136,1.0,0.0,0.0,0.0,0.0,0.0,0.0,1.0,Le Caire
-1.5527435416281128,1.3046573643691015,-0.31968372012876795,0.0,0.0,0.0,1.0,0.0,0.0,0.0,1.0,Londres
-0.4949352684272626,-1.0858404149538374,-1.6993607922475875,0.0,0.0,1.0,0.0,0.0,0.0,1.0,0.0,Barcelone
1.3562292096742252,0.8599493770988541,0.43286741011786095,0.0,0.0,1.0,0.0,0.0,1.0,0.0,0.0,Tokyo
-0.9577263879526345,1.1484709951375094,0.18201703336898464,1.0,0.0,0.0,0.0,0.0,0.0,1.0,0.0,Londres
1.5545682608993847,-1.2551064308698485,1.310843728738928,0.0,1.0,0.0,0.0,0.0,1.0,0.0,0.0,Paris
1.5545682608993847,1.4862336359880954,-1.4485104154987114,1.0,0.0,0.0,0.0,0.0,1.0,0.0,0.0,Rio de Janeiro
0.49675998769853447,0.8461003394329987,-1.5739356038731493,1.0,0.0,0.0,0.0,0.0,0.0,1.0,0.0,Londres
-0.09825716597694376,1.3562065601253412,-1.3230852271242732,0.0,0.0,0.0,1.0,0.0,0.0,1.0,0.0,Sydney
-1.5527435416281128,0.46448241264053725,1.4362689171133662,0.0,1.0,0.0,0.0,0.0,0.0,0.0,1.0,Rome
-0.5610482855023157,0.8999577081335477,1.4362689171133662,0.0,0.0,0.0,0.0,1.0,1.0,0.0,0.0,Le Caire
0.10008188524821567,-0.2925983130928944,-0.1942585317543298,0.0,0.0,1.0,0.0,0.0,0.0,0.0,1.0,Rio de Janeiro
0.033968868173162525,0.05285823757205561,-1.5739356038731493,0.0,1.0,0.0,0.0,0.0,1.0,0.0,0.0,Barcelone
-0.693274319652422,-0.3526108096449347,1.310843728738928,0.0,0.0,0.0,1.0,0.0,0.0,0.0,1.0,Londres
-0.4288222513522094,-0.9081110982420257,0.9345681636156136,0.0,0.0,1.0,0.0,0.0,0.0,1.0,0.0,Paris
-0.09825716597694376,-0.64113242768359,-1.3230852271242732,1.0,0.0,0.0,0.0,0.0,0.0,0.0,1.0,Sydney
0.033968868173162525,0.9838213251101169,0.9345681636156136,1.0,0.0,0.0,0.0,0.0,0.0,0.0,1.0,Le Caire
1.686794295049491,-0.5795811491686769,-0.6959592852520824,0.0,0.0,1.0,0.0,0.0,1.0,0.0,0.0,Rome
0.8273250730738002,-0.011770604868603188,1.6871192938622424,0.0,0.0,1.0,0.0,0.0,1.0,0.0,0.0,Rio de Janeiro
-0.9577263879526345,1.333124830682249,-0.8213844736265206,0.0,0.0,0.0,1.0,0.0,1.0,0.0,0.0,Tokyo
-1.5527435416281128,0.8137859182126693,-0.31968372012876795,0.0,0.0,1.0,0.0,0.0,0.0,0.0,1.0,Bali
-0.6271613025773689,0.7614673314749931,1.4362689171133662,0.0,0.0,0.0,0.0,1.0,0.0,0.0,1.0,Le Caire
-0.4949352684272626,1.4746927712665492,1.6871192938622424,0.0,1.0,0.0,0.0,0.0,0.0,0.0,1.0,New York
0.033968868173162525,-1.6521121772910383,-1.4485104154987114,0.0,0.0,0.0,0.0,1.0,0.0,0.0,1.0,Le Caire
0.2984209364733751,1.0538359044208305,-0.4451089085032061,0.0,0.0,0.0,0.0,1.0,0.0,0.0,1.0,Sydney
-0.4949352684272626,0.8584105951359813,1.18541854036449,1.0,0.0,0.0,0.0,0.0,0.0,0.0,1.0,Londres
-1.222178456252847,-1.475152251560663,-0.1942585317543298,0.0,0.0,0.0,1.0,0.0,0.0,0.0,1.0,Le Caire
-1.5527435416281128,0.23366511820961294,-0.6959592852520824,0.0,0.0,1.0,0.0,0.0,1.0,0.0,0.0,Rome
1.0917771413740127,0.5221867362482683,-0.9468096620009587,0.0,1.0,0.0,0.0,0.0,0.0,1.0,0.0,Barcelone
-0.6271613025773689,1.6539608699412336,-1.6993607922475875,1.0,0.0,0.0,0.0,0.0,0.0,0.0,1.0,Le Caire
1.3562292096742252,-1.538242312038449,-0.8213844736265206,0.0,1.0,0.0,0.0,0.0,0.0,1.0,0.0,Tokyo
-1.5527435416281128,1.121542310787235,1.0599933519900517,1.0,0.0,0.0,0.0,0.0,1.0,0.0,0.0,Rome
0.1661949023232688,0.6468280752409674,0.5582925984922991,1.0,0.0,0.0,0.0,0.0,0.0,1.0,0.0,Barcelone
-0.23048320012705004,0.7930123617138861,0.9345681636156136,1.0,0.0,0.0,0.0,0.0,1.0,0.0,0.0,Rome
0.10008188524821567,0.018235643407416968,0.8091429752411754,1.0,0.0,0.0,0.0,0.0,1.0,0.0,0.0,Rome
0.1661949023232688,1.0407562577364116,1.310843728738928,0.0,0.0,1.0,0.0,0.0,1.0,0.0,0.0,Rio de Janeiro
-0.9577263879526345,0.16441992988033569,0.9345681636156136,0.0,0.0,0.0,0.0,1.0,0.0,0.0,1.0,Le Caire
1.5545682608993847,-0.6834489316625928,-0.8213844736265206,1.0,0.0,0.0,0.0,0.0,0.0,0.0,1.0,Sydney
-0.7593873367274752,-0.8157841804696561,1.5616941054878042,1.0,0.0,0.0,0.0,0.0,1.0,0.0,0.0,Le Caire
-1.684969575778219,-0.36492106534791735,-0.4451089085032061,1.0,0.0,0.0,0.0,0.0,0.0,1.0,0.0,Tokyo
1.224003175524119,1.533935876837153,-0.31968372012876795,0.0,1.0,0.0,0.0,0.0,0.0,0.0,1.0,Bali
-0.7593873367274752,0.4021617431441877,0.3074422217434228,1.0,0.0,0.0,0.0,0.0,0.0,1.0,0.0,Londres
1.0917771413740127,-0.5364952542082377,-0.31968372012876795,0.0,1.0,0.0,0.0,0.0,0.0,0.0,1.0,New York
-1.618856558703166,0.3221450810748006,0.3074422217434228,0.0,0.0,0.0,0.0,1.0,1.0,0.0,0.0,Rome
0.43064697062348134,1.6393424412939417,1.6871192938622424,0.0,1.0,0.0,0.0,0.0,1.0,0.0,0.0,Tokyo
-0.032144148901890615,0.03208468107327243,0.056591844994546496,0.0,0.0,0.0,0.0,1.0,1.0,0.0,0.0,Rio de Janeiro
-0.7593873367274752,0.9399660391682412,-1.5739356038731493,0.0,1.0,0.0,0.0,0.0,0.0,1.0,0.0,Tokyo
-0.4288222513522094,-0.4341662536771946,-0.9468096620009587,1.0,0.0,0.0,0.0,0.0,0.0,1.0,0.0,Rio de Janeiro
1.620681277974438,1.5308583129114073,1.310843728738928,0.0,0.0,0.0,0.0,1.0,0.0,1.0,0.0,Londres
0.10008188524821567,-0.8681027672073323,0.18201703336898464,0.0,0.0,0.0,0.0,1.0,1.0,0.0,0.0,Londres
0.033968868173162525,-0.8742578950588236,-1.197660038749835,1.0,0.0,0.0,0.0,0.0,0.0,1.0,0.0,Paris
0.1661949023232688,0.41754956277291594,1.6871192938622424,0.0,0.0,0.0,1.0,0.0,1.0,0.0,0.0,Paris
-1.684969575778219,1.3362023946079946,1.0599933519900517,1.0,0.0,0.0,0.0,0.0,0.0,0.0,1.0,Rome
0.5628730047735876,0.3383022916849653,-1.4485104154987114,0.0,0.0,1.0,0.0,0.0,0.0,1.0,0.0,Le Caire
0.23230791939832193,-0.3487638547377526,-1.5739356038731493,1.0,0.0,0.0,0.0,0.0,0.0,0.0,1.0,Bali
1.2901161925991722,-0.928884654740809,-0.06883334337989165,0.0,0.0,0.0,1.0,0.0,0.0,0.0,1.0,Londres
1.0256641242989597,-1.172012204874716,0.43286741011786095,0.0,0.0,0.0,0.0,1.0,1.0,0.0,0.0,Rio de Janeiro
1.620681277974438,-1.584405770924634,-0.31968372012876795,1.0,0.0,0.0,0.0,0.0,0.0,0.0,1.0,Tokyo
0.23230791939832193,0.3406104646292745,-0.6959592852520824,0.0,0.0,0.0,0.0,1.0,0.0,0.0,1.0,Paris
1.3562292096742252,-1.4997727629666284,0.056591844994546496,1.0,0.0,0.0,0.0,0.0,1.0,0.0,0.0,Rio de Janeiro
1.3562292096742252,-0.38338644890239126,-0.6959592852520824,1.0,0.0,0.0,0.0,0.0,0.0,0.0,1.0,New York
1.620681277974438,0.029007117147526768,0.6837177868667372,1.0,0.0,0.0,0.0,0.0,0.0,0.0,1.0,Londres
1.686794295049491,-0.32337395235035093,0.5582925984922991,1.0,0.0,0.0,0.0,0.0,0.0,1.0,0.0,Paris
1.4884552438243315,-1.1935551523549355,1.6871192938622424,0.0,0.0,0.0,0.0,1.0,0.0,1.0,0.0,Rio de Janeiro
-1.4866305245530596,0.46448241264053725,-0.1942585317543298,0.0,0.0,0.0,1.0,0.0,1.0,0.0,0.0,Rome
-1.684969575778219,-1.6321080117736915,0.9345681636156136,0.0,1.0,0.0,0.0,0.0,0.0,0.0,1.0,Rio de Janeiro
0.033968868173162525,-0.3526108096449347,-0.6959592852520824,0.0,0.0,1.0,0.0,0.0,0.0,0.0,1.0,Bali
-1.4866305245530596,-0.49571753219210773,-0.06883334337989165,0.0,1.0,0.0,0.0,0.0,0.0,0.0,1.0,Londres
-0.3627092342771563,0.5298806460626324,-1.197660038749835,0.0,0.0,1.0,0.0,0.0,0.0,0.0,1.0,Barcelone
-1.3544044904029533,-1.6321080117736915,0.3074422217434228,0.0,0.0,0.0,1.0,0.0,0.0,0.0,1.0,Barcelone
1.2901161925991722,1.2746511160930813,1.310843728738928,0.0,0.0,0.0,1.0,0.0,0.0,1.0,0.0,Tokyo
1.5545682608993847,-1.7113552828616423,0.18201703336898464,1.0,0.0,0.0,0.0,0.0,0.0,0.0,1.0,Barcelone
-1.4866305245530596,-0.2879819672042759,1.0599933519900517,0.0,0.0,0.0,1.0,0.0,0.0,0.0,1.0,Paris
1.2901161925991722,-0.5665015024842579,1.18541854036449,0.0,1.0,0.0,0.0,0.0,1.0,0.0,0.0,Bali
0.49675998769853447,-0.9635072489054476,-1.197660038749835,0.0,0.0,0.0,0.0,1.0,0.0,1.0,0.0,Barcelone
0.033968868173162525,-0.8888763237061155,0.18201703336898464,0.0,0.0,1.0,0.0,0.0,0.0,1.0,0.0,Le Caire
1.5545682608993847,0.8961107532263656,0.9345681636156136,1.0,0.0,0.0,0.0,0.0,0.0,0.0,1.0,Rome
-1.0238394050276878,0.4791008412878291,-0.4451089085032061,0.0,1.0,0.0,0.0,0.0,1.0,0.0,0.0,Sydney
-0.8255003538025283,0.8768759786904553,-0.8213844736265206,1.0,0.0,0.0,0.0,0.0,0.0,0.0,1.0,Bali
0.43064697062348134,-1.5720955152216514,-1.197660038749835,0.0,0.0,1.0,0.0,0.0,0.0,0.0,1.0,Rome
-1.684969575778219,1.2900389357218096,-0.5705340968776442,1.0,0.0,0.0,0.0,0.0,0.0,1.0,0.0,Bali
0.033968868173162525,-1.1635489040789153,1.18541854036449,0.0,0.0,0.0,0.0,1.0,1.0,0.0,0.0,Bali
0.49675998769853447,0.5352663829326874,-0.4451089085032061,1.0,0.0,0.0,0.0,0.0,0.0,1.0,0.0,New York
0.7612120559987471,-1.4366827024888424,-0.31968372012876795,0.0,0.0,0.0,0.0,1.0,1.0,0.0,0.0,Barcelone
0.10008188524821567,-1.52516266535403,-0.5705340968776442,0.0,0.0,0.0,1.0,0.0,0.0,0.0,1.0,Barcelone
-0.4949352684272626,1.5254725760413526,-1.5739356038731493,1.0,0.0,0.0,0.0,0.0,1.0,0.0,0.0,Londres
1.3562292096742252,0.48756414208362964,-1.6993607922475875,0.0,0.0,0.0,0.0,1.0,0.0,1.0,0.0,Londres
0.49675998769853447,-1.3089637995703975,-1.072234850375397,0.0,0.0,0.0,0.0,1.0,0.0,1.0,0.0,Bali
-0.6271613025773689,0.9553538587969695,0.18201703336898464,0.0,0.0,0.0,0.0,1.0,1.0,0.0,0.0,Rio de Janeiro
-1.156065439177794,1.6370342683496326,-0.1942585317543298,1.0,0.0,0.0,0.0,0.0,0.0,0.0,1.0,Tokyo
-1.3544044904029533,1.1369301304159634,1.5616941054878042,0.0,0.0,0.0,0.0,1.0,0.0,0.0,1.0,Rome
-1.2882914733279003,0.22674059937668523,1.5616941054878042,0.0,0.0,1.0,0.0,0.0,0.0,0.0,1.0,Londres
-0.9577263879526345,1.1653975967291106,0.9345681636156136,1.0,0.0,0.0,0.0,0.0,0.0,0.0,1.0,Rio de Janeiro
0.8934380901488533,0.911498572855094,0.056591844994546496,1.0,0.0,0.0,0.0,0.0,0.0,1.0,0.0,New York
0.49675998769853447,-0.3980048775496831,0.3074422217434228,0.0,0.0,0.0,0.0,1.0,0.0,0.0,1.0,Sydney
1.620681277974438,-1.1820142876333892,0.5582925984922991,0.0,0.0,0.0,1.0,0.0,0.0,0.0,1.0,Barcelone
-0.7593873367274752,1.6170301028322858,0.43286741011786095,0.0,0.0,0.0,1.0,0.0,1.0,0.0,0.0,Tokyo
-1.156065439177794,-1.7382839672119168,-0.8213844736265206,1.0,0.0,0.0,0.0,0.0,0.0,0.0,1.0,Tokyo
-0.09825716597694376,0.4344761643645171,1.6871192938622424,0.0,0.0,1.0,0.0,0.0,0.0,0.0,1.0,Barcelone
0.3645339535484282,-1.346663957660782,-0.5705340968776442,0.0,1.0,0.0,0.0,0.0,0.0,0.0,1.0,Londres
-0.4949352684272626,-1.094303715749638,0.43286741011786095,0.0,1.0,0.0,0.0,0.0,0.0,1.0,0.0,Barcelone
-1.156065439177794,-0.49110118630348926,0.056591844994546496,0.0,0.0,1.0,0.0,0.0,0.0,0.0,1.0,Rio de Janeiro
1.620681277974438,1.2708041611858993,1.6871192938622424,0.0,1.0,0.0,0.0,0.0,1.0,0.0,0.0,Barcelone
1.0917771413740127,-0.4987950961178534,-0.8213844736265206,0.0,0.0,1.0,0.0,0.0,0.0,0.0,1.0,New York
-0.09825716597694376,0.32368386303767344,0.5582925984922991,0.0,0.0,1.0,0.0,0.0,1.0,0.0,0.0,Rio de Janeiro
1.2901161925991722,-0.2656696287426199,1.18541854036449,0.0,0.0,0.0,0.0,1.0,0.0,0.0,1.0,Rio de Janeiro
-0.9577263879526345,0.9307333473910042,0.6837177868667372,1.0,0.0,0.0,0.0,0.0,1.0,0.0,0.0,Sydney
-1.4205175074780065,-1.0427545199933983,0.6837177868667372,0.0,0.0,0.0,0.0,1.0,1.0,0.0,0.0,Londres
1.3562292096742252,-1.601332372516235,1.4362689171133662,0.0,0.0,0.0,0.0,1.0,1.0,0.0,0.0,Rome
-1.4866305245530596,-0.6103567884261335,-0.6959592852520824,0.0,1.0,0.0,0.0,0.0,0.0,1.0,0.0,New York
-0.4949352684272626,0.6060503532248375,-0.4451089085032061,0.0,0.0,1.0,0.0,0.0,1.0,0.0,0.0,Barcelone
-0.6271613025773689,-1.2220226186680827,0.056591844994546496,0.0,0.0,1.0,0.0,0.0,0.0,0.0,1.0,Bali
-0.29659621720210316,1.0876891076040327,-0.06883334337989165,0.0,0.0,1.0,0.0,0.0,0.0,1.0,0.0,Rome
1.157890158449066,0.16980566675039058,-1.6993607922475875,0.0,0.0,0.0,0.0,1.0,1.0,0.0,0.0,Barcelone
1.0917771413740127,-0.3149106515545504,0.3074422217434228,0.0,1.0,0.0,0.0,0.0,0.0,0.0,1.0,Paris
-1.0238394050276878,0.2567468476527054,1.310843728738928,0.0,0.0,1.0,0.0,0.0,0.0,0.0,1.0,Sydney
1.620681277974438,-1.283573897182996,0.6837177868667372,1.0,0.0,0.0,0.0,0.0,0.0,1.0,0.0,Bali
-0.8916133708775814,-0.021003296645840157,1.5616941054878042,0.0,0.0,0.0,0.0,1.0,1.0,0.0,0.0,Bali
-0.4949352684272626,1.4554579967306387,-0.31968372012876795,0.0,0.0,1.0,0.0,0.0,0.0,1.0,0.0,Rome
0.7612120559987471,0.6306708646308027,1.18541854036449,0.0,0.0,0.0,1.0,0.0,1.0,0.0,0.0,Bali
1.4223422267492785,0.6652934587954413,0.43286741011786095,0.0,1.0,0.0,0.0,0.0,0.0,1.0,0.0,Bali
-0.09825716597694376,1.5254725760413526,0.8091429752411754,1.0,0.0,0.0,0.0,0.0,0.0,0.0,1.0,Barcelone
1.4223422267492785,-0.5995853146860237,1.18541854036449,0.0,0.0,0.0,1.0,0.0,0.0,1.0,0.0,Paris
0.6289860218486407,-1.3689762961224379,-0.4451089085032061,0.0,0.0,0.0,0.0,1.0,1.0,0.0,0.0,Tokyo
0.9595511072239065,-0.9273458727779361,0.43286741011786095,0.0,0.0,1.0,0.0,0.0,0.0,1.0,0.0,Barcelone
0.43064697062348134,-0.12256290619544684,1.5616941054878042,0.0,0.0,0.0,0.0,1.0,1.0,0.0,0.0,Londres
-0.8255003538025283,-1.2004796711878631,0.9345681636156136,0.0,0.0,1.0,0.0,0.0,1.0,0.0,0.0,Bali
-0.29659621720210316,-0.0394686802003141,-1.4485104154987114,0.0,0.0,0.0,1.0,0.0,0.0,1.0,0.0,Sydney
0.43064697062348134,1.6070280200736125,0.5582925984922991,1.0,0.0,0.0,0.0,0.0,1.0,0.0,0.0,New York
0.23230791939832193,0.27136527629999724,0.056591844994546496,1.0,0.0,0.0,0.0,0.0,0.0,0.0,1.0,Tokyo
-1.0899524221027408,-1.0004380160143955,0.18201703336898464,0.0,1.0,0.0,0.0,0.0,1.0,0.0,0.0,Tokyo
-1.684969575778219,1.0092112274975185,1.5616941054878042,0.0,0.0,0.0,0.0,1.0,0.0,1.0,0.0,Rio de Janeiro
0.10008188524821567,-1.1512386483759327,0.3074422217434228,0.0,0.0,0.0,0.0,1.0,0.0,0.0,1.0,Londres
-0.693274319652422,-0.6457487735722085,0.056591844994546496,0.0,0.0,0.0,0.0,1.0,0.0,0.0,1.0,Bali
1.0917771413740127,0.3960066152926964,1.310843728738928,1.0,0.0,0.0,0.0,0.0,0.0,0.0,1.0,New York
0.43064697062348134,0.6691404137026234,-0.9468096620009587,0.0,0.0,0.0,0.0,1.0,0.0,1.0,0.0,Rio de Janeiro
-0.693274319652422,-0.22181434280074427,-0.31968372012876795,0.0,0.0,0.0,1.0,0.0,0.0,0.0,1.0,Bali
0.8273250730738002,-0.6842183226440293,1.5616941054878042,0.0,0.0,1.0,0.0,0.0,0.0,0.0,1.0,Le Caire
-0.29659621720210316,-1.7152022377688243,-0.8213844736265206,0.0,1.0,0.0,0.0,0.0,0.0,1.0,0.0,Rome
0.7612120559987471,-0.5341870812639284,-1.4485104154987114,0.0,1.0,0.0,0.0,0.0,1.0,0.0,0.0,Rome
0.5628730047735876,0.19519556913779224,1.18541854036449,0.0,0.0,0.0,0.0,1.0,1.0,0.0,0.0,Rio de Janeiro
-0.4288222513522094,0.5675808041530167,-0.5705340968776442,0.0,0.0,1.0,0.0,0.0,0.0,1.0,0.0,Paris
-1.618856558703166,0.7783939330665942,-0.5705340968776442,0.0,0.0,1.0,0.0,0.0,0.0,0.0,1.0,Sydney
0.3645339535484282,0.1444157643629889,1.0599933519900517,0.0,0.0,0.0,0.0,1.0,1.0,0.0,0.0,Tokyo
0.43064697062348134,1.0553746863837035,-0.31968372012876795,0.0,1.0,0.0,0.0,0.0,1.0,0.0,0.0,Sydney
-1.0899524221027408,0.1821159224533732,-0.6959592852520824,0.0,0.0,0.0,1.0,0.0,1.0,0.0,0.0,Londres
1.5545682608993847,1.1677057696734199,-1.072234850375397,0.0,0.0,0.0,1.0,0.0,0.0,1.0,0.0,Sydney
1.620681277974438,1.6701180805513984,0.5582925984922991,0.0,0.0,0.0,0.0,1.0,1.0,0.0,0.0,New York
1.686794295049491,1.336971785589431,-0.31968372012876795,0.0,1.0,0.0,0.0,0.0,1.0,0.0,0.0,Rio de Janeiro
-0.16437018305199688,0.5598868943386526,-1.5739356038731493,0.0,0.0,0.0,0.0,1.0,0.0,1.0,0.0,Rome
0.9595511072239065,0.6129748720577651,0.6837177868667372,0.0,0.0,0.0,1.0,0.0,0.0,0.0,1.0,Paris
-0.7593873367274752,-0.8334801730426936,-0.1942585317543298,0.0,0.0,0.0,0.0,1.0,1.0,0.0,0.0,Tokyo
0.8934380901488533,0.29367761476165327,1.18541854036449,0.0,0.0,0.0,0.0,1.0,0.0,1.0,0.0,Barcelone
0.033968868173162525,-0.04408502608893258,0.9345681636156136,0.0,1.0,0.0,0.0,0.0,0.0,1.0,0.0,Rio de Janeiro
1.3562292096742252,-0.9888971512928493,0.9345681636156136,0.0,0.0,0.0,1.0,0.0,1.0,0.0,0.0,Bali
-1.4205175074780065,-0.8350189550055664,-0.5705340968776442,0.0,0.0,0.0,1.0,0.0,1.0,0.0,0.0,Bali
0.033968868173162525,-0.2556675459839465,1.5616941054878042,0.0,0.0,0.0,1.0,0.0,1.0,0.0,0.0,Rome
-1.222178456252847,-0.6865264955883384,-0.6959592852520824,0.0,0.0,0.0,0.0,1.0,0.0,0.0,1.0,Sydney
0.8934380901488533,-0.17334271097025017,-0.5705340968776442,0.0,1.0,0.0,0.0,0.0,0.0,1.0,0.0,Londres
1.5545682608993847,-0.9627378579240112,-1.4485104154987114,0.0,0.0,0.0,0.0,1.0,1.0,0.0,0.0,Rome
-1.156065439177794,0.6806812784241696,-0.1942585317543298,0.0,0.0,0.0,0.0,1.0,0.0,1.0,0.0,Sydney
-1.156065439177794,0.021313207333162627,0.6837177868667372,0.0,0.0,0.0,0.0,1.0,0.0,0.0,1.0,New York
0.5628730047735876,-1.2851126791458687,-0.8213844736265206,0.0,1.0,0.0,0.0,0.0,1.0,0.0,0.0,New York
1.157890158449066,-0.83424956402413,-0.4451089085032061,0.0,0.0,0.0,1.0,0.0,1.0,0.0,0.0,Sydney
1.224003175524119,1.2446448678170612,-1.4485104154987114,1.0,0.0,0.0,0.0,0.0,0.0,1.0,0.0,New York
-1.2882914733279003,1.6955079829388,-0.9468096620009587,0.0,1.0,0.0,0.0,0.0,1.0,0.0,0.0,Bali
0.695099038923694,0.2352039001724858,1.6871192938622424,0.0,0.0,1.0,0.0,0.0,1.0,0.0,0.0,Paris
0.8273250730738002,1.095383017418397,-1.3230852271242732,0.0,0.0,0.0,0.0,1.0,0.0,0.0,1.0,Londres
0.10008188524821567,0.81147774526836,0.6837177868667372,1.0,0.0,0.0,0.0,0.0,1.0,0.0,0.0,Barcelone
-0.6271613025773689,-1.4482235672103885,0.5582925984922991,0.0,0.0,0.0,1.0,0.0,1.0,0.0,0.0,Rio de Janeiro
-0.6271613025773689,0.4606354577333552,0.8091429752411754,0.0,0.0,0.0,0.0,1.0,0.0,0.0,1.0,New York
-1.618856558703166,1.6239546216652134,-0.06883334337989165,0.0,0.0,1.0,0.0,0.0,0.0,0.0,1.0,Rio de Janeiro
-0.16437018305199688,1.305426755350538,-1.072234850375397,0.0,0.0,0.0,0.0,1.0,0.0,1.0,0.0,Bali
0.49675998769853447,-0.2764411024827297,-0.31968372012876795,1.0,0.0,0.0,0.0,0.0,1.0,0.0,0.0,New York
-0.4288222513522094,-0.47340519373045176,0.18201703336898464,1.0,0.0,0.0,0.0,0.0,0.0,1.0,0.0,Sydney
-0.5610482855023157,-1.0173646176059965,-1.072234850375397,0.0,1.0,0.0,0.0,0.0,0.0,0.0,1.0,Sydney
1.4223422267492785,0.10517682430973178,1.5616941054878042,0.0,0.0,0.0,0.0,1.0,0.0,0.0,1.0,Londres
0.8273250730738002,0.5529623755057249,-0.8213844736265206,0.0,0.0,1.0,0.0,0.0,0.0,0.0,1.0,Paris
0.9595511072239065,0.9592008137041516,-1.072234850375397,0.0,0.0,0.0,0.0,1.0,1.0,0.0,0.0,Barcelone
-0.9577263879526345,1.270034770204463,-0.06883334337989165,1.0,0.0,0.0,0.0,0.0,0.0,1.0,0.0,Rome
-1.5527435416281128,0.9738192423514435,0.056591844994546496,1.0,0.0,0.0,0.0,0.0,1.0,0.0,0.0,Bali
-1.3544044904029533,-1.5759424701288334,-0.4451089085032061,1.0,0.0,0.0,0.0,0.0,0.0,1.0,0.0,Londres
-0.032144148901890615,0.43293738240164426,0.18201703336898464,0.0,1.0,0.0,0.0,0.0,0.0,1.0,0.0,New York
1.224003175524119,1.6085668020364852,-1.5739356038731493,0.0,0.0,0.0,0.0,1.0,1.0,0.0,0.0,Barcelone
-0.23048320012705004,-0.18411418471035998,0.5582925984922991,1.0,0.0,0.0,0.0,0.0,0.0,0.0,1.0,New York
0.7612120559987471,1.0115194004418278,0.5582925984922991,0.0,0.0,0.0,1.0,0.0,1.0,0.0,0.0,Londres
1.4884552438243315,-0.5372646451896741,-1.197660038749835,1.0,0.0,0.0,0.0,0.0,1.0,0.0,0.0,Sydney
-0.4288222513522094,-1.4443766123032065,1.310843728738928,0.0,1.0,0.0,0.0,0.0,0.0,0.0,1.0,Paris
-0.7593873367274752,0.569888977097326,0.8091429752411754,0.0,1.0,0.0,0.0,0.0,1.0,0.0,0.0,Le Caire
1.5545682608993847,-0.4941787502292349,0.056591844994546496,1.0,0.0,0.0,0.0,0.0,0.0,0.0,1.0,Sydney
1.5545682608993847,1.5139317113198063,0.9345681636156136,1.0,0.0,0.0,0.0,0.0,1.0,0.0,0.0,Rio de Janeiro
-0.5610482855023157,0.421396517680098,0.3074422217434228,0.0,0.0,0.0,1.0,0.0,0.0,0.0,1.0,New York
0.5628730047735876,0.6637546768325685,1.0599933519900517,0.0,1.0,0.0,0.0,0.0,0.0,1.0,0.0,New York
-1.684969575778219,-1.5928690717204343,0.5582925984922991,0.0,0.0,0.0,0.0,1.0,0.0,0.0,1.0,Londres
1.2901161925991722,-0.2656696287426199,-0.06883334337989165,0.0,0.0,0.0,1.0,0.0,1.0,0.0,0.0,Rome
-0.23048320012705004,-0.36261289240360806,0.43286741011786095,0.0,1.0,0.0,0.0,0.0,1.0,0.0,0.0,Tokyo
0.23230791939832193,-0.8627170303372773,-1.072234850375397,0.0,0.0,0.0,0.0,1.0,0.0,0.0,1.0,New York
-1.222178456252847,0.538343946858433,1.6871192938622424,0.0,1.0,0.0,0.0,0.0,0.0,0.0,1.0,Tokyo
-0.7593873367274752,1.54316856861439,1.310843728738928,0.0,1.0,0.0,0.0,0.0,0.0,0.0,1.0,Rome
1.0256641242989597,1.0669155511052495,1.5616941054878042,0.0,0.0,0.0,0.0,1.0,0.0,1.0,0.0,Sydney
-0.4288222513522094,0.776085760122285,1.18541854036449,1.0,0.0,0.0,0.0,0.0,1.0,0.0,0.0,Tokyo
0.6289860218486407,-0.36492106534791735,-1.5739356038731493,0.0,0.0,1.0,0.0,0.0,0.0,1.0,0.0,New York
0.43064697062348134,1.2715735521673357,-1.3230852271242732,0.0,1.0,0.0,0.0,0.0,1.0,0.0,0.0,Rio de Janeiro
1.0917771413740127,-0.6126649613704427,-0.8213844736265206,0.0,0.0,1.0,0.0,0.0,0.0,0.0,1.0,Barcelone
-0.4949352684272626,-1.4012907173427673,-0.1942585317543298,1.0,0.0,0.0,0.0,0.0,0.0,1.0,0.0,Barcelone
0.43064697062348134,1.2377203489841335,-0.06883334337989165,0.0,0.0,1.0,0.0,0.0,0.0,1.0,0.0,New York
0.49675998769853447,-0.8257862632283295,-0.06883334337989165,0.0,1.0,0.0,0.0,0.0,1.0,0.0,0.0,Bali
-1.222178456252847,1.4169884476588182,-1.5739356038731493,0.0,1.0,0.0,0.0,0.0,0.0,1.0,0.0,Paris
0.7612120559987471,0.9076516179479118,-1.5739356038731493,0.0,0.0,0.0,1.0,0.0,1.0,0.0,0.0,Londres
0.5628730047735876,1.2584939054829167,0.3074422217434228,0.0,1.0,0.0,0.0,0.0,0.0,0.0,1.0,Le Caire
0.23230791939832193,-0.13025681600981098,-0.31968372012876795,1.0,0.0,0.0,0.0,0.0,0.0,0.0,1.0,Bali
-1.3544044904029533,0.8245573919527791,0.6837177868667372,1.0,0.0,0.0,0.0,0.0,0.0,0.0,1.0,Rio de Janeiro
-1.3544044904029533,-1.018134008587433,0.3074422217434228,1.0,0.0,0.0,0.0,0.0,0.0,0.0,1.0,Rome
-0.3627092342771563,0.7960899256396318,1.18541854036449,0.0,0.0,1.0,0.0,0.0,0.0,1.0,0.0,Le Caire
-0.5610482855023157,0.13749124553006117,-0.9468096620009587,0.0,0.0,1.0,0.0,0.0,0.0,0.0,1.0,Rome
1.3562292096742252,-0.0233114695901494,-1.197660038749835,0.0,0.0,0.0,1.0,0.0,0.0,1.0,0.0,New York
-1.4866305245530596,-0.26797780168692914,-0.9468096620009587,0.0,0.0,0.0,0.0,1.0,1.0,0.0,0.0,Paris
-0.4949352684272626,-1.0412157380305254,-1.3230852271242732,0.0,0.0,1.0,0.0,0.0,1.0,0.0,0.0,Paris
1.4223422267492785,-0.498025705136417,-1.3230852271242732,0.0,0.0,1.0,0.0,0.0,1.0,0.0,0.0,Barcelone
0.7612120559987471,1.4108333198073268,1.18541854036449,0.0,1.0,0.0,0.0,0.0,1.0,0.0,0.0,Rome
0.43064697062348134,-0.555730028744148,0.3074422217434228,0.0,0.0,0.0,1.0,0.0,1.0,0.0,0.0,Paris
-0.9577263879526345,1.450072259860584,1.0599933519900517,0.0,0.0,1.0,0.0,0.0,1.0,0.0,0.0,Sydney
-0.7593873367274752,-0.04254624412605976,0.6837177868667372,0.0,1.0,0.0,0.0,0.0,0.0,1.0,0.0,New York
1.0256641242989597,0.36830853996098545,1.310843728738928,1.0,0.0,0.0,0.0,0.0,0.0,0.0,1.0,Barcelone
1.686794295049491,-1.5651709963887235,-0.06883334337989165,0.0,0.0,1.0,0.0,0.0,0.0,0.0,1.0,Barcelone
-0.09825716597694376,1.1015381452698882,0.3074422217434228,1.0,0.0,0.0,0.0,0.0,0.0,0.0,1.0,Rio de Janeiro
-0.23048320012705004,-0.3533802006263711,-0.06883334337989165,0.0,1.0,0.0,0.0,0.0,1.0,0.0,0.0,Paris
0.7612120559987471,1.4862336359880954,1.310843728738928,1.0,0.0,0.0,0.0,0.0,0.0,1.0,0.0,Bali
0.43064697062348134,0.5037213526937944,0.3074422217434228,0.0,1.0,0.0,0.0,0.0,0.0,0.0,1.0,Barcelone
-0.3627092342771563,-0.2764411024827297,0.6837177868667372,0.0,0.0,0.0,1.0,0.0,0.0,1.0,0.0,Rio de Janeiro
-0.032144148901890615,-0.524184998505255,-0.4451089085032061,0.0,0.0,0.0,0.0,1.0,1.0,0.0,0.0,Tokyo
1.4223422267492785,-1.1743203778190252,1.310843728738928,0.0,0.0,0.0,0.0,1.0,0.0,1.0,0.0,Barcelone
1.4223422267492785,-1.3812865518254205,-0.1942585317543298,0.0,0.0,0.0,1.0,0.0,0.0,1.0,0.0,Le Caire
0.1661949023232688,1.452380432804893,1.0599933519900517,1.0,0.0,0.0,0.0,0.0,0.0,1.0,0.0,Le Caire
-1.222178456252847,0.06593788425647465,-0.4451089085032061,0.0,0.0,1.0,0.0,0.0,0.0,1.0,0.0,Rio de Janeiro
0.10008188524821567,-1.4743828605792266,-1.6993607922475875,0.0,1.0,0.0,0.0,0.0,0.0,1.0,0.0,Rio de Janeiro
0.10008188524821567,0.7337692561432823,0.5582925984922991,0.0,0.0,1.0,0.0,0.0,0.0,1.0,0.0,Tokyo
1.686794295049491,-1.233563483389629,-1.3230852271242732,0.0,0.0,0.0,0.0,1.0,1.0,0.0,0.0,Le Caire
0.43064697062348134,0.02977650812896318,-0.5705340968776442,0.0,0.0,0.0,1.0,0.0,1.0,0.0,0.0,Le Caire
0.5628730047735876,-1.6698081698640759,-0.4451089085032061,1.0,0.0,0.0,0.0,0.0,0.0,0.0,1.0,Barcelone
-1.0899524221027408,-1.400521326361331,-1.6993607922475875,0.0,1.0,0.0,0.0,0.0,1.0,0.0,0.0,Bali
-0.4288222513522094,0.12287281688276931,0.5582925984922991,1.0,0.0,0.0,0.0,0.0,1.0,0.0,0.0,Rio de Janeiro
-0.4288222513522094,-1.1712428138932796,1.5616941054878042,0.0,0.0,0.0,1.0,0.0,0.0,0.0,1.0,Londres
0.6289860218486407,1.6947385919573636,-0.4451089085032061,0.0,0.0,0.0,0.0,1.0,0.0,0.0,1.0,Barcelone
-1.618856558703166,1.3615922969953962,-0.6959592852520824,0.0,1.0,0.0,0.0,0.0,0.0,1.0,0.0,Sydney
1.0256641242989597,0.10440743332829536,-1.6993607922475875,0.0,0.0,0.0,1.0,0.0,1.0,0.0,0.0,Paris
0.7612120559987471,1.0892278895669056,-0.9468096620009587,0.0,1.0,0.0,0.0,0.0,0.0,0.0,1.0,Bali
0.3645339535484282,-0.13872011680561153,0.6837177868667372,0.0,0.0,0.0,0.0,1.0,0.0,0.0,1.0,Barcelone
-1.684969575778219,-1.0866098059352738,-0.1942585317543298,0.0,1.0,0.0,0.0,0.0,0.0,0.0,1.0,Tokyo
0.695099038923694,-0.583428104075859,-0.06883334337989165,0.0,0.0,1.0,0.0,0.0,0.0,1.0,0.0,Barcelone
-1.156065439177794,0.21827729858088468,-0.6959592852520824,0.0,0.0,0.0,1.0,0.0,0.0,1.0,0.0,Sydney
-0.032144148901890615,-0.42647234386283045,-0.6959592852520824,0.0,0.0,1.0,0.0,0.0,0.0,1.0,0.0,Paris
1.3562292096742252,-0.7496165560661244,-0.06883334337989165,1.0,0.0,0.0,0.0,0.0,1.0,0.0,0.0,Bali
0.2984209364733751,0.5998952253733462,-1.072234850375397,0.0,1.0,0.0,0.0,0.0,1.0,0.0,0.0,Rio de Janeiro
1.157890158449066,0.7099181357187534,-1.6993607922475875,0.0,0.0,0.0,0.0,1.0,0.0,1.0,0.0,Rio de Janeiro
-0.6271613025773689,-0.8811824138917512,0.6837177868667372,0.0,1.0,0.0,0.0,0.0,0.0,1.0,0.0,Londres
-1.222178456252847,1.5516318694101905,0.6837177868667372,0.0,0.0,0.0,0.0,1.0,0.0,1.0,0.0,Le Caire
0.10008188524821567,-0.7349981274188325,1.4362689171133662,0.0,1.0,0.0,0.0,0.0,0.0,1.0,0.0,Barcelone
-0.16437018305199688,-1.107383362434057,1.310843728738928,0.0,0.0,0.0,1.0,0.0,1.0,0.0,0.0,Paris
-0.032144148901890615,-1.3782089878996748,-1.3230852271242732,0.0,1.0,0.0,0.0,0.0,0.0,1.0,0.0,Tokyo
-1.222178456252847,0.6983772709972071,1.5616941054878042,1.0,0.0,0.0,0.0,0.0,0.0,0.0,1.0,Tokyo
-0.3627092342771563,1.0946136264369606,0.8091429752411754,0.0,1.0,0.0,0.0,0.0,0.0,1.0,0.0,Londres
-1.684969575778219,1.1415464763045817,0.6837177868667372,1.0,0.0,0.0,0.0,0.0,0.0,0.0,1.0,Barcelone
1.686794295049491,-1.3589742133637646,-0.31968372012876795,0.0,0.0,0.0,0.0,1.0,0.0,0.0,1.0,Le Caire
-0.7593873367274752,1.1638588147662379,0.3074422217434228,0.0,0.0,0.0,0.0,1.0,0.0,1.0,0.0,Paris
0.8934380901488533,-1.3382006568649814,0.43286741011786095,0.0,0.0,1.0,0.0,0.0,0.0,0.0,1.0,New York
-0.8916133708775814,1.4292987033618008,0.3074422217434228,0.0,0.0,0.0,1.0,0.0,0.0,1.0,0.0,Sydney
0.2984209364733751,-1.6875041624371134,-0.06883334337989165,0.0,0.0,1.0,0.0,0.0,0.0,0.0,1.0,Paris
-1.5527435416281128,0.20827521582221128,1.4362689171133662,0.0,1.0,0.0,0.0,0.0,1.0,0.0,0.0,Bali
-0.29659621720210316,-0.9211907449264448,-0.1942585317543298,0.0,0.0,0.0,1.0,0.0,0.0,1.0,0.0,Le Caire
-0.8255003538025283,-1.5282402292797757,1.18541854036449,0.0,1.0,0.0,0.0,0.0,0.0,1.0,0.0,Barcelone
-1.3544044904029533,0.6129748720577651,0.3074422217434228,0.0,0.0,0.0,1.0,0.0,1.0,0.0,0.0,Le Caire
1.620681277974438,-0.5049502239693447,-0.06883334337989165,0.0,0.0,0.0,0.0,1.0,0.0,0.0,1.0,Londres
0.43064697062348134,1.4192966206031272,0.43286741011786095,0.0,1.0,0.0,0.0,0.0,1.0,0.0,0.0,Rio de Janeiro
1.620681277974438,-0.6018934876303329,-0.06883334337989165,0.0,1.0,0.0,0.0,0.0,0.0,1.0,0.0,Rome
1.2901161925991722,-1.4420684393588972,-1.5739356038731493,0.0,0.0,0.0,0.0,1.0,1.0,0.0,0.0,Rio de Janeiro
0.10008188524821567,0.8861086704676923,-1.6993607922475875,0.0,0.0,1.0,0.0,0.0,0.0,1.0,0.0,Rio de Janeiro
-0.4288222513522094,0.19442617815635582,-1.6993607922475875,0.0,0.0,1.0,0.0,0.0,0.0,1.0,0.0,Sydney
0.1661949023232688,-1.0581423396221266,0.6837177868667372,0.0,0.0,0.0,0.0,1.0,0.0,0.0,1.0,Barcelone
-0.23048320012705004,-0.1910387035432877,-0.5705340968776442,0.0,0.0,0.0,0.0,1.0,1.0,0.0,0.0,Paris
0.8273250730738002,-0.9342703916108639,-1.4485104154987114,0.0,0.0,0.0,0.0,1.0,0.0,1.0,0.0,Rio de Janeiro
-0.5610482855023157,-1.6536509592539113,-0.6959592852520824,1.0,0.0,0.0,0.0,0.0,1.0,0.0,0.0,Londres
0.8934380901488533,-1.1027670165454386,0.43286741011786095,0.0,0.0,1.0,0.0,0.0,1.0,0.0,0.0,Tokyo
-1.4866305245530596,-0.29490648603720365,-1.5739356038731493,0.0,0.0,1.0,0.0,0.0,0.0,1.0,0.0,New York
0.1661949023232688,0.7006854439415164,1.6871192938622424,0.0,0.0,0.0,0.0,1.0,0.0,0.0,1.0,Londres
-0.29659621720210316,1.4839254630437861,0.9345681636156136,0.0,0.0,0.0,0.0,1.0,0.0,1.0,0.0,Rome
0.49675998769853447,-1.1119997083226756,1.5616941054878042,0.0,0.0,0.0,1.0,0.0,1.0,0.0,0.0,Bali
-0.7593873367274752,-0.2225837337821807,-1.197660038749835,0.0,0.0,1.0,0.0,0.0,1.0,0.0,0.0,Rio de Janeiro
0.49675998769853447,-0.5372646451896741,0.6837177868667372,0.0,1.0,0.0,0.0,0.0,1.0,0.0,0.0,Londres
1.0917771413740127,-0.6003547056674601,0.9345681636156136,1.0,0.0,0.0,0.0,0.0,0.0,0.0,1.0,Le Caire
-1.4866305245530596,-1.5667097783515964,-0.6959592852520824,0.0,0.0,0.0,0.0,1.0,0.0,0.0,1.0,Sydney
-1.618856558703166,0.02208259831459904,-0.31968372012876795,0.0,0.0,0.0,0.0,1.0,0.0,0.0,1.0,Le Caire
0.9595511072239065,0.5206479542853955,-0.1942585317543298,0.0,0.0,0.0,1.0,0.0,0.0,1.0,0.0,Rio de Janeiro
-0.9577263879526345,0.0413173728505094,-0.6959592852520824,0.0,0.0,1.0,0.0,0.0,0.0,0.0,1.0,Londres
0.9595511072239065,0.8637963320060362,-1.197660038749835,0.0,0.0,0.0,1.0,0.0,1.0,0.0,0.0,Sydney
0.43064697062348134,0.1328748996414427,0.056591844994546496,1.0,0.0,0.0,0.0,0.0,1.0,0.0,0.0,Rome
0.10008188524821567,-1.5467056128342496,-1.197660038749835,0.0,0.0,1.0,0.0,0.0,0.0,0.0,1.0,Paris
-0.16437018305199688,0.9438129940754233,1.0599933519900517,0.0,1.0,0.0,0.0,0.0,0.0,0.0,1.0,Barcelone
0.8934380901488533,1.4331456582689828,-1.4485104154987114,0.0,0.0,0.0,1.0,0.0,0.0,1.0,0.0,Tokyo
0.033968868173162525,-0.672677457922483,0.6837177868667372,0.0,0.0,0.0,0.0,1.0,0.0,1.0,0.0,Paris
-0.16437018305199688,-0.5357258632268013,1.310843728738928,0.0,1.0,0.0,0.0,0.0,0.0,0.0,1.0,Paris
1.0917771413740127,-1.225869573575265,-0.1942585317543298,0.0,0.0,0.0,1.0,0.0,1.0,0.0,0.0,Le Caire
1.224003175524119,-0.6857571046069021,0.056591844994546496,0.0,0.0,1.0,0.0,0.0,1.0,0.0,0.0,Barcelone
1.686794295049491,-1.0681444223807999,1.18541854036449,0.0,1.0,0.0,0.0,0.0,1.0,0.0,0.0,New York
0.3645339535484282,-0.8873375417432426,-0.1942585317543298,0.0,1.0,0.0,0.0,0.0,0.0,1.0,0.0,New York
1.2901161925991722,-0.5072583969136539,1.4362689171133662,0.0,1.0,0.0,0.0,0.0,0.0,1.0,0.0,Londres
-1.684969575778219,-1.1196936181370396,0.43286741011786095,0.0,0.0,1.0,0.0,0.0,0.0,0.0,1.0,Rome
-0.9577263879526345,-0.2395103353737818,-0.8213844736265206,0.0,0.0,1.0,0.0,0.0,0.0,0.0,1.0,New York
0.6289860218486407,0.5714277590601988,-0.5705340968776442,0.0,0.0,1.0,0.0,0.0,0.0,0.0,1.0,Le Caire
-0.16437018305199688,0.47140693147346496,0.8091429752411754,0.0,0.0,0.0,0.0,1.0,0.0,0.0,1.0,New York
-1.684969575778219,-1.0696832043436728,-1.5739356038731493,0.0,0.0,0.0,1.0,0.0,1.0,0.0,0.0,Rome
0.3645339535484282,-0.36492106534791735,0.8091429752411754,0.0,0.0,0.0,1.0,0.0,0.0,0.0,1.0,Sydney
-1.156065439177794,0.5298806460626324,-0.4451089085032061,1.0,0.0,0.0,0.0,0.0,1.0,0.0,0.0,Bali
-0.6271613025773689,-1.296653543867415,1.5616941054878042,0.0,0.0,1.0,0.0,0.0,1.0,0.0,0.0,Rome
0.8273250730738002,-1.228177746519574,-1.5739356038731493,0.0,1.0,0.0,0.0,0.0,0.0,1.0,0.0,Le Caire
0.033968868173162525,-1.4336051385630968,1.6871192938622424,0.0,0.0,1.0,0.0,0.0,1.0,0.0,0.0,Le Caire
1.686794295049491,0.38600453253402295,0.5582925984922991,0.0,0.0,1.0,0.0,0.0,1.0,0.0,0.0,Rome
0.033968868173162525,0.19596496011922865,0.5582925984922991,1.0,0.0,0.0,0.0,0.0,1.0,0.0,0.0,Rio de Janeiro
0.6289860218486407,-1.467458341746299,-0.9468096620009587,0.0,0.0,0.0,0.0,1.0,1.0,0.0,0.0,Rio de Janeiro
-0.16437018305199688,-0.228738861633672,-1.4485104154987114,0.0,0.0,0.0,0.0,1.0,1.0,0.0,0.0,Bali
0.5628730047735876,-1.13892839267295,-1.072234850375397,1.0,0.0,0.0,0.0,0.0,1.0,0.0,0.0,Le Caire
-1.0238394050276878,-0.6619059841823732,0.6837177868667372,0.0,0.0,1.0,0.0,0.0,1.0,0.0,0.0,Rio de Janeiro
-0.5610482855023157,-1.216636881798028,-0.8213844736265206,0.0,0.0,0.0,1.0,0.0,0.0,0.0,1.0,Le Caire
-0.032144148901890615,1.47238459832224,1.4362689171133662,0.0,0.0,0.0,1.0,0.0,0.0,0.0,1.0,Le Caire
1.0917771413740127,-0.31798821548029604,0.5582925984922991,0.0,0.0,0.0,0.0,1.0,0.0,1.0,0.0,Londres
-0.693274319652422,-0.9081110982420257,-1.6993607922475875,0.0,0.0,0.0,0.0,1.0,0.0,0.0,1.0,Rome
-0.8255003538025283,1.2377203489841335,0.9345681636156136,0.0,0.0,0.0,0.0,1.0,0.0,1.0,0.0,Sydney
-0.4288222513522094,-1.6351855756994373,-0.5705340968776442,0.0,0.0,0.0,0.0,1.0,0.0,1.0,0.0,Bali
-1.3544044904029533,-0.897339624501916,1.0599933519900517,0.0,1.0,0.0,0.0,0.0,0.0,0.0,1.0,Barcelone
0.2984209364733751,1.4277599213989278,-1.072234850375397,0.0,1.0,0.0,0.0,0.0,0.0,1.0,0.0,Londres
-1.0238394050276878,1.0015173176831544,0.6837177868667372,0.0,0.0,1.0,0.0,0.0,0.0,0.0,1.0,Tokyo
0.9595511072239065,-0.30183100487013137,0.6837177868667372,0.0,0.0,1.0,0.0,0.0,1.0,0.0,0.0,Rio de Janeiro
0.7612120559987471,-1.660575478086839,0.056591844994546496,0.0,1.0,0.0,0.0,0.0,0.0,0.0,1.0,Rome
1.686794295049491,0.09209717762531273,0.43286741011786095,0.0,0.0,0.0,0.0,1.0,1.0,0.0,0.0,Tokyo
1.3562292096742252,0.6868364062756609,-0.31968372012876795,0.0,0.0,0.0,0.0,1.0,0.0,0.0,1.0,New York
0.6289860218486407,0.9576620317412787,-1.3230852271242732,0.0,0.0,0.0,0.0,1.0,0.0,0.0,1.0,Bali
-1.0238394050276878,-0.39954365951255594,0.6837177868667372,0.0,1.0,0.0,0.0,0.0,1.0,0.0,0.0,Bali
1.157890158449066,-0.68191014969972,-0.06883334337989165,1.0,0.0,0.0,0.0,0.0,1.0,0.0,0.0,Tokyo
-1.5527435416281128,1.589332027500575,1.0599933519900517,0.0,0.0,1.0,0.0,0.0,1.0,0.0,0.0,Londres
1.3562292096742252,-0.4503234642873593,-1.5739356038731493,0.0,0.0,0.0,1.0,0.0,0.0,0.0,1.0,Bali
-1.4205175074780065,1.645497569145433,-1.4485104154987114,0.0,0.0,1.0,0.0,0.0,0.0,0.0,1.0,Sydney
1.157890158449066,0.16749749380608134,-1.197660038749835,1.0,0.0,0.0,0.0,0.0,0.0,1.0,0.0,Sydney
-1.5527435416281128,-0.6303609539434802,-0.5705340968776442,0.0,1.0,0.0,0.0,0.0,0.0,0.0,1.0,Sydney
0.5628730047735876,-0.7396144733074511,-0.8213844736265206,0.0,1.0,0.0,0.0,0.0,0.0,1.0,0.0,Rio de Janeiro
0.6289860218486407,-1.4628419958576804,0.8091429752411754,0.0,0.0,1.0,0.0,0.0,0.0,1.0,0.0,Le Caire
1.0256641242989597,0.31829812616761854,-1.197660038749835,1.0,0.0,0.0,0.0,0.0,1.0,0.0,0.0,New York
0.6289860218486407,-0.5703484573914399,0.18201703336898464,0.0,0.0,0.0,1.0,0.0,1.0,0.0,0.0,Tokyo
0.49675998769853447,-0.43570503564006746,-1.4485104154987114,0.0,1.0,0.0,0.0,0.0,1.0,0.0,0.0,Rome
1.0256641242989597,-1.5905608987761253,1.18541854036449,0.0,1.0,0.0,0.0,0.0,0.0,1.0,0.0,Londres
1.157890158449066,0.816863482138415,-1.072234850375397,0.0,0.0,0.0,1.0,0.0,0.0,0.0,1.0,Sydney
0.23230791939832193,-0.7842391502307631,1.6871192938622424,0.0,0.0,0.0,1.0,0.0,1.0,0.0,0.0,Paris
0.43064697062348134,0.5729665410230717,0.8091429752411754,0.0,0.0,1.0,0.0,0.0,1.0,0.0,0.0,Sydney
-1.0899524221027408,-0.5688096754285671,1.5616941054878042,0.0,0.0,1.0,0.0,0.0,0.0,0.0,1.0,Sydney
1.4884552438243315,-1.0950731067310744,1.0599933519900517,0.0,0.0,1.0,0.0,0.0,0.0,1.0,0.0,Rome
-1.4205175074780065,0.29136944181734403,1.18541854036449,0.0,1.0,0.0,0.0,0.0,0.0,1.0,0.0,Bali
1.3562292096742252,-1.5043891088552468,1.6871192938622424,1.0,0.0,0.0,0.0,0.0,0.0,1.0,0.0,Paris
0.49675998769853447,0.30983482537181795,-1.4485104154987114,0.0,1.0,0.0,0.0,0.0,0.0,1.0,0.0,Rome
-0.23048320012705004,-1.2958841528859786,-0.4451089085032061,0.0,1.0,0.0,0.0,0.0,0.0,1.0,0.0,Barcelone
1.3562292096742252,1.5293195309485346,-1.3230852271242732,0.0,1.0,0.0,0.0,0.0,0.0,1.0,0.0,Bali
-0.6271613025773689,0.6583689399625137,1.0599933519900517,0.0,0.0,1.0,0.0,0.0,0.0,0.0,1.0,Paris
-0.7593873367274752,0.7745469781594122,-0.06883334337989165,0.0,0.0,0.0,1.0,0.0,0.0,0.0,1.0,Rio de Janeiro
-0.3627092342771563,-0.08178518417931688,0.9345681636156136,0.0,0.0,1.0,0.0,0.0,0.0,0.0,1.0,New York
1.0917771413740127,-0.010231822905730359,1.0599933519900517,0.0,0.0,0.0,0.0,1.0,0.0,1.0,0.0,Tokyo
1.5545682608993847,0.37984940468253164,0.43286741011786095,1.0,0.0,0.0,0.0,0.0,0.0,0.0,1.0,New York
1.0256641242989597,1.1815548073392752,0.18201703336898464,0.0,0.0,0.0,1.0,0.0,0.0,1.0,0.0,Bali
-0.6271613025773689,-1.5259320563354664,-0.06883334337989165,1.0,0.0,0.0,0.0,0.0,1.0,0.0,0.0,Tokyo
0.695099038923694,1.3885209813456707,1.0599933519900517,0.0,0.0,1.0,0.0,0.0,1.0,0.0,0.0,Tokyo
0.23230791939832193,-1.33204552901349,-0.9468096620009587,0.0,1.0,0.0,0.0,0.0,0.0,0.0,1.0,Rome
-1.684969575778219,-0.35107202768206186,-1.3230852271242732,1.0,0.0,0.0,0.0,0.0,0.0,1.0,0.0,Rio de Janeiro
-1.4866305245530596,-1.6667306059383302,-0.4451089085032061,0.0,0.0,0.0,0.0,1.0,1.0,0.0,0.0,Rio de Janeiro
1.3562292096742252,0.6929915341271523,1.0599933519900517,0.0,0.0,0.0,1.0,0.0,1.0,0.0,0.0,Barcelone
0.7612120559987471,-0.6049710515560786,1.5616941054878042,0.0,1.0,0.0,0.0,0.0,0.0,0.0,1.0,New York
-0.032144148901890615,1.3454350863852316,-1.3230852271242732,1.0,0.0,0.0,0.0,0.0,0.0,1.0,0.0,Paris
-0.7593873367274752,0.6160524359835108,-0.1942585317543298,0.0,0.0,0.0,1.0,0.0,0.0,1.0,0.0,Paris
1.3562292096742252,-0.7203796987715407,1.18541854036449,1.0,0.0,0.0,0.0,0.0,1.0,0.0,0.0,New York
0.49675998769853447,-1.5074666727809924,-1.5739356038731493,0.0,1.0,0.0,0.0,0.0,1.0,0.0,0.0,Sydney
0.8273250730738002,1.1915568900979487,-0.9468096620009587,0.0,0.0,0.0,0.0,1.0,0.0,0.0,1.0,Sydney
1.686794295049491,-0.6911428414769569,0.18201703336898464,0.0,1.0,0.0,0.0,0.0,1.0,0.0,0.0,Rome
-0.4288222513522094,-0.2641308467797471,1.18541854036449,1.0,0.0,0.0,0.0,0.0,1.0,0.0,0.0,Paris
-0.7593873367274752,0.5391133378398694,0.8091429752411754,1.0,0.0,0.0,0.0,0.0,1.0,0.0,0.0,Rio de Janeiro
-1.618856558703166,-1.0573729486406902,-1.072234850375397,1.0,0.0,0.0,0.0,0.0,0.0,0.0,1.0,Le Caire
0.8273250730738002,0.43139860043877143,0.5582925984922991,0.0,0.0,0.0,0.0,1.0,0.0,1.0,0.0,Rome
0.033968868173162525,0.3606146301466213,-0.31968372012876795,0.0,0.0,1.0,0.0,0.0,0.0,1.0,0.0,New York
-1.3544044904029533,-1.2735718144243224,-1.4485104154987114,0.0,1.0,0.0,0.0,0.0,1.0,0.0,0.0,Rio de Janeiro
1.0917771413740127,-0.6519039014236998,-0.6959592852520824,0.0,0.0,0.0,0.0,1.0,0.0,1.0,0.0,Tokyo
1.224003175524119,-0.8519455565971675,0.18201703336898464,1.0,0.0,0.0,0.0,0.0,0.0,1.0,0.0,Sydney
-1.618856558703166,1.1315443935459084,-0.1942585317543298,1.0,0.0,0.0,0.0,0.0,0.0,1.0,0.0,Le Caire
0.10008188524821567,-1.2704942504985768,1.0599933519900517,1.0,0.0,0.0,0.0,0.0,1.0,0.0,0.0,New York
-1.0899524221027408,-0.8257862632283295,0.5582925984922991,0.0,1.0,0.0,0.0,0.0,0.0,0.0,1.0,Rome
0.3645339535484282,-0.17795905685886867,-0.8213844736265206,0.0,0.0,1.0,0.0,0.0,0.0,0.0,1.0,Rio de Janeiro
-0.7593873367274752,0.01131112457448924,0.6837177868667372,0.0,1.0,0.0,0.0,0.0,0.0,1.0,0.0,Rome
0.8273250730738002,-0.9442724743695372,1.0599933519900517,0.0,0.0,0.0,1.0,0.0,0.0,1.0,0.0,Paris
-0.7593873367274752,-1.592099680738998,-1.3230852271242732,0.0,0.0,0.0,1.0,0.0,0.0,0.0,1.0,Paris
1.3562292096742252,0.38600453253402295,-0.1942585317543298,1.0,0.0,0.0,0.0,0.0,1.0,0.0,0.0,Paris
-0.5610482855023157,-1.259722776758467,-1.6993607922475875,0.0,0.0,0.0,1.0,0.0,0.0,1.0,0.0,New York
-1.156065439177794,-0.7026837061985032,-1.6993607922475875,0.0,0.0,1.0,0.0,0.0,0.0,0.0,1.0,Le Caire
1.686794295049491,0.5491154205985428,-1.4485104154987114,0.0,0.0,0.0,1.0,0.0,0.0,0.0,1.0,Bali
-0.9577263879526345,1.0292153930148653,-1.6993607922475875,0.0,0.0,0.0,1.0,0.0,0.0,0.0,1.0,Tokyo
-1.3544044904029533,1.030754174977738,-0.4451089085032061,1.0,0.0,0.0,0.0,0.0,0.0,0.0,1.0,New York
0.8934380901488533,0.2567468476527054,0.18201703336898464,0.0,0.0,0.0,1.0,0.0,0.0,1.0,0.0,Paris
-0.9577263879526345,-1.3697456871038742,-0.1942585317543298,0.0,0.0,0.0,0.0,1.0,1.0,0.0,0.0,Le Caire
-1.156065439177794,0.579121668874563,1.0599933519900517,0.0,1.0,0.0,0.0,0.0,1.0,0.0,0.0,Barcelone
0.43064697062348134,-0.8681027672073323,-0.5705340968776442,0.0,0.0,0.0,1.0,0.0,1.0,0.0,0.0,Sydney
-0.032144148901890615,1.1415464763045817,-0.9468096620009587,0.0,0.0,0.0,1.0,0.0,1.0,0.0,0.0,New York
-1.684969575778219,0.26674893041137876,-0.4451089085032061,1.0,0.0,0.0,0.0,0.0,0.0,1.0,0.0,Sydney
0.695099038923694,1.264649033334408,0.43286741011786095,0.0,0.0,0.0,1.0,0.0,0.0,1.0,0.0,Paris
-0.16437018305199688,-0.4280111258257033,0.056591844994546496,0.0,0.0,0.0,1.0,0.0,1.0,0.0,0.0,Paris
1.224003175524119,1.582407508667647,-1.5739356038731493,0.0,0.0,1.0,0.0,0.0,1.0,0.0,0.0,Tokyo
0.10008188524821567,1.6278015765723957,0.056591844994546496,0.0,0.0,0.0,0.0,1.0,0.0,1.0,0.0,Bali
-1.3544044904029533,-1.2081735810022274,-1.072234850375397,1.0,0.0,0.0,0.0,0.0,0.0,1.0,0.0,New York
0.6289860218486407,0.12056464393846006,0.6837177868667372,0.0,1.0,0.0,0.0,0.0,0.0,1.0,0.0,Rio de Janeiro
-0.4949352684272626,1.2461836497799341,1.0599933519900517,0.0,0.0,0.0,0.0,1.0,0.0,1.0,0.0,Paris
0.10008188524821567,-1.1958633252992448,-1.3230852271242732,0.0,0.0,1.0,0.0,0.0,1.0,0.0,0.0,Rio de Janeiro
-0.29659621720210316,1.0145969643675734,1.0599933519900517,0.0,1.0,0.0,0.0,0.0,1.0,0.0,0.0,Tokyo
1.3562292096742252,-0.15564671839721264,-1.072234850375397,0.0,0.0,0.0,1.0,0.0,1.0,0.0,0.0,Tokyo
-1.2882914733279003,-0.46571128391608757,-0.6959592852520824,0.0,0.0,0.0,0.0,1.0,0.0,0.0,1.0,Sydney
1.5545682608993847,-1.5443974398899403,-0.4451089085032061,0.0,1.0,0.0,0.0,0.0,0.0,0.0,1.0,Rome
-1.618856558703166,-1.005054361903014,-1.072234850375397,1.0,0.0,0.0,0.0,0.0,1.0,0.0,0.0,Barcelone
-1.4205175074780065,-0.6880652775512113,-1.197660038749835,0.0,0.0,1.0,0.0,0.0,0.0,1.0,0.0,Rio de Janeiro
1.4884552438243315,1.3438963044223586,-0.5705340968776442,1.0,0.0,0.0,0.0,0.0,0.0,1.0,0.0,Rome
1.0256641242989597,1.5293195309485346,-0.1942585317543298,0.0,1.0,0.0,0.0,0.0,1.0,0.0,0.0,Rio de Janeiro
-0.693274319652422,0.4744844953992106,1.310843728738928,1.0,0.0,0.0,0.0,0.0,0.0,0.0,1.0,Rio de Janeiro
-0.4949352684272626,0.5460378566727971,1.0599933519900517,1.0,0.0,0.0,0.0,0.0,0.0,0.0,1.0,New York
-1.2882914733279003,0.19981191502641074,-1.072234850375397,0.0,1.0,0.0,0.0,0.0,0.0,1.0,0.0,Londres
-0.6271613025773689,-0.14564463563853927,-1.197660038749835,0.0,1.0,0.0,0.0,0.0,1.0,0.0,0.0,Rome
0.3645339535484282,-1.0542953847149446,0.5582925984922991,0.0,0.0,1.0,0.0,0.0,0.0,1.0,0.0,New York
0.8273250730738002,-0.2010407863019611,1.6871192938622424,0.0,1.0,0.0,0.0,0.0,0.0,0.0,1.0,Rio de Janeiro
-0.8916133708775814,-1.6690387788826395,-1.6993607922475875,0.0,0.0,0.0,1.0,0.0,1.0,0.0,0.0,Londres
-0.8255003538025283,0.2259712083952488,-1.5739356038731493,0.0,0.0,1.0,0.0,0.0,0.0,1.0,0.0,Rio de Janeiro
-1.3544044904029533,-0.5649627205213851,0.9345681636156136,1.0,0.0,0.0,0.0,0.0,0.0,0.0,1.0,Le Caire
-0.693274319652422,-0.07947701123500764,-0.8213844736265206,0.0,0.0,1.0,0.0,0.0,0.0,1.0,0.0,Barcelone
0.9595511072239065,-0.3418393359048249,-0.5705340968776442,0.0,1.0,0.0,0.0,0.0,0.0,0.0,1.0,Paris
0.43064697062348134,1.091536062511215,1.6871192938622424,0.0,0.0,0.0,0.0,1.0,0.0,1.0,0.0,Tokyo
-0.6271613025773689,1.19771201794944,-0.5705340968776442,1.0,0.0,0.0,0.0,0.0,0.0,0.0,1.0,Tokyo
1.3562292096742252,0.512184653489595,0.18201703336898464,0.0,1.0,0.0,0.0,0.0,0.0,0.0,1.0,Londres
-1.0899524221027408,-0.3264515162760966,-0.4451089085032061,0.0,1.0,0.0,0.0,0.0,1.0,0.0,0.0,Rome
-0.9577263879526345,-0.8750272860402599,1.18541854036449,0.0,0.0,0.0,0.0,1.0,0.0,0.0,1.0,Bali
0.8273250730738002,0.896880144207802,-0.5705340968776442,0.0,0.0,0.0,1.0,0.0,0.0,1.0,0.0,Rome
-0.4949352684272626,0.5775828869116901,-1.5739356038731493,0.0,0.0,1.0,0.0,0.0,0.0,1.0,0.0,Rome
0.23230791939832193,1.2861919808146276,1.310843728738928,1.0,0.0,0.0,0.0,0.0,0.0,0.0,1.0,Rome
-0.23048320012705004,-1.0396769560676526,1.0599933519900517,0.0,0.0,0.0,1.0,0.0,1.0,0.0,0.0,Barcelone
1.157890158449066,-1.3928274165469667,0.056591844994546496,0.0,1.0,0.0,0.0,0.0,1.0,0.0,0.0,Barcelone
-0.5610482855023157,-0.07024431945777067,1.4362689171133662,0.0,0.0,0.0,1.0,0.0,0.0,1.0,0.0,Rome
1.620681277974438,0.8868780614491286,-0.1942585317543298,1.0,0.0,0.0,0.0,0.0,0.0,0.0,1.0,New York
0.7612120559987471,-1.6859653804742405,-0.5705340968776442,0.0,0.0,1.0,0.0,0.0,1.0,0.0,0.0,Barcelone
1.0917771413740127,1.4269905304174915,-1.197660038749835,1.0,0.0,0.0,0.0,0.0,0.0,1.0,0.0,New York
0.033968868173162525,0.9969009717945359,-0.8213844736265206,1.0,0.0,0.0,0.0,0.0,0.0,0.0,1.0,Sydney
-0.6271613025773689,1.3485126503109772,-0.4451089085032061,0.0,0.0,0.0,0.0,1.0,0.0,0.0,1.0,New York
-0.4949352684272626,-0.6611365932009368,0.8091429752411754,1.0,0.0,0.0,0.0,0.0,1.0,0.0,0.0,Barcelone
0.033968868173162525,-1.6713469518269488,0.056591844994546496,0.0,0.0,0.0,0.0,1.0,0.0,1.0,0.0,Barcelone
-0.16437018305199688,-0.7249960446601592,1.0599933519900517,1.0,0.0,0.0,0.0,0.0,0.0,1.0,0.0,Le Caire
-0.4949352684272626,1.1169259648986165,-1.5739356038731493,0.0,0.0,0.0,0.0,1.0,1.0,0.0,0.0,Tokyo
0.43064697062348134,-0.5211074345795094,1.310843728738928,0.0,0.0,1.0,0.0,0.0,0.0,1.0,0.0,Paris
0.2984209364733751,-1.5443974398899403,-1.5739356038731493,0.0,0.0,0.0,1.0,0.0,0.0,0.0,1.0,Sydney
0.3645339535484282,-1.400521326361331,1.0599933519900517,0.0,0.0,1.0,0.0,0.0,0.0,1.0,0.0,Rio de Janeiro
-1.3544044904029533,-0.15103037250859416,-1.3230852271242732,1.0,0.0,0.0,0.0,0.0,0.0,0.0,1.0,Rio de Janeiro
-1.4866305245530596,-1.2220226186680827,-0.1942585317543298,0.0,1.0,0.0,0.0,0.0,0.0,0.0,1.0,Rio de Janeiro
0.2984209364733751,1.637803659331069,-0.1942585317543298,0.0,0.0,0.0,0.0,1.0,0.0,1.0,0.0,Le Caire
1.0917771413740127,-0.044854417070369,-0.5705340968776442,0.0,0.0,0.0,0.0,1.0,1.0,0.0,0.0,Rome
1.157890158449066,-1.305886235644652,-0.31968372012876795,0.0,0.0,1.0,0.0,0.0,0.0,0.0,1.0,Le Caire
-0.23048320012705004,1.403908800974399,0.43286741011786095,0.0,0.0,1.0,0.0,0.0,1.0,0.0,0.0,Rome
-0.29659621720210316,1.0653767691423768,-0.06883334337989165,1.0,0.0,0.0,0.0,0.0,0.0,0.0,1.0,Barcelone
-0.4288222513522094,0.3067572614460723,-0.6959592852520824,0.0,0.0,1.0,0.0,0.0,0.0,1.0,0.0,New York
0.8934380901488533,1.533935876837153,-1.5739356038731493,1.0,0.0,0.0,0.0,0.0,1.0,0.0,0.0,Rome
-0.693274319652422,-0.6018934876303329,-0.1942585317543298,0.0,0.0,0.0,1.0,0.0,0.0,0.0,1.0,Le Caire
-1.684969575778219,-0.7750064584535261,1.5616941054878042,0.0,0.0,0.0,0.0,1.0,1.0,0.0,0.0,Tokyo
-0.29659621720210316,-0.31337186959167757,0.18201703336898464,0.0,1.0,0.0,0.0,0.0,0.0,1.0,0.0,Sydney
-0.29659621720210316,0.06978483916365673,-0.06883334337989165,0.0,0.0,1.0,0.0,0.0,0.0,1.0,0.0,Le Caire
0.1661949023232688,0.25982441157845104,0.056591844994546496,0.0,0.0,0.0,1.0,0.0,0.0,1.0,0.0,Tokyo
0.49675998769853447,-0.8573312934672225,-0.06883334337989165,0.0,0.0,1.0,0.0,0.0,0.0,0.0,1.0,Barcelone
0.033968868173162525,-1.6390325306066194,0.056591844994546496,0.0,0.0,0.0,0.0,1.0,0.0,0.0,1.0,Paris
0.7612120559987471,-0.07793822927213481,-1.197660038749835,0.0,0.0,1.0,0.0,0.0,0.0,1.0,0.0,Sydney
0.8934380901488533,-1.5574770865743595,1.310843728738928,0.0,1.0,0.0,0.0,0.0,0.0,0.0,1.0,Sydney
-0.29659621720210316,-0.32337395235035093,-1.3230852271242732,0.0,0.0,0.0,1.0,0.0,0.0,0.0,1.0,Barcelone
1.620681277974438,-0.7719288945277805,1.4362689171133662,0.0,1.0,0.0,0.0,0.0,1.0,0.0,0.0,Tokyo
-1.618856558703166,-1.0766077231766005,-0.31968372012876795,1.0,0.0,0.0,0.0,0.0,1.0,0.0,0.0,Londres
-1.2882914733279003,-0.09794239478948158,0.43286741011786095,0.0,0.0,1.0,0.0,0.0,0.0,0.0,1.0,Bali
1.686794295049491,1.0615298142351948,-0.5705340968776442,0.0,1.0,0.0,0.0,0.0,1.0,0.0,0.0,Le Caire
-0.09825716597694376,-1.0396769560676526,-0.6959592852520824,0.0,0.0,0.0,0.0,1.0,0.0,0.0,1.0,Barcelone
1.0256641242989597,0.696069098052898,-0.6959592852520824,0.0,1.0,0.0,0.0,0.0,0.0,1.0,0.0,Rio de Janeiro
-1.156065439177794,-1.2766493783500683,1.5616941054878042,1.0,0.0,0.0,0.0,0.0,1.0,0.0,0.0,Bali
-1.0238394050276878,0.9276557834652586,1.4362689171133662,0.0,0.0,1.0,0.0,0.0,1.0,0.0,0.0,Tokyo
1.0256641242989597,1.1992507999123128,0.6837177868667372,1.0,0.0,0.0,0.0,0.0,1.0,0.0,0.0,Bali
-0.032144148901890615,0.03362346303614525,0.5582925984922991,0.0,0.0,0.0,0.0,1.0,0.0,1.0,0.0,Barcelone
-1.4866305245530596,-1.0566035576592536,1.5616941054878042,1.0,0.0,0.0,0.0,0.0,1.0,0.0,0.0,Paris
-0.693274319652422,-1.0773771141580368,0.43286741011786095,0.0,1.0,0.0,0.0,0.0,0.0,1.0,0.0,Le Caire
-0.16437018305199688,-1.6844265985113678,-1.4485104154987114,0.0,0.0,0.0,1.0,0.0,1.0,0.0,0.0,Tokyo
0.23230791939832193,0.5083376985824128,-1.5739356038731493,0.0,0.0,0.0,1.0,0.0,1.0,0.0,0.0,Rio de Janeiro
-0.9577263879526345,-1.6321080117736915,1.5616941054878042,0.0,0.0,0.0,1.0,0.0,1.0,0.0,0.0,Paris
-0.16437018305199688,-0.00869304094285753,0.8091429752411754,0.0,0.0,1.0,0.0,0.0,1.0,0.0,0.0,Le Caire
0.7612120559987471,1.103076927232761,-1.4485104154987114,0.0,0.0,0.0,1.0,0.0,0.0,0.0,1.0,Sydney
1.157890158449066,-0.228738861633672,1.4362689171133662,0.0,0.0,0.0,0.0,1.0,1.0,0.0,0.0,Sydney
-0.5610482855023157,0.5860461877074907,-0.5705340968776442,0.0,1.0,0.0,0.0,0.0,0.0,0.0,1.0,Tokyo
1.2901161925991722,-1.1581631672088604,-0.06883334337989165,0.0,0.0,1.0,0.0,0.0,1.0,0.0,0.0,Londres
1.224003175524119,-0.6065098335189514,0.18201703336898464,1.0,0.0,0.0,0.0,0.0,0.0,0.0,1.0,Barcelone
-1.4205175074780065,-0.6972979693284482,0.43286741011786095,1.0,0.0,0.0,0.0,0.0,0.0,1.0,0.0,Rome
0.1661949023232688,-0.5903526229087867,-1.3230852271242732,0.0,0.0,1.0,0.0,0.0,0.0,1.0,0.0,Bali
1.686794295049491,1.3300472667565033,1.0599933519900517,0.0,0.0,0.0,1.0,0.0,1.0,0.0,0.0,Sydney
-1.0899524221027408,0.439861901234572,-0.6959592852520824,0.0,0.0,0.0,1.0,0.0,0.0,1.0,0.0,Le Caire
0.49675998769853447,0.4144719988471703,-1.4485104154987114,0.0,0.0,0.0,0.0,1.0,0.0,0.0,1.0,Rome
1.224003175524119,0.5260336911554504,1.5616941054878042,0.0,0.0,0.0,0.0,1.0,0.0,1.0,0.0,New York
1.620681277974438,0.3383022916849653,-0.06883334337989165,1.0,0.0,0.0,0.0,0.0,0.0,1.0,0.0,Barcelone
0.3645339535484282,0.4606354577333552,0.8091429752411754,0.0,0.0,0.0,0.0,1.0,0.0,1.0,0.0,Paris
1.224003175524119,0.23905085507966786,0.9345681636156136,0.0,0.0,1.0,0.0,0.0,0.0,1.0,0.0,Rio de Janeiro
-0.09825716597694376,-1.2174062727794643,0.8091429752411754,0.0,0.0,0.0,0.0,1.0,1.0,0.0,0.0,Rio de Janeiro
-0.16437018305199688,-0.44570711839874083,1.310843728738928,0.0,0.0,0.0,1.0,0.0,0.0,1.0,0.0,Barcelone
-0.6271613025773689,0.8730290237832732,-0.5705340968776442,1.0,0.0,0.0,0.0,0.0,0.0,0.0,1.0,Le Caire
-1.0238394050276878,-1.4166785369714956,0.18201703336898464,0.0,0.0,1.0,0.0,0.0,1.0,0.0,0.0,Rome
0.695099038923694,-1.2489513030183572,0.18201703336898464,0.0,0.0,1.0,0.0,0.0,0.0,1.0,0.0,Tokyo
1.157890158449066,-1.2120205359094094,0.18201703336898464,1.0,0.0,0.0,0.0,0.0,1.0,0.0,0.0,Barcelone
0.5628730047735876,-1.2012490621692995,0.5582925984922991,0.0,0.0,0.0,1.0,0.0,0.0,0.0,1.0,New York
0.7612120559987471,0.12825855375282422,-0.9468096620009587,0.0,0.0,0.0,1.0,0.0,0.0,0.0,1.0,Paris
-1.4205175074780065,-1.2858820701273053,0.056591844994546496,0.0,0.0,1.0,0.0,0.0,0.0,0.0,1.0,Paris
0.6289860218486407,-0.7696207215834712,0.9345681636156136,0.0,0.0,0.0,1.0,0.0,1.0,0.0,0.0,Le Caire
-0.032144148901890615,0.8276349558785248,0.43286741011786095,0.0,0.0,1.0,0.0,0.0,0.0,1.0,0.0,Rio de Janeiro
0.8273250730738002,-0.0771688382906984,0.8091429752411754,0.0,0.0,0.0,1.0,0.0,0.0,1.0,0.0,Bali
-0.16437018305199688,1.1638588147662379,-0.4451089085032061,1.0,0.0,0.0,0.0,0.0,0.0,1.0,0.0,New York
0.6289860218486407,-0.45186224625023214,0.5582925984922991,0.0,1.0,0.0,0.0,0.0,0.0,1.0,0.0,New York
1.5545682608993847,-1.4451460032846428,-0.9468096620009587,0.0,0.0,1.0,0.0,0.0,0.0,1.0,0.0,Le Caire
0.5628730047735876,0.5860461877074907,-0.8213844736265206,0.0,0.0,1.0,0.0,0.0,1.0,0.0,0.0,Tokyo
0.43064697062348134,-0.884259977817497,-1.072234850375397,1.0,0.0,0.0,0.0,0.0,0.0,1.0,0.0,Tokyo
1.157890158449066,0.7991674895653774,-0.31968372012876795,0.0,0.0,0.0,0.0,1.0,0.0,0.0,1.0,Barcelone
0.3645339535484282,-0.17257331998881376,1.310843728738928,0.0,1.0,0.0,0.0,0.0,1.0,0.0,0.0,New York
0.5628730047735876,0.2836755320029799,0.6837177868667372,1.0,0.0,0.0,0.0,0.0,1.0,0.0,0.0,Londres
1.224003175524119,1.1115402280285616,-0.5705340968776442,1.0,0.0,0.0,0.0,0.0,0.0,0.0,1.0,Rio de Janeiro
-0.9577263879526345,1.2231019203368416,-1.3230852271242732,0.0,1.0,0.0,0.0,0.0,0.0,1.0,0.0,Tokyo
1.0256641242989597,-0.4810991035448159,-0.06883334337989165,1.0,0.0,0.0,0.0,0.0,0.0,0.0,1.0,New York
0.8934380901488533,1.6154913208694128,1.6871192938622424,1.0,0.0,0.0,0.0,0.0,1.0,0.0,0.0,Barcelone
-0.3627092342771563,1.255416341557171,0.6837177868667372,0.0,1.0,0.0,0.0,0.0,0.0,0.0,1.0,Bali
-0.09825716597694376,0.8160940911569785,-1.3230852271242732,0.0,0.0,1.0,0.0,0.0,1.0,0.0,0.0,Rome
1.0256641242989597,-0.914266226093517,-0.6959592852520824,0.0,0.0,1.0,0.0,0.0,1.0,0.0,0.0,Bali
0.49675998769853447,1.125389265694417,1.6871192938622424,0.0,0.0,1.0,0.0,0.0,0.0,0.0,1.0,Sydney
-1.4205175074780065,1.6385730503125053,-0.1942585317543298,0.0,0.0,0.0,1.0,0.0,1.0,0.0,0.0,Rome
0.5628730047735876,0.025160162240344695,0.43286741011786095,1.0,0.0,0.0,0.0,0.0,0.0,0.0,1.0,Rio de Janeiro
1.5545682608993847,-0.7796228043421446,0.3074422217434228,0.0,0.0,1.0,0.0,0.0,1.0,0.0,0.0,Rome
1.686794295049491,1.0145969643675734,-1.3230852271242732,0.0,0.0,0.0,0.0,1.0,0.0,1.0,0.0,Paris
1.0917771413740127,1.2038671458009313,1.310843728738928,1.0,0.0,0.0,0.0,0.0,1.0,0.0,0.0,Barcelone
-0.3627092342771563,-1.0781465051394734,1.0599933519900517,0.0,0.0,0.0,1.0,0.0,0.0,0.0,1.0,New York
1.157890158449066,-1.0004380160143955,0.43286741011786095,0.0,0.0,1.0,0.0,0.0,1.0,0.0,0.0,Barcelone
1.157890158449066,0.41293321688429746,-0.9468096620009587,1.0,0.0,0.0,0.0,0.0,1.0,0.0,0.0,Sydney
-1.222178456252847,-1.6559591321982203,0.3074422217434228,1.0,0.0,0.0,0.0,0.0,0.0,0.0,1.0,Rio de Janeiro
-1.156065439177794,0.3552288932765664,-1.197660038749835,0.0,0.0,0.0,1.0,0.0,0.0,0.0,1.0,Tokyo
1.3562292096742252,1.333124830682249,0.8091429752411754,0.0,0.0,1.0,0.0,0.0,0.0,0.0,1.0,Sydney
-0.6271613025773689,-1.0796852871023461,0.6837177868667372,1.0,0.0,0.0,0.0,0.0,0.0,0.0,1.0,Le Caire
1.4223422267492785,-0.3664598473107902,0.18201703336898464,0.0,0.0,1.0,0.0,0.0,0.0,0.0,1.0,Rio de Janeiro
1.4884552438243315,1.3231227479235754,0.6837177868667372,0.0,0.0,0.0,1.0,0.0,0.0,0.0,1.0,Barcelone
1.224003175524119,0.17596079460188188,-1.3230852271242732,0.0,0.0,0.0,0.0,1.0,1.0,0.0,0.0,Rome
-1.0899524221027408,-0.02638903351589506,-1.5739356038731493,1.0,0.0,0.0,0.0,0.0,0.0,1.0,0.0,Rio de Janeiro
-0.4949352684272626,-1.5459362218528132,0.18201703336898464,0.0,0.0,0.0,1.0,0.0,0.0,0.0,1.0,Londres
-1.2882914733279003,-1.3751314239739292,0.5582925984922991,0.0,0.0,0.0,0.0,1.0,1.0,0.0,0.0,Barcelone
0.49675998769853447,0.9668947235185157,-1.5739356038731493,0.0,0.0,1.0,0.0,0.0,0.0,0.0,1.0,Londres
-0.7593873367274752,1.2461836497799341,-1.6993607922475875,0.0,1.0,0.0,0.0,0.0,0.0,1.0,0.0,Le Caire
-0.8255003538025283,-0.9450418653509737,-1.4485104154987114,1.0,0.0,0.0,0.0,0.0,1.0,0.0,0.0,Rome
1.4223422267492785,-0.7657737666762892,-1.5739356038731493,0.0,0.0,1.0,0.0,0.0,0.0,0.0,1.0,Londres
1.3562292096742252,-0.466480674897524,-0.8213844736265206,0.0,0.0,0.0,1.0,0.0,0.0,1.0,0.0,Paris
-0.4949352684272626,0.5252643001740139,0.9345681636156136,0.0,1.0,0.0,0.0,0.0,0.0,0.0,1.0,Londres
-1.4205175074780065,-1.09815067065682,0.18201703336898464,0.0,0.0,1.0,0.0,0.0,1.0,0.0,0.0,Paris
-1.5527435416281128,0.31137360733469077,0.43286741011786095,1.0,0.0,0.0,0.0,0.0,0.0,0.0,1.0,Tokyo
0.8273250730738002,-1.5497831767599952,1.0599933519900517,1.0,0.0,0.0,0.0,0.0,0.0,1.0,0.0,Sydney
-1.156065439177794,-0.31721882449885963,1.6871192938622424,0.0,0.0,1.0,0.0,0.0,0.0,1.0,0.0,Londres
0.7612120559987471,0.6229769548164386,0.18201703336898464,0.0,0.0,0.0,0.0,1.0,1.0,0.0,0.0,Paris
-0.16437018305199688,1.3700555977911968,-0.9468096620009587,0.0,0.0,1.0,0.0,0.0,0.0,1.0,0.0,Paris
-0.6271613025773689,0.6152830450020744,1.6871192938622424,0.0,0.0,0.0,0.0,1.0,0.0,0.0,1.0,Rome
1.224003175524119,-1.3243516191991258,-0.1942585317543298,0.0,0.0,0.0,0.0,1.0,0.0,0.0,1.0,Rio de Janeiro
-1.222178456252847,-0.7965494059337457,0.6837177868667372,0.0,0.0,0.0,1.0,0.0,0.0,1.0,0.0,Paris
1.4223422267492785,1.5054684105240057,1.4362689171133662,0.0,0.0,0.0,0.0,1.0,1.0,0.0,0.0,Le Caire
0.695099038923694,-0.3256821252946602,0.8091429752411754,1.0,0.0,0.0,0.0,0.0,0.0,1.0,0.0,Le Caire
1.157890158449066,1.273881725111645,1.5616941054878042,1.0,0.0,0.0,0.0,0.0,0.0,0.0,1.0,Paris
-0.3627092342771563,1.1392383033602724,1.5616941054878042,0.0,0.0,0.0,1.0,0.0,1.0,0.0,0.0,Le Caire
0.033968868173162525,0.28059796807723425,-0.6959592852520824,0.0,0.0,0.0,0.0,1.0,0.0,1.0,0.0,Tokyo
-0.8916133708775814,1.2415673038913155,0.9345681636156136,1.0,0.0,0.0,0.0,0.0,0.0,1.0,0.0,Bali
-0.7593873367274752,-0.15564671839721264,0.6837177868667372,0.0,0.0,0.0,0.0,1.0,0.0,0.0,1.0,Rio de Janeiro
1.4884552438243315,-0.06947492847633426,-0.4451089085032061,1.0,0.0,0.0,0.0,0.0,1.0,0.0,0.0,New York
-0.7593873367274752,1.3061961463319745,-1.4485104154987114,0.0,1.0,0.0,0.0,0.0,0.0,0.0,1.0,Tokyo
0.8934380901488533,-0.18642235765466922,0.43286741011786095,0.0,1.0,0.0,0.0,0.0,0.0,1.0,0.0,Londres
1.4223422267492785,0.5721971500416352,0.056591844994546496,1.0,0.0,0.0,0.0,0.0,0.0,1.0,0.0,Tokyo
1.620681277974438,0.08440326781094859,1.18541854036449,0.0,0.0,0.0,1.0,0.0,0.0,1.0,0.0,Tokyo
-1.4205175074780065,1.5216256211341703,-1.3230852271242732,1.0,0.0,0.0,0.0,0.0,1.0,0.0,0.0,Paris
0.6289860218486407,-0.007154258979984702,-1.6993607922475875,0.0,1.0,0.0,0.0,0.0,1.0,0.0,0.0,Bali
-1.222178456252847,-0.9888971512928493,-0.8213844736265206,1.0,0.0,0.0,0.0,0.0,0.0,1.0,0.0,Bali
-1.4866305245530596,-1.1304650918771495,-0.6959592852520824,1.0,0.0,0.0,0.0,0.0,0.0,0.0,1.0,Barcelone
0.6289860218486407,0.7730081961965394,0.18201703336898464,0.0,0.0,0.0,0.0,1.0,1.0,0.0,0.0,Bali
-1.5527435416281128,-0.821169917339711,-0.1942585317543298,0.0,0.0,0.0,0.0,1.0,1.0,0.0,0.0,Sydney
0.10008188524821567,1.4846948540252225,1.4362689171133662,0.0,0.0,1.0,0.0,0.0,0.0,1.0,0.0,New York
1.5545682608993847,-0.9542745571282106,0.18201703336898464,1.0,0.0,0.0,0.0,0.0,0.0,1.0,0.0,New York
-1.4205175074780065,0.7606979404935567,1.4362689171133662,0.0,0.0,0.0,0.0,1.0,0.0,0.0,1.0,Rio de Janeiro
-0.8916133708775814,-0.6449793825907721,1.18541854036449,0.0,1.0,0.0,0.0,0.0,0.0,0.0,1.0,Sydney
0.43064697062348134,-1.1874000245034442,-1.6993607922475875,0.0,0.0,0.0,0.0,1.0,1.0,0.0,0.0,Le Caire
1.0256641242989597,0.2752122312071793,0.43286741011786095,0.0,0.0,0.0,1.0,0.0,0.0,0.0,1.0,Barcelone
-0.23048320012705004,1.3554371691439049,-0.31968372012876795,1.0,0.0,0.0,0.0,0.0,1.0,0.0,0.0,Bali
1.2901161925991722,0.2621325845227603,-0.9468096620009587,0.0,0.0,0.0,0.0,1.0,0.0,1.0,0.0,Rio de Janeiro
-0.8916133708775814,-1.7259737115089342,-0.8213844736265206,1.0,0.0,0.0,0.0,0.0,0.0,0.0,1.0,Le Caire
-1.4205175074780065,-1.4990033719851918,0.5582925984922991,0.0,0.0,0.0,0.0,1.0,0.0,0.0,1.0,Paris
-0.3627092342771563,1.2223325293554053,0.18201703336898464,0.0,1.0,0.0,0.0,0.0,0.0,1.0,0.0,Rome
0.1661949023232688,0.28598370494728914,-0.1942585317543298,0.0,0.0,0.0,0.0,1.0,0.0,1.0,0.0,Paris
0.7612120559987471,1.4469946959348383,-0.6959592852520824,0.0,0.0,0.0,0.0,1.0,0.0,0.0,1.0,New York
-1.222178456252847,-1.3389700478464177,0.5582925984922991,0.0,0.0,0.0,1.0,0.0,0.0,1.0,0.0,Paris
-1.4866305245530596,-0.31721882449885963,1.310843728738928,0.0,0.0,0.0,1.0,0.0,1.0,0.0,0.0,Rome
-0.16437018305199688,0.43216799142020784,-0.9468096620009587,0.0,0.0,0.0,0.0,1.0,0.0,0.0,1.0,Rio de Janeiro
0.8273250730738002,1.5670196890389188,1.310843728738928,0.0,0.0,1.0,0.0,0.0,0.0,1.0,0.0,Barcelone
-1.684969575778219,-1.2504900849812302,0.6837177868667372,0.0,0.0,0.0,0.0,1.0,1.0,0.0,0.0,Londres
1.5545682608993847,-1.4605338229133713,-1.4485104154987114,0.0,1.0,0.0,0.0,0.0,1.0,0.0,0.0,Rio de Janeiro
1.224003175524119,1.0245990471262467,-1.5739356038731493,0.0,1.0,0.0,0.0,0.0,1.0,0.0,0.0,Le Caire
-1.0238394050276878,-0.8365577369684393,-1.4485104154987114,0.0,0.0,0.0,1.0,0.0,0.0,1.0,0.0,Paris
1.224003175524119,0.6445199022966581,-1.6993607922475875,0.0,0.0,1.0,0.0,0.0,0.0,0.0,1.0,Londres
-0.8916133708775814,0.5483460296171064,-1.5739356038731493,1.0,0.0,0.0,0.0,0.0,0.0,0.0,1.0,Tokyo
0.695099038923694,1.0030560996460272,0.5582925984922991,0.0,0.0,0.0,0.0,1.0,0.0,0.0,1.0,Rio de Janeiro
-0.8255003538025283,1.6177994938137221,-1.197660038749835,0.0,0.0,0.0,1.0,0.0,1.0,0.0,0.0,New York
-0.8255003538025283,0.7122263086630626,0.43286741011786095,0.0,0.0,0.0,0.0,1.0,0.0,0.0,1.0,Barcelone
-0.3627092342771563,-0.20565713219057957,1.4362689171133662,0.0,0.0,1.0,0.0,0.0,0.0,0.0,1.0,New York
-1.4866305245530596,0.8853392794862558,0.5582925984922991,0.0,1.0,0.0,0.0,0.0,1.0,0.0,0.0,Rio de Janeiro
0.7612120559987471,1.3515902142367229,1.18541854036449,0.0,0.0,1.0,0.0,0.0,0.0,1.0,0.0,Le Caire
1.224003175524119,1.5123929293569334,0.9345681636156136,0.0,1.0,0.0,0.0,0.0,0.0,1.0,0.0,Bali
1.2901161925991722,0.029007117147526768,1.4362689171133662,0.0,0.0,0.0,0.0,1.0,0.0,0.0,1.0,New York
0.1661949023232688,-1.2535676489069758,-1.6993607922475875,0.0,0.0,1.0,0.0,0.0,0.0,0.0,1.0,New York
0.8273250730738002,-1.1158466632298576,-1.3230852271242732,0.0,1.0,0.0,0.0,0.0,0.0,1.0,0.0,Bali
1.686794295049491,-0.4049293963826109,0.18201703336898464,0.0,1.0,0.0,0.0,0.0,1.0,0.0,0.0,Barcelone
1.4884552438243315,1.633956704423887,1.310843728738928,0.0,0.0,0.0,0.0,1.0,0.0,0.0,1.0,Londres
1.5545682608993847,1.108462664102816,0.3074422217434228,0.0,0.0,1.0,0.0,0.0,0.0,0.0,1.0,Paris
-0.693274319652422,-1.4936176351151371,-0.5705340968776442,0.0,0.0,0.0,1.0,0.0,0.0,1.0,0.0,Londres
-1.3544044904029533,-1.5243932743725936,1.310843728738928,0.0,0.0,1.0,0.0,0.0,1.0,0.0,0.0,Barcelone
-0.7593873367274752,-0.995821670125777,-1.6993607922475875,0.0,1.0,0.0,0.0,0.0,1.0,0.0,0.0,Le Caire
-0.8255003538025283,-0.057164672773351626,-0.5705340968776442,0.0,0.0,1.0,0.0,0.0,0.0,1.0,0.0,Le Caire
-0.4949352684272626,0.7506958577348833,-1.072234850375397,0.0,0.0,1.0,0.0,0.0,0.0,1.0,0.0,Le Caire
-0.032144148901890615,0.36907793094242186,-1.5739356038731493,0.0,0.0,0.0,0.0,1.0,0.0,0.0,1.0,New York
0.2984209364733751,0.8337900837300161,-0.06883334337989165,0.0,0.0,0.0,1.0,0.0,0.0,1.0,0.0,Sydney
-1.222178456252847,0.8345594747114525,1.310843728738928,0.0,1.0,0.0,0.0,0.0,1.0,0.0,0.0,Rome
-0.23048320012705004,-1.5405504849827583,-1.072234850375397,0.0,1.0,0.0,0.0,0.0,0.0,0.0,1.0,Paris
1.4884552438243315,-0.5087971788765268,-0.5705340968776442,0.0,0.0,1.0,0.0,0.0,0.0,1.0,0.0,Bali
0.9595511072239065,0.6952997070714615,-1.5739356038731493,0.0,0.0,0.0,0.0,1.0,1.0,0.0,0.0,Londres
-0.23048320012705004,-0.8280944361726387,-1.4485104154987114,1.0,0.0,0.0,0.0,0.0,0.0,0.0,1.0,Sydney
-0.6271613025773689,1.381596462512743,-0.8213844736265206,0.0,0.0,0.0,1.0,0.0,0.0,1.0,0.0,New York
-1.4866305245530596,-0.5980465327231509,-1.072234850375397,1.0,0.0,0.0,0.0,0.0,0.0,0.0,1.0,Sydney
-1.684969575778219,-0.43108868975144893,0.3074422217434228,0.0,0.0,1.0,0.0,0.0,0.0,1.0,0.0,Tokyo
-0.8916133708775814,1.70627945667891,0.3074422217434228,0.0,0.0,0.0,0.0,1.0,1.0,0.0,0.0,Londres
0.3645339535484282,0.08594204977382142,0.9345681636156136,1.0,0.0,0.0,0.0,0.0,0.0,0.0,1.0,Bali
-0.8916133708775814,-0.08332396614218972,-1.5739356038731493,0.0,0.0,1.0,0.0,0.0,0.0,0.0,1.0,Rio de Janeiro
1.4223422267492785,-1.1866306335220078,1.4362689171133662,0.0,0.0,0.0,0.0,1.0,0.0,1.0,0.0,Bali
-0.6271613025773689,0.9461211670197326,-0.1942585317543298,0.0,0.0,0.0,1.0,0.0,1.0,0.0,0.0,Sydney
0.1661949023232688,0.2090446068036477,-1.3230852271242732,1.0,0.0,0.0,0.0,0.0,0.0,0.0,1.0,Barcelone
1.3562292096742252,-1.085071023972401,-0.4451089085032061,0.0,0.0,1.0,0.0,0.0,1.0,0.0,0.0,Tokyo
0.695099038923694,-1.6336467937365644,-0.1942585317543298,0.0,0.0,1.0,0.0,0.0,0.0,1.0,0.0,Bali
1.0256641242989597,-1.0581423396221266,1.4362689171133662,0.0,0.0,0.0,0.0,1.0,0.0,0.0,1.0,Le Caire
0.7612120559987471,0.26674893041137876,-1.4485104154987114,0.0,0.0,0.0,0.0,1.0,1.0,0.0,0.0,Paris
0.7612120559987471,-1.655189741216784,-0.6959592852520824,0.0,0.0,0.0,1.0,0.0,0.0,1.0,0.0,New York
-0.032144148901890615,-1.1135384902855483,1.0599933519900517,0.0,1.0,0.0,0.0,0.0,0.0,1.0,0.0,Paris
-0.6271613025773689,0.30291030653889023,0.6837177868667372,0.0,0.0,1.0,0.0,0.0,0.0,0.0,1.0,Rome
0.5628730047735876,-0.35722715553355316,0.18201703336898464,0.0,0.0,0.0,0.0,1.0,0.0,0.0,1.0,Paris
-1.5527435416281128,-0.14641402661997568,0.8091429752411754,0.0,1.0,0.0,0.0,0.0,1.0,0.0,0.0,Tokyo
-1.0899524221027408,1.6016422832035575,-1.3230852271242732,1.0,0.0,0.0,0.0,0.0,0.0,0.0,1.0,Sydney
-0.4288222513522094,-0.000999131128493388,-1.4485104154987114,1.0,0.0,0.0,0.0,0.0,0.0,1.0,0.0,Sydney
-1.2882914733279003,1.095383017418397,-1.072234850375397,0.0,0.0,1.0,0.0,0.0,0.0,0.0,1.0,Sydney
0.6289860218486407,-1.3997519353798944,-0.4451089085032061,0.0,0.0,1.0,0.0,0.0,0.0,1.0,0.0,Barcelone
0.3645339535484282,0.4852559691393204,1.310843728738928,0.0,0.0,0.0,0.0,1.0,1.0,0.0,0.0,Sydney
0.3645339535484282,-0.390310967735319,-0.6959592852520824,0.0,0.0,0.0,0.0,1.0,0.0,0.0,1.0,Tokyo
0.1661949023232688,-0.0394686802003141,-0.6959592852520824,1.0,0.0,0.0,0.0,0.0,0.0,1.0,0.0,Barcelone
-1.0238394050276878,-0.10871386852959138,1.6871192938622424,0.0,0.0,0.0,0.0,1.0,0.0,0.0,1.0,Bali
-0.3627092342771563,-1.4982339810037555,-1.4485104154987114,1.0,0.0,0.0,0.0,0.0,0.0,1.0,0.0,Rome
-0.29659621720210316,0.6729873686098055,-1.6993607922475875,0.0,0.0,0.0,0.0,1.0,1.0,0.0,0.0,Londres
0.8934380901488533,1.1484709951375094,0.056591844994546496,0.0,0.0,1.0,0.0,0.0,1.0,0.0,0.0,Tokyo
-0.23048320012705004,-0.35568837357068034,-1.3230852271242732,0.0,0.0,1.0,0.0,0.0,0.0,0.0,1.0,Londres
0.6289860218486407,0.03362346303614525,-1.197660038749835,0.0,0.0,0.0,0.0,1.0,1.0,0.0,0.0,Paris
0.3645339535484282,0.21366095269226618,0.6837177868667372,0.0,0.0,0.0,0.0,1.0,0.0,0.0,1.0,Bali
-0.7593873367274752,0.3775412317382224,-1.197660038749835,1.0,0.0,0.0,0.0,0.0,1.0,0.0,0.0,Le Caire
-1.0899524221027408,1.2300264391697695,0.3074422217434228,0.0,0.0,0.0,0.0,1.0,0.0,1.0,0.0,Bali
1.686794295049491,-0.07486066534638916,0.43286741011786095,0.0,0.0,0.0,1.0,0.0,0.0,0.0,1.0,Sydney
1.0917771413740127,0.8222492190084698,0.43286741011786095,0.0,0.0,0.0,0.0,1.0,0.0,1.0,0.0,Rome
-0.3627092342771563,-0.4503234642873593,1.6871192938622424,0.0,0.0,0.0,1.0,0.0,0.0,1.0,0.0,Rome
1.224003175524119,0.9853601070729897,0.9345681636156136,0.0,0.0,0.0,0.0,1.0,0.0,0.0,1.0,Bali
0.9595511072239065,-0.44032138152868594,0.43286741011786095,0.0,1.0,0.0,0.0,0.0,1.0,0.0,0.0,Rome
0.3645339535484282,0.7145344816073719,-0.8213844736265206,0.0,0.0,0.0,0.0,1.0,0.0,0.0,1.0,Londres
-0.7593873367274752,1.359284124051087,-1.3230852271242732,0.0,0.0,1.0,0.0,0.0,1.0,0.0,0.0,New York
1.3562292096742252,0.23751207311679504,-0.8213844736265206,0.0,0.0,1.0,0.0,0.0,1.0,0.0,0.0,New York
1.4884552438243315,1.1484709951375094,0.43286741011786095,0.0,0.0,0.0,1.0,0.0,0.0,0.0,1.0,Rio de Janeiro
1.2901161925991722,-1.0412157380305254,1.0599933519900517,0.0,0.0,1.0,0.0,0.0,0.0,0.0,1.0,Bali
-0.5610482855023157,-1.712894064824515,0.8091429752411754,0.0,0.0,0.0,1.0,0.0,1.0,0.0,0.0,Rio de Janeiro
1.224003175524119,-0.8734885040773871,-1.072234850375397,1.0,0.0,0.0,0.0,0.0,0.0,1.0,0.0,Rome
1.0917771413740127,-1.0242891364389244,0.3074422217434228,1.0,0.0,0.0,0.0,0.0,0.0,0.0,1.0,Bali
1.5545682608993847,0.3713861038867311,-1.3230852271242732,0.0,0.0,0.0,0.0,1.0,0.0,0.0,1.0,New York
1.4884552438243315,1.0607604232537582,-0.1942585317543298,0.0,0.0,0.0,0.0,1.0,1.0,0.0,0.0,New York
1.0256641242989597,-1.0450626929377076,0.18201703336898464,0.0,0.0,0.0,0.0,1.0,0.0,1.0,0.0,New York
-0.5610482855023157,1.1284668296201628,0.18201703336898464,0.0,0.0,0.0,1.0,0.0,0.0,0.0,1.0,Rome
-1.4205175074780065,-1.5644016054072871,0.6837177868667372,1.0,0.0,0.0,0.0,0.0,0.0,1.0,0.0,Barcelone
-1.618856558703166,0.3259920359819827,0.056591844994546496,0.0,0.0,0.0,1.0,0.0,0.0,1.0,0.0,Paris
1.224003175524119,-0.5364952542082377,0.18201703336898464,0.0,0.0,1.0,0.0,0.0,1.0,0.0,0.0,New York
-0.3627092342771563,-0.0994811767523544,-0.9468096620009587,0.0,0.0,0.0,0.0,1.0,0.0,1.0,0.0,Rome
1.0917771413740127,0.12595038080851495,1.5616941054878042,0.0,0.0,0.0,1.0,0.0,0.0,0.0,1.0,Rome
0.23230791939832193,0.0790175309408937,1.0599933519900517,0.0,0.0,0.0,0.0,1.0,0.0,0.0,1.0,Londres
-0.693274319652422,0.10209926038398612,0.6837177868667372,0.0,0.0,1.0,0.0,0.0,0.0,0.0,1.0,Sydney
1.4223422267492785,-1.355896649438019,-1.5739356038731493,0.0,0.0,0.0,1.0,0.0,0.0,0.0,1.0,Rome
-1.4866305245530596,1.3715943797540697,-1.6993607922475875,0.0,0.0,0.0,1.0,0.0,0.0,1.0,0.0,New York
-0.8255003538025283,0.7114569176816262,-1.5739356038731493,0.0,1.0,0.0,0.0,0.0,0.0,0.0,1.0,Rio de Janeiro
1.3562292096742252,-1.502850326892374,0.8091429752411754,0.0,0.0,1.0,0.0,0.0,1.0,0.0,0.0,Sydney
0.23230791939832193,-0.18103662078461433,-0.8213844736265206,0.0,1.0,0.0,0.0,0.0,1.0,0.0,0.0,Le Caire
-1.4205175074780065,-0.6896040595140841,0.9345681636156136,1.0,0.0,0.0,0.0,0.0,0.0,1.0,0.0,Bali
-1.618856558703166,1.3208145749792664,0.9345681636156136,1.0,0.0,0.0,0.0,0.0,0.0,0.0,1.0,Le Caire
0.6289860218486407,-0.10332813165953648,-1.3230852271242732,0.0,0.0,0.0,0.0,1.0,0.0,1.0,0.0,Paris
0.49675998769853447,1.0976911903627062,-0.1942585317543298,1.0,0.0,0.0,0.0,0.0,0.0,0.0,1.0,Bali
-0.16437018305199688,0.5552705484500341,1.0599933519900517,0.0,0.0,0.0,0.0,1.0,0.0,1.0,0.0,Barcelone
0.2984209364733751,1.5808687267047743,-0.4451089085032061,0.0,0.0,0.0,0.0,1.0,1.0,0.0,0.0,Paris
0.6289860218486407,-1.3658987321966922,1.0599933519900517,0.0,0.0,0.0,0.0,1.0,1.0,0.0,0.0,Rio de Janeiro
-1.2882914733279003,0.17596079460188188,-0.9468096620009587,0.0,1.0,0.0,0.0,0.0,0.0,1.0,0.0,Rome
0.8273250730738002,1.5662502980574824,0.9345681636156136,0.0,0.0,0.0,1.0,0.0,0.0,0.0,1.0,Tokyo
-1.618856558703166,-1.5390117030198855,-1.4485104154987114,0.0,1.0,0.0,0.0,0.0,0.0,0.0,1.0,Rome
-1.0238394050276878,1.2300264391697695,-0.4451089085032061,0.0,0.0,1.0,0.0,0.0,0.0,1.0,0.0,Rome
0.23230791939832193,1.0522971224579578,1.310843728738928,0.0,1.0,0.0,0.0,0.0,0.0,0.0,1.0,Rio de Janeiro
0.3645339535484282,1.288500153758937,-1.4485104154987114,0.0,0.0,0.0,0.0,1.0,1.0,0.0,0.0,Tokyo
0.8273250730738002,0.3336859457963468,-1.197660038749835,0.0,0.0,0.0,1.0,0.0,1.0,0.0,0.0,Barcelone
-0.8916133708775814,-0.5772729762243677,-1.072234850375397,0.0,0.0,0.0,0.0,1.0,0.0,1.0,0.0,Rome
1.5545682608993847,0.8176328731198513,0.8091429752411754,0.0,0.0,1.0,0.0,0.0,1.0,0.0,0.0,Barcelone
-1.4205175074780065,-1.6305692298108188,0.9345681636156136,0.0,0.0,0.0,0.0,1.0,0.0,0.0,1.0,New York
1.3562292096742252,0.9976703627759723,-1.6993607922475875,0.0,0.0,0.0,1.0,0.0,0.0,0.0,1.0,Le Caire
-0.693274319652422,0.3536901113136936,0.43286741011786095,0.0,0.0,1.0,0.0,0.0,0.0,0.0,1.0,Rio de Janeiro
-1.684969575778219,1.3992924550857806,0.5582925984922991,0.0,1.0,0.0,0.0,0.0,0.0,1.0,0.0,Paris
0.6289860218486407,-0.7573104658804886,-1.197660038749835,0.0,0.0,0.0,0.0,1.0,1.0,0.0,0.0,Sydney
0.5628730047735876,0.26059380255988746,1.6871192938622424,0.0,0.0,0.0,1.0,0.0,1.0,0.0,0.0,Tokyo
-0.032144148901890615,1.1677057696734199,-0.5705340968776442,0.0,0.0,0.0,1.0,0.0,0.0,0.0,1.0,Barcelone
-0.4949352684272626,0.30444908850176305,0.3074422217434228,0.0,0.0,1.0,0.0,0.0,1.0,0.0,0.0,Bali
0.49675998769853447,-1.0281360913461064,1.5616941054878042,1.0,0.0,0.0,0.0,0.0,0.0,1.0,0.0,New York
0.8273250730738002,-0.29413709505576724,1.18541854036449,0.0,0.0,0.0,1.0,0.0,1.0,0.0,0.0,New York
-0.032144148901890615,0.5398827288213058,-0.6959592852520824,0.0,1.0,0.0,0.0,0.0,0.0,1.0,0.0,Sydney
-0.8255003538025283,1.5700972529646644,1.18541854036449,0.0,1.0,0.0,0.0,0.0,0.0,0.0,1.0,Rome
0.1661949023232688,-1.4412990483774608,-0.06883334337989165,1.0,0.0,0.0,0.0,0.0,0.0,1.0,0.0,Le Caire
0.033968868173162525,-0.3987742685311195,1.18541854036449,0.0,0.0,0.0,0.0,1.0,0.0,1.0,0.0,Londres
0.49675998769853447,-1.7059695459915873,-0.4451089085032061,1.0,0.0,0.0,0.0,0.0,0.0,0.0,1.0,Sydney
-0.23048320012705004,0.2305875542838673,-1.3230852271242732,0.0,0.0,0.0,0.0,1.0,0.0,1.0,0.0,Bali
-0.09825716597694376,-0.6018934876303329,-0.06883334337989165,0.0,0.0,0.0,0.0,1.0,0.0,1.0,0.0,Bali
0.9595511072239065,0.12671977178995136,-1.4485104154987114,0.0,0.0,0.0,1.0,0.0,0.0,0.0,1.0,Tokyo
1.2901161925991722,-0.8019351428038006,-0.5705340968776442,0.0,0.0,1.0,0.0,0.0,0.0,0.0,1.0,Tokyo
0.6289860218486407,1.5724054259089737,0.18201703336898464,0.0,0.0,0.0,0.0,1.0,0.0,0.0,1.0,Sydney
-1.618856558703166,-1.0004380160143955,-0.6959592852520824,0.0,0.0,0.0,1.0,0.0,1.0,0.0,0.0,Londres
-1.2882914733279003,1.3061961463319745,1.6871192938622424,1.0,0.0,0.0,0.0,0.0,1.0,0.0,0.0,New York
-1.4866305245530596,0.6283626916864935,1.5616941054878042,0.0,0.0,0.0,1.0,0.0,0.0,0.0,1.0,Londres
-1.2882914733279003,1.1415464763045817,1.18541854036449,0.0,1.0,0.0,0.0,0.0,0.0,1.0,0.0,Le Caire
-0.5610482855023157,-1.4882318982450822,1.0599933519900517,0.0,1.0,0.0,0.0,0.0,1.0,0.0,0.0,Sydney
-0.9577263879526345,-0.6703692849781738,1.18541854036449,0.0,0.0,1.0,0.0,0.0,0.0,0.0,1.0,Barcelone
-1.4205175074780065,0.757620376567811,1.6871192938622424,0.0,0.0,0.0,1.0,0.0,1.0,0.0,0.0,Paris
1.620681277974438,1.125389265694417,-0.4451089085032061,0.0,0.0,1.0,0.0,0.0,0.0,0.0,1.0,Bali
1.0917771413740127,-1.5336259661498306,-0.6959592852520824,0.0,0.0,1.0,0.0,0.0,0.0,0.0,1.0,Paris
1.5545682608993847,-0.555730028744148,1.310843728738928,0.0,0.0,0.0,1.0,0.0,0.0,1.0,0.0,Rome
0.6289860218486407,-0.2972146589815129,1.4362689171133662,0.0,0.0,0.0,0.0,1.0,1.0,0.0,0.0,Rio de Janeiro
-1.4205175074780065,-1.1581631672088604,-0.1942585317543298,0.0,0.0,0.0,0.0,1.0,1.0,0.0,0.0,Rio de Janeiro
-0.3627092342771563,0.6360566015008576,-1.3230852271242732,0.0,0.0,1.0,0.0,0.0,1.0,0.0,0.0,Paris
0.49675998769853447,1.3115818832020294,-0.5705340968776442,0.0,0.0,1.0,0.0,0.0,0.0,1.0,0.0,Londres
0.8273250730738002,0.23828146409823145,-1.072234850375397,1.0,0.0,0.0,0.0,0.0,0.0,1.0,0.0,Londres
-1.156065439177794,1.6616547797555978,-0.5705340968776442,0.0,0.0,0.0,1.0,0.0,0.0,1.0,0.0,New York
0.5628730047735876,-0.9696623767569389,1.18541854036449,0.0,1.0,0.0,0.0,0.0,1.0,0.0,0.0,Tokyo
-1.2882914733279003,0.26521014844850593,-0.8213844736265206,0.0,0.0,1.0,0.0,0.0,0.0,0.0,1.0,Rome
1.620681277974438,1.6170301028322858,0.3074422217434228,0.0,0.0,0.0,0.0,1.0,1.0,0.0,0.0,Paris
1.157890158449066,-1.0473708658820167,-1.4485104154987114,1.0,0.0,0.0,0.0,0.0,0.0,0.0,1.0,Bali
-1.4205175074780065,-1.0650668584550542,-0.6959592852520824,0.0,0.0,1.0,0.0,0.0,1.0,0.0,0.0,New York
-0.7593873367274752,-0.47802153961907023,-1.5739356038731493,0.0,0.0,0.0,1.0,0.0,0.0,0.0,1.0,Barcelone
-0.8916133708775814,1.6062586290921759,1.310843728738928,0.0,1.0,0.0,0.0,0.0,0.0,1.0,0.0,Londres
-0.4949352684272626,-0.19642444041334262,1.5616941054878042,0.0,0.0,0.0,0.0,1.0,1.0,0.0,0.0,New York
1.3562292096742252,0.5452684656913607,-0.6959592852520824,0.0,0.0,1.0,0.0,0.0,1.0,0.0,0.0,Le Caire
-1.3544044904029533,1.2792674619817,-0.1942585317543298,1.0,0.0,0.0,0.0,0.0,0.0,1.0,0.0,New York
0.7612120559987471,-0.5495749008926567,-0.6959592852520824,0.0,1.0,0.0,0.0,0.0,1.0,0.0,0.0,Rio de Janeiro
0.695099038923694,0.05670519247923768,-0.4451089085032061,0.0,0.0,0.0,1.0,0.0,0.0,0.0,1.0,Londres
-1.0899524221027408,-1.4813073794121543,1.310843728738928,0.0,1.0,0.0,0.0,0.0,0.0,0.0,1.0,Sydney
-0.3627092342771563,0.31060421635325436,-0.31968372012876795,0.0,0.0,1.0,0.0,0.0,0.0,1.0,0.0,Londres
-0.29659621720210316,-1.4328357475816602,-0.8213844736265206,0.0,0.0,1.0,0.0,0.0,0.0,1.0,0.0,Barcelone
1.2901161925991722,-1.584405770924634,1.6871192938622424,0.0,0.0,0.0,1.0,0.0,0.0,0.0,1.0,New York
0.8273250730738002,-1.393596807528403,0.3074422217434228,1.0,0.0,0.0,0.0,0.0,0.0,0.0,1.0,Bali
-0.032144148901890615,0.27136527629999724,0.43286741011786095,0.0,0.0,0.0,0.0,1.0,1.0,0.0,0.0,Barcelone
0.49675998769853447,-1.242796175166866,-0.06883334337989165,0.0,1.0,0.0,0.0,0.0,0.0,1.0,0.0,Paris
-0.693274319652422,-0.2333552075222905,0.43286741011786095,1.0,0.0,0.0,0.0,0.0,0.0,0.0,1.0,New York
1.686794295049491,0.6599077219253865,-0.4451089085032061,0.0,0.0,1.0,0.0,0.0,1.0,0.0,0.0,Rome
-1.0899524221027408,0.4991050068051759,-0.06883334337989165,0.0,0.0,0.0,0.0,1.0,1.0,0.0,0.0,Bali
-1.156065439177794,0.5144928264339041,0.18201703336898464,0.0,0.0,0.0,1.0,0.0,1.0,0.0,0.0,New York
-1.222178456252847,0.8791841516347645,-0.31968372012876795,0.0,0.0,0.0,0.0,1.0,0.0,1.0,0.0,Londres
0.5628730047735876,0.12287281688276931,-0.9468096620009587,1.0,0.0,0.0,0.0,0.0,1.0,0.0,0.0,Barcelone
1.686794295049491,1.5739442078718466,0.43286741011786095,0.0,0.0,0.0,1.0,0.0,0.0,1.0,0.0,Barcelone
0.10008188524821567,-0.3741537571251543,-1.6993607922475875,0.0,0.0,1.0,0.0,0.0,0.0,0.0,1.0,Barcelone
-0.4949352684272626,0.2528998927455233,-0.06883334337989165,0.0,0.0,0.0,1.0,0.0,0.0,1.0,0.0,New York
1.2901161925991722,-0.7796228043421446,0.056591844994546496,0.0,0.0,1.0,0.0,0.0,1.0,0.0,0.0,Bali
1.686794295049491,-0.7119163979757401,0.5582925984922991,1.0,0.0,0.0,0.0,0.0,1.0,0.0,0.0,Bali
1.4884552438243315,-1.2881902430716143,-0.06883334337989165,0.0,1.0,0.0,0.0,0.0,0.0,1.0,0.0,Le Caire
1.0917771413740127,-0.30183100487013137,-0.4451089085032061,0.0,1.0,0.0,0.0,0.0,1.0,0.0,0.0,Rome
0.1661949023232688,1.1192341378429258,1.6871192938622424,0.0,0.0,0.0,0.0,1.0,1.0,0.0,0.0,Paris
-0.4288222513522094,-0.17334271097025017,-0.6959592852520824,0.0,0.0,0.0,1.0,0.0,1.0,0.0,0.0,Rome
-1.5527435416281128,-0.6896040595140841,1.6871192938622424,0.0,0.0,0.0,1.0,0.0,0.0,0.0,1.0,Barcelone
1.2901161925991722,-1.6059487184048535,0.43286741011786095,0.0,0.0,0.0,0.0,1.0,1.0,0.0,0.0,Rio de Janeiro
-0.4949352684272626,-0.46494189293465116,-0.31968372012876795,1.0,0.0,0.0,0.0,0.0,1.0,0.0,0.0,Barcelone
-0.4949352684272626,-0.8334801730426936,-0.5705340968776442,0.0,1.0,0.0,0.0,0.0,0.0,0.0,1.0,Sydney
-0.16437018305199688,-0.618820089221934,-1.197660038749835,0.0,1.0,0.0,0.0,0.0,0.0,0.0,1.0,Rome
-0.8255003538025283,-1.2666472955913948,1.6871192938622424,0.0,0.0,0.0,0.0,1.0,0.0,0.0,1.0,Rome
0.43064697062348134,-0.6472875555350813,-0.6959592852520824,0.0,1.0,0.0,0.0,0.0,0.0,0.0,1.0,Le Caire
0.7612120559987471,-0.5457279459854747,-0.31968372012876795,1.0,0.0,0.0,0.0,0.0,0.0,1.0,0.0,Rio de Janeiro
-1.618856558703166,0.8922637983191836,1.18541854036449,0.0,1.0,0.0,0.0,0.0,1.0,0.0,0.0,Paris
-0.8255003538025283,0.40523930706993333,-0.6959592852520824,0.0,0.0,0.0,1.0,0.0,0.0,1.0,0.0,Barcelone
-0.29659621720210316,0.45601911184473665,-0.6959592852520824,0.0,0.0,0.0,0.0,1.0,0.0,1.0,0.0,Tokyo
0.1661949023232688,0.6945303160900251,-0.06883334337989165,0.0,1.0,0.0,0.0,0.0,0.0,1.0,0.0,Londres
0.8934380901488533,-0.3795394939952092,1.18541854036449,0.0,0.0,0.0,1.0,0.0,1.0,0.0,0.0,Rome
-0.6271613025773689,-0.9111886621677714,-0.31968372012876795,0.0,0.0,0.0,1.0,0.0,1.0,0.0,0.0,Rome
-0.693274319652422,0.45140276595611817,0.9345681636156136,0.0,1.0,0.0,0.0,0.0,1.0,0.0,0.0,Rome
-1.222178456252847,0.4298598184758986,1.18541854036449,0.0,0.0,0.0,0.0,1.0,0.0,0.0,1.0,Tokyo
-1.3544044904029533,1.3554371691439049,-1.4485104154987114,0.0,0.0,0.0,0.0,1.0,0.0,0.0,1.0,Tokyo
1.0917771413740127,-0.47109702078614246,0.6837177868667372,0.0,1.0,0.0,0.0,0.0,1.0,0.0,0.0,Le Caire
-1.0899524221027408,0.10671560627260461,-0.4451089085032061,0.0,0.0,1.0,0.0,0.0,1.0,0.0,0.0,New York
-1.618856558703166,0.024390771258908282,1.5616941054878042,0.0,1.0,0.0,0.0,0.0,0.0,0.0,1.0,Rome
-0.9577263879526345,0.9684335054813885,-0.5705340968776442,1.0,0.0,0.0,0.0,0.0,0.0,1.0,0.0,Tokyo
1.686794295049491,0.6745261505726783,1.6871192938622424,0.0,0.0,0.0,1.0,0.0,1.0,0.0,0.0,Sydney
0.9595511072239065,1.4316068763061098,0.9345681636156136,0.0,1.0,0.0,0.0,0.0,1.0,0.0,0.0,New York
-0.8255003538025283,0.4237046906244073,0.43286741011786095,0.0,0.0,1.0,0.0,0.0,0.0,0.0,1.0,Barcelone
0.6289860218486407,-0.6265139990362981,1.5616941054878042,0.0,1.0,0.0,0.0,0.0,0.0,0.0,1.0,Paris
0.6289860218486407,-1.0296748733089793,-0.9468096620009587,0.0,0.0,0.0,1.0,0.0,1.0,0.0,0.0,Paris
1.686794295049491,-0.4395519905472495,1.5616941054878042,0.0,0.0,0.0,0.0,1.0,0.0,0.0,1.0,Rome
-0.4949352684272626,-0.3918497496981918,-0.5705340968776442,0.0,0.0,0.0,0.0,1.0,1.0,0.0,0.0,Bali
-0.9577263879526345,-1.0696832043436728,1.4362689171133662,0.0,0.0,1.0,0.0,0.0,0.0,0.0,1.0,Paris
-0.7593873367274752,-1.649804004346729,-1.6993607922475875,0.0,1.0,0.0,0.0,0.0,0.0,0.0,1.0,Rome
-0.032144148901890615,-0.6603672022195004,1.5616941054878042,0.0,1.0,0.0,0.0,0.0,0.0,1.0,0.0,Rio de Janeiro
1.4884552438243315,0.9768968062771891,-0.5705340968776442,0.0,0.0,1.0,0.0,0.0,1.0,0.0,0.0,Bali
1.0256641242989597,0.5391133378398694,-1.4485104154987114,0.0,0.0,0.0,0.0,1.0,0.0,1.0,0.0,Rio de Janeiro
-0.4949352684272626,0.4721763224549014,-1.197660038749835,0.0,0.0,1.0,0.0,0.0,0.0,1.0,0.0,Tokyo
1.4223422267492785,-0.8757966770216964,1.310843728738928,0.0,0.0,0.0,1.0,0.0,0.0,0.0,1.0,Rio de Janeiro
-0.6271613025773689,-1.7267431024903706,0.056591844994546496,0.0,1.0,0.0,0.0,0.0,0.0,0.0,1.0,Londres
0.6289860218486407,-0.12102412423257401,-1.3230852271242732,0.0,0.0,0.0,1.0,0.0,0.0,0.0,1.0,Londres
-0.693274319652422,1.4123721017701996,-1.4485104154987114,0.0,1.0,0.0,0.0,0.0,0.0,1.0,0.0,Tokyo
-0.8916133708775814,0.7345386471247186,0.18201703336898464,0.0,0.0,0.0,1.0,0.0,0.0,0.0,1.0,Le Caire
0.1661949023232688,-1.148161084450187,0.3074422217434228,0.0,0.0,0.0,0.0,1.0,0.0,1.0,0.0,Rio de Janeiro
0.49675998769853447,-0.8588700754300953,0.056591844994546496,0.0,0.0,1.0,0.0,0.0,1.0,0.0,0.0,Barcelone
1.620681277974438,-0.3226045613689145,0.9345681636156136,1.0,0.0,0.0,0.0,0.0,0.0,1.0,0.0,Rio de Janeiro
1.0917771413740127,1.1323137845273448,-0.6959592852520824,0.0,0.0,1.0,0.0,0.0,1.0,0.0,0.0,Londres
-0.09825716597694376,-0.28644318524140305,0.6837177868667372,1.0,0.0,0.0,0.0,0.0,0.0,1.0,0.0,New York
-0.693274319652422,-0.012539995850039601,-0.9468096620009587,0.0,0.0,0.0,0.0,1.0,0.0,0.0,1.0,Rome
-0.3627092342771563,1.079225806808232,-0.1942585317543298,0.0,0.0,1.0,0.0,0.0,0.0,1.0,0.0,Rome
-0.6271613025773689,-1.0289054823275428,0.056591844994546496,0.0,0.0,1.0,0.0,0.0,1.0,0.0,0.0,Paris
-0.693274319652422,0.9753580243143163,-1.5739356038731493,0.0,0.0,0.0,0.0,1.0,0.0,0.0,1.0,Londres
-1.2882914733279003,-1.2081735810022274,0.8091429752411754,1.0,0.0,0.0,0.0,0.0,1.0,0.0,0.0,Sydney
1.686794295049491,-1.5490137857785589,-1.5739356038731493,0.0,0.0,0.0,1.0,0.0,0.0,1.0,0.0,Barcelone
0.8273250730738002,-0.40262122343830165,-0.31968372012876795,0.0,1.0,0.0,0.0,0.0,0.0,0.0,1.0,Londres
-1.5527435416281128,1.6947385919573636,1.6871192938622424,0.0,0.0,1.0,0.0,0.0,0.0,1.0,0.0,Londres
-0.032144148901890615,1.225410093281151,-1.072234850375397,0.0,0.0,0.0,0.0,1.0,0.0,0.0,1.0,Tokyo
1.4223422267492785,0.9515069038897874,1.6871192938622424,0.0,0.0,0.0,0.0,1.0,0.0,1.0,0.0,Tokyo
1.224003175524119,0.20442826091502922,1.310843728738928,0.0,0.0,0.0,1.0,0.0,1.0,0.0,0.0,New York
-0.032144148901890615,-0.44801529134305007,-1.072234850375397,0.0,0.0,1.0,0.0,0.0,1.0,0.0,0.0,Le Caire
0.8934380901488533,0.7137650906259354,-1.5739356038731493,0.0,0.0,0.0,0.0,1.0,0.0,0.0,1.0,Tokyo
-0.7593873367274752,1.0053642725903364,-0.1942585317543298,0.0,0.0,1.0,0.0,0.0,0.0,0.0,1.0,Sydney
1.0256641242989597,-0.6919122324583934,0.43286741011786095,0.0,0.0,0.0,1.0,0.0,1.0,0.0,0.0,Bali
-0.6271613025773689,-0.16026306428583115,0.5582925984922991,0.0,0.0,1.0,0.0,0.0,0.0,1.0,0.0,Sydney
1.0917771413740127,0.9699722874442613,-0.8213844736265206,0.0,1.0,0.0,0.0,0.0,0.0,0.0,1.0,Paris
-0.032144148901890615,0.7168426545516811,-0.6959592852520824,1.0,0.0,0.0,0.0,0.0,0.0,1.0,0.0,Barcelone
-0.09825716597694376,1.5908708094634476,0.6837177868667372,1.0,0.0,0.0,0.0,0.0,1.0,0.0,0.0,Le Caire
-0.032144148901890615,-0.38184766693951844,0.5582925984922991,0.0,0.0,0.0,1.0,0.0,1.0,0.0,0.0,Barcelone
0.6289860218486407,0.632979037575112,-1.5739356038731493,1.0,0.0,0.0,0.0,0.0,0.0,0.0,1.0,Barcelone
-1.0899524221027408,1.5377828317443352,-1.6993607922475875,1.0,0.0,0.0,0.0,0.0,0.0,0.0,1.0,Rome
-1.684969575778219,-1.6205671470521454,-0.9468096620009587,0.0,1.0,0.0,0.0,0.0,1.0,0.0,0.0,Londres
1.686794295049491,1.5308583129114073,0.43286741011786095,0.0,0.0,0.0,0.0,1.0,0.0,0.0,1.0,Tokyo
-0.23048320012705004,-0.07870762025357123,-1.4485104154987114,0.0,1.0,0.0,0.0,0.0,1.0,0.0,0.0,Sydney
0.49675998769853447,-0.3579965465149896,0.8091429752411754,0.0,0.0,0.0,1.0,0.0,0.0,0.0,1.0,Barcelone
0.9595511072239065,-1.3835947247697298,0.056591844994546496,0.0,0.0,1.0,0.0,0.0,1.0,0.0,0.0,Sydney
1.157890158449066,0.269057103355688,-1.197660038749835,0.0,0.0,0.0,1.0,0.0,0.0,1.0,0.0,Sydney
-0.032144148901890615,-0.11409960539964628,-0.8213844736265206,1.0,0.0,0.0,0.0,0.0,0.0,0.0,1.0,Sydney
1.5545682608993847,0.5406521198027422,0.18201703336898464,0.0,1.0,0.0,0.0,0.0,1.0,0.0,0.0,Bali
0.9595511072239065,-1.1381590016915137,0.6837177868667372,0.0,0.0,1.0,0.0,0.0,0.0,1.0,0.0,New York
-1.0238394050276878,1.5239337940784796,-0.9468096620009587,0.0,1.0,0.0,0.0,0.0,1.0,0.0,0.0,Sydney
-1.4866305245530596,-1.6582673051425296,0.3074422217434228,0.0,0.0,1.0,0.0,0.0,0.0,0.0,1.0,Rio de Janeiro
-0.16437018305199688,0.45524972086330023,-0.5705340968776442,0.0,0.0,0.0,0.0,1.0,0.0,1.0,0.0,Rome
-1.0238394050276878,-1.3043474536817792,0.8091429752411754,0.0,1.0,0.0,0.0,0.0,1.0,0.0,0.0,New York
-0.6271613025773689,1.2231019203368416,-0.4451089085032061,0.0,0.0,0.0,1.0,0.0,1.0,0.0,0.0,Sydney
1.224003175524119,1.6401118322753783,-1.4485104154987114,0.0,1.0,0.0,0.0,0.0,0.0,0.0,1.0,Le Caire
1.4884552438243315,-1.6021017634976715,-0.9468096620009587,0.0,0.0,0.0,0.0,1.0,1.0,0.0,0.0,Bali
-0.4288222513522094,-0.41339269717841143,0.5582925984922991,1.0,0.0,0.0,0.0,0.0,0.0,0.0,1.0,Londres
0.1661949023232688,0.44909459301180893,-1.4485104154987114,1.0,0.0,0.0,0.0,0.0,1.0,0.0,0.0,Tokyo
0.7612120559987471,1.6639629526999071,-0.9468096620009587,0.0,1.0,0.0,0.0,0.0,0.0,0.0,1.0,Tokyo
-1.0238394050276878,0.3967760062741328,0.18201703336898464,0.0,0.0,0.0,0.0,1.0,1.0,0.0,0.0,Bali
0.43064697062348134,-1.6344161847180008,-1.5739356038731493,1.0,0.0,0.0,0.0,0.0,1.0,0.0,0.0,Rio de Janeiro
0.23230791939832193,1.405447582937272,0.8091429752411754,0.0,0.0,0.0,1.0,0.0,0.0,0.0,1.0,Paris
-1.4866305245530596,-0.9796644595156123,-0.9468096620009587,0.0,1.0,0.0,0.0,0.0,1.0,0.0,0.0,Barcelone
1.5545682608993847,0.06055214738641975,-1.072234850375397,0.0,0.0,0.0,1.0,0.0,0.0,0.0,1.0,Tokyo
-1.684969575778219,0.13749124553006117,0.6837177868667372,0.0,0.0,0.0,1.0,0.0,0.0,1.0,0.0,Bali
1.4223422267492785,0.040547981869072984,0.056591844994546496,0.0,1.0,0.0,0.0,0.0,0.0,0.0,1.0,Le Caire
1.0256641242989597,-0.7380756913445782,1.18541854036449,0.0,0.0,0.0,0.0,1.0,1.0,0.0,0.0,Tokyo
-0.8255003538025283,1.326200311849321,0.6837177868667372,0.0,0.0,0.0,1.0,0.0,0.0,0.0,1.0,New York
-1.0238394050276878,-0.1379507258241751,0.8091429752411754,0.0,1.0,0.0,0.0,0.0,0.0,0.0,1.0,Rio de Janeiro
-0.23048320012705004,-0.24797363616958237,-0.1942585317543298,0.0,1.0,0.0,0.0,0.0,1.0,0.0,0.0,Paris
1.5545682608993847,0.6452892932780946,-0.6959592852520824,0.0,1.0,0.0,0.0,0.0,0.0,1.0,0.0,Le Caire
-1.5527435416281128,1.0853809346597236,-0.8213844736265206,1.0,0.0,0.0,0.0,0.0,0.0,1.0,0.0,Barcelone
-1.3544044904029533,1.54316856861439,-0.1942585317543298,0.0,1.0,0.0,0.0,0.0,0.0,0.0,1.0,Le Caire
-0.6271613025773689,1.38005768054987,-0.1942585317543298,0.0,0.0,0.0,0.0,1.0,0.0,0.0,1.0,Rio de Janeiro
-0.16437018305199688,-1.2050960170764817,-0.4451089085032061,0.0,0.0,0.0,1.0,0.0,0.0,0.0,1.0,Barcelone
1.5545682608993847,0.16288114791746283,0.9345681636156136,0.0,1.0,0.0,0.0,0.0,0.0,1.0,0.0,Londres
-0.23048320012705004,0.06824605720078389,0.6837177868667372,0.0,0.0,1.0,0.0,0.0,1.0,0.0,0.0,Londres
-0.09825716597694376,-0.11717716932539193,-0.9468096620009587,0.0,0.0,0.0,0.0,1.0,0.0,0.0,1.0,Le Caire
-0.4288222513522094,-0.26874719266836555,-0.31968372012876795,1.0,0.0,0.0,0.0,0.0,0.0,1.0,0.0,Londres
-1.618856558703166,-0.47340519373045176,1.310843728738928,0.0,0.0,0.0,0.0,1.0,0.0,0.0,1.0,Rio de Janeiro
-0.9577263879526345,-1.6828878165484948,-1.3230852271242732,0.0,0.0,1.0,0.0,0.0,0.0,1.0,0.0,Le Caire
1.4223422267492785,0.055935801497801266,-1.3230852271242732,0.0,0.0,0.0,0.0,1.0,1.0,0.0,0.0,New York
-0.9577263879526345,-1.5905608987761253,-1.072234850375397,0.0,0.0,1.0,0.0,0.0,0.0,1.0,0.0,Rome
-0.3627092342771563,-0.5795811491686769,0.6837177868667372,0.0,0.0,1.0,0.0,0.0,0.0,0.0,1.0,New York
0.23230791939832193,1.1015381452698882,-1.4485104154987114,0.0,0.0,0.0,0.0,1.0,1.0,0.0,0.0,Sydney
0.8273250730738002,0.38523514155258654,1.310843728738928,0.0,0.0,0.0,0.0,1.0,0.0,0.0,1.0,Rio de Janeiro
1.5545682608993847,-1.651342786309602,1.6871192938622424,0.0,0.0,0.0,1.0,0.0,0.0,0.0,1.0,Tokyo
-1.5527435416281128,0.848408512377308,1.4362689171133662,0.0,0.0,0.0,1.0,0.0,1.0,0.0,0.0,Londres
-0.4949352684272626,1.1461628221932003,0.18201703336898464,0.0,0.0,1.0,0.0,0.0,1.0,0.0,0.0,Barcelone
0.033968868173162525,-1.6428794855138014,-0.4451089085032061,0.0,0.0,0.0,1.0,0.0,0.0,1.0,0.0,Tokyo
-1.156065439177794,1.2938858906289918,0.9345681636156136,0.0,0.0,0.0,1.0,0.0,1.0,0.0,0.0,Rome
-0.3627092342771563,0.601434007336219,0.18201703336898464,0.0,0.0,0.0,0.0,1.0,0.0,1.0,0.0,Rio de Janeiro
-0.09825716597694376,1.5008520646353871,-0.8213844736265206,0.0,1.0,0.0,0.0,0.0,0.0,0.0,1.0,Le Caire
1.620681277974438,-1.6228753199964545,1.4362689171133662,0.0,0.0,0.0,1.0,0.0,1.0,0.0,0.0,Bali
-0.4949352684272626,-1.025827918401797,-1.4485104154987114,0.0,0.0,0.0,0.0,1.0,0.0,1.0,0.0,Londres
0.8273250730738002,-0.6980673603098847,-1.3230852271242732,0.0,0.0,1.0,0.0,0.0,0.0,0.0,1.0,Tokyo
-0.032144148901890615,-1.1381590016915137,0.5582925984922991,1.0,0.0,0.0,0.0,0.0,0.0,0.0,1.0,Rio de Janeiro
-1.618856558703166,-0.46417250195321474,-0.6959592852520824,1.0,0.0,0.0,0.0,0.0,1.0,0.0,0.0,Rome
1.4884552438243315,-0.11640777834395552,-1.3230852271242732,0.0,0.0,1.0,0.0,0.0,0.0,0.0,1.0,Tokyo
0.9595511072239065,-1.6521121772910383,0.8091429752411754,0.0,0.0,0.0,1.0,0.0,1.0,0.0,0.0,Rio de Janeiro
0.9595511072239065,0.40600869805136974,-0.8213844736265206,0.0,0.0,0.0,0.0,1.0,1.0,0.0,0.0,Rome
0.10008188524821567,1.1284668296201628,-1.3230852271242732,0.0,0.0,0.0,0.0,1.0,0.0,1.0,0.0,Bali
-0.9577263879526345,0.973049851370007,0.9345681636156136,0.0,0.0,0.0,1.0,0.0,0.0,1.0,0.0,Londres
1.620681277974438,-0.0771688382906984,0.18201703336898464,0.0,0.0,1.0,0.0,0.0,0.0,1.0,0.0,Londres
0.8934380901488533,-0.15718550036008547,0.6837177868667372,0.0,0.0,1.0,0.0,0.0,1.0,0.0,0.0,Tokyo
-0.8916133708775814,0.8053226174168687,1.6871192938622424,0.0,1.0,0.0,0.0,0.0,0.0,1.0,0.0,Londres
-0.09825716597694376,-0.15795489134152188,-1.3230852271242732,0.0,0.0,1.0,0.0,0.0,0.0,0.0,1.0,Tokyo
0.9595511072239065,-1.6244141019593274,1.310843728738928,0.0,1.0,0.0,0.0,0.0,1.0,0.0,0.0,Sydney
0.49675998769853447,0.34830437444363865,1.6871192938622424,0.0,1.0,0.0,0.0,0.0,1.0,0.0,0.0,Rio de Janeiro
1.5545682608993847,1.091536062511215,1.4362689171133662,0.0,1.0,0.0,0.0,0.0,0.0,1.0,0.0,Bali
0.695099038923694,0.8830311065419466,1.0599933519900517,0.0,0.0,0.0,0.0,1.0,0.0,0.0,1.0,Paris
0.7612120559987471,1.210791664633859,0.6837177868667372,0.0,1.0,0.0,0.0,0.0,0.0,1.0,0.0,New York
-1.5527435416281128,0.7999368805468139,0.9345681636156136,0.0,0.0,1.0,0.0,0.0,0.0,0.0,1.0,Barcelone
-1.5527435416281128,-0.7442308191960696,-0.9468096620009587,0.0,0.0,0.0,1.0,0.0,1.0,0.0,0.0,Sydney
-0.3627092342771563,0.9361190842610592,-0.8213844736265206,0.0,0.0,0.0,0.0,1.0,0.0,1.0,0.0,Barcelone
-1.684969575778219,-0.7411532552703239,0.056591844994546496,0.0,0.0,0.0,1.0,0.0,0.0,1.0,0.0,Bali
1.3562292096742252,-1.4451460032846428,0.5582925984922991,0.0,0.0,0.0,0.0,1.0,0.0,1.0,0.0,Le Caire
1.4223422267492785,0.30444908850176305,-1.197660038749835,0.0,0.0,0.0,0.0,1.0,0.0,1.0,0.0,Londres
-0.4949352684272626,-1.740592140156226,0.5582925984922991,1.0,0.0,0.0,0.0,0.0,0.0,1.0,0.0,Le Caire
0.49675998769853447,0.9992091447388451,0.18201703336898464,0.0,0.0,0.0,0.0,1.0,1.0,0.0,0.0,Rome
-0.29659621720210316,-0.9081110982420257,-1.5739356038731493,0.0,1.0,0.0,0.0,0.0,0.0,0.0,1.0,Tokyo
1.224003175524119,-1.6790408616413128,-0.5705340968776442,0.0,1.0,0.0,0.0,0.0,1.0,0.0,0.0,Londres
-0.7593873367274752,1.6978161558831093,0.43286741011786095,0.0,1.0,0.0,0.0,0.0,1.0,0.0,0.0,Paris
0.8934380901488533,-0.8588700754300953,0.5582925984922991,1.0,0.0,0.0,0.0,0.0,0.0,0.0,1.0,Bali
0.49675998769853447,-1.3135801454590161,1.0599933519900517,0.0,0.0,0.0,0.0,1.0,1.0,0.0,0.0,Barcelone
1.0256641242989597,-0.11025265049246422,1.18541854036449,0.0,0.0,1.0,0.0,0.0,1.0,0.0,0.0,Rio de Janeiro
0.23230791939832193,-1.1820142876333892,-0.1942585317543298,0.0,0.0,0.0,1.0,0.0,1.0,0.0,0.0,Paris
-1.3544044904029533,-1.0089013168101961,0.6837177868667372,1.0,0.0,0.0,0.0,0.0,1.0,0.0,0.0,Rio de Janeiro
1.224003175524119,0.7953205346581953,1.18541854036449,0.0,0.0,0.0,0.0,1.0,0.0,1.0,0.0,Barcelone
0.49675998769853447,0.5845074057446179,-1.6993607922475875,0.0,0.0,1.0,0.0,0.0,1.0,0.0,0.0,New York
-1.4205175074780065,1.4462253049534017,0.3074422217434228,0.0,0.0,0.0,0.0,1.0,0.0,1.0,0.0,Tokyo
0.23230791939832193,1.3023491914247924,-1.5739356038731493,0.0,1.0,0.0,0.0,0.0,1.0,0.0,0.0,Tokyo
-1.0238394050276878,-0.09871178577091799,-1.072234850375397,0.0,0.0,1.0,0.0,0.0,0.0,0.0,1.0,Tokyo
1.686794295049491,1.0669155511052495,-0.1942585317543298,0.0,0.0,0.0,1.0,0.0,0.0,0.0,1.0,Le Caire
0.1661949023232688,-0.12102412423257401,-0.9468096620009587,0.0,1.0,0.0,0.0,0.0,1.0,0.0,0.0,Barcelone
-0.693274319652422,1.2969634545547375,0.8091429752411754,0.0,0.0,1.0,0.0,0.0,0.0,0.0,1.0,New York
1.686794295049491,-0.6626753751638096,-0.1942585317543298,0.0,0.0,0.0,0.0,1.0,0.0,1.0,0.0,Bali
0.3645339535484282,-1.471305296653481,-0.5705340968776442,0.0,0.0,1.0,0.0,0.0,1.0,0.0,0.0,Bali
0.23230791939832193,-0.9642766398868841,1.18541854036449,1.0,0.0,0.0,0.0,0.0,0.0,0.0,1.0,Bali
1.686794295049491,0.0690154481822203,-0.1942585317543298,0.0,0.0,1.0,0.0,0.0,0.0,0.0,1.0,Sydney
0.7612120559987471,-1.4466847852475158,1.5616941054878042,1.0,0.0,0.0,0.0,0.0,0.0,1.0,0.0,Sydney
-0.09825716597694376,0.2098139977850841,-0.06883334337989165,0.0,0.0,0.0,0.0,1.0,1.0,0.0,0.0,Le Caire
-0.4949352684272626,-1.4628419958576804,-0.4451089085032061,0.0,0.0,0.0,0.0,1.0,0.0,0.0,1.0,Paris
0.1661949023232688,-1.7028919820658417,0.43286741011786095,0.0,1.0,0.0,0.0,0.0,1.0,0.0,0.0,Tokyo
0.695099038923694,1.0130581824047007,1.4362689171133662,0.0,0.0,0.0,1.0,0.0,0.0,1.0,0.0,Bali
-1.0238394050276878,-0.5634239385585122,0.6837177868667372,0.0,0.0,0.0,0.0,1.0,0.0,0.0,1.0,Sydney
-0.8255003538025283,1.7070488476603463,1.0599933519900517,0.0,0.0,0.0,0.0,1.0,0.0,1.0,0.0,Barcelone
1.224003175524119,-1.3043474536817792,-0.1942585317543298,0.0,0.0,0.0,0.0,1.0,1.0,0.0,0.0,New York
-0.29659621720210316,-0.8511761656157312,-0.1942585317543298,0.0,0.0,0.0,0.0,1.0,1.0,0.0,0.0,Londres
0.7612120559987471,0.6260545187421842,0.056591844994546496,0.0,0.0,0.0,1.0,0.0,1.0,0.0,0.0,Bali
-1.156065439177794,0.15210967417735305,-0.4451089085032061,0.0,1.0,0.0,0.0,0.0,1.0,0.0,0.0,New York
1.4884552438243315,1.3646698609211418,1.310843728738928,0.0,0.0,0.0,0.0,1.0,1.0,0.0,0.0,Le Caire
0.695099038923694,-1.4312969656187875,-1.5739356038731493,0.0,1.0,0.0,0.0,0.0,0.0,1.0,0.0,Rio de Janeiro
-0.032144148901890615,1.3161982290906478,0.8091429752411754,0.0,0.0,1.0,0.0,0.0,0.0,1.0,0.0,Londres
-0.5610482855023157,0.5429602927470515,0.3074422217434228,0.0,1.0,0.0,0.0,0.0,0.0,0.0,1.0,Sydney
-1.4205175074780065,-0.027927815478767888,-0.6959592852520824,0.0,1.0,0.0,0.0,0.0,0.0,0.0,1.0,Tokyo
0.6289860218486407,0.2098139977850841,-1.4485104154987114,0.0,1.0,0.0,0.0,0.0,0.0,1.0,0.0,Sydney
0.23230791939832193,0.6122054810763288,-1.5739356038731493,0.0,1.0,0.0,0.0,0.0,0.0,0.0,1.0,Le Caire
1.4884552438243315,0.5529623755057249,0.43286741011786095,0.0,0.0,0.0,1.0,0.0,0.0,0.0,1.0,Bali
-0.4288222513522094,0.9830519341286804,-1.197660038749835,0.0,0.0,1.0,0.0,0.0,0.0,1.0,0.0,New York
0.49675998769853447,-0.5641933295399486,-0.6959592852520824,0.0,0.0,0.0,1.0,0.0,0.0,1.0,0.0,Londres
-1.3544044904029533,-0.14641402661997568,0.18201703336898464,0.0,0.0,0.0,1.0,0.0,0.0,1.0,0.0,Le Caire
1.2901161925991722,-1.238949220259684,0.18201703336898464,0.0,0.0,0.0,1.0,0.0,1.0,0.0,0.0,Barcelone
-0.23048320012705004,0.6383647744451668,0.8091429752411754,0.0,0.0,0.0,0.0,1.0,0.0,1.0,0.0,Rome
1.224003175524119,-0.745000210177506,0.5582925984922991,1.0,0.0,0.0,0.0,0.0,1.0,0.0,0.0,New York
-0.5610482855023157,1.435453831213292,0.43286741011786095,0.0,0.0,0.0,0.0,1.0,1.0,0.0,0.0,Sydney
-0.4288222513522094,1.6955079829388,-0.4451089085032061,0.0,0.0,0.0,0.0,1.0,0.0,1.0,0.0,Rome
1.224003175524119,-0.6857571046069021,0.18201703336898464,0.0,0.0,1.0,0.0,0.0,0.0,1.0,0.0,Sydney
1.2901161925991722,0.6391341654266033,-0.4451089085032061,1.0,0.0,0.0,0.0,0.0,0.0,1.0,0.0,Barcelone
0.3645339535484282,1.5285501399670982,-1.3230852271242732,0.0,0.0,1.0,0.0,0.0,0.0,0.0,1.0,Barcelone
1.0917771413740127,-1.4536093040804434,-0.06883334337989165,0.0,0.0,0.0,0.0,1.0,0.0,0.0,1.0,Rio de Janeiro
0.43064697062348134,-0.16026306428583115,1.5616941054878042,1.0,0.0,0.0,0.0,0.0,1.0,0.0,0.0,Sydney
-0.9577263879526345,1.5570176062802454,-1.197660038749835,1.0,0.0,0.0,0.0,0.0,0.0,1.0,0.0,Le Caire
-0.09825716597694376,-1.3212740552733802,1.5616941054878042,1.0,0.0,0.0,0.0,0.0,0.0,0.0,1.0,Londres
0.3645339535484282,-0.9527357751653378,1.310843728738928,0.0,0.0,1.0,0.0,0.0,0.0,0.0,1.0,Bali
1.0256641242989597,-0.5564994197255845,-0.1942585317543298,0.0,0.0,1.0,0.0,0.0,0.0,1.0,0.0,Barcelone
-0.23048320012705004,-1.5944078536833073,-1.6993607922475875,0.0,1.0,0.0,0.0,0.0,1.0,0.0,0.0,Bali
-0.3627092342771563,0.7345386471247186,-0.31968372012876795,1.0,0.0,0.0,0.0,0.0,0.0,1.0,0.0,Paris
0.8934380901488533,-1.112769099304112,1.4362689171133662,0.0,0.0,1.0,0.0,0.0,0.0,0.0,1.0,Le Caire
0.033968868173162525,-0.013309386831476016,-1.5739356038731493,0.0,1.0,0.0,0.0,0.0,0.0,0.0,1.0,Rio de Janeiro
0.8273250730738002,1.080764588771105,-0.9468096620009587,0.0,0.0,0.0,0.0,1.0,0.0,1.0,0.0,Bali
1.3562292096742252,1.3954455001785984,-0.31968372012876795,1.0,0.0,0.0,0.0,0.0,0.0,0.0,1.0,Le Caire
0.6289860218486407,-1.389749852621221,-0.8213844736265206,0.0,0.0,0.0,0.0,1.0,0.0,0.0,1.0,Le Caire
-1.2882914733279003,-1.4982339810037555,0.5582925984922991,0.0,0.0,0.0,1.0,0.0,0.0,1.0,0.0,Tokyo
1.224003175524119,-1.538242312038449,-1.5739356038731493,0.0,0.0,0.0,1.0,0.0,1.0,0.0,0.0,Sydney
0.7612120559987471,-0.7019143152170667,0.43286741011786095,0.0,0.0,0.0,0.0,1.0,0.0,0.0,1.0,Paris
-1.2882914733279003,0.43216799142020784,1.18541854036449,0.0,0.0,0.0,1.0,0.0,1.0,0.0,0.0,Tokyo
0.5628730047735876,1.6408812232568146,-0.06883334337989165,0.0,0.0,0.0,0.0,1.0,0.0,1.0,0.0,Barcelone
1.2901161925991722,-0.5995853146860237,0.6837177868667372,0.0,1.0,0.0,0.0,0.0,1.0,0.0,0.0,New York
-1.222178456252847,-0.08486274810506254,0.8091429752411754,0.0,0.0,0.0,1.0,0.0,0.0,0.0,1.0,Bali
-1.2882914733279003,0.6352872105194212,1.18541854036449,0.0,1.0,0.0,0.0,0.0,0.0,0.0,1.0,New York
1.157890158449066,1.2023283638380584,1.5616941054878042,0.0,0.0,1.0,0.0,0.0,0.0,1.0,0.0,Sydney
0.43064697062348134,-0.0994811767523544,0.056591844994546496,0.0,0.0,1.0,0.0,0.0,1.0,0.0,0.0,Londres
0.10008188524821567,-1.2981923258302879,-0.5705340968776442,0.0,0.0,1.0,0.0,0.0,0.0,1.0,0.0,New York
1.0917771413740127,-0.23643277144803615,-0.6959592852520824,0.0,0.0,1.0,0.0,0.0,0.0,1.0,0.0,Tokyo
-1.156065439177794,0.6637546768325685,0.18201703336898464,1.0,0.0,0.0,0.0,0.0,0.0,1.0,0.0,Bali
0.695099038923694,0.3929290513669507,0.056591844994546496,0.0,1.0,0.0,0.0,0.0,0.0,0.0,1.0,New York
1.157890158449066,0.8276349558785248,-1.3230852271242732,0.0,0.0,0.0,0.0,1.0,0.0,1.0,0.0,New York
0.9595511072239065,-0.6365160817949715,-0.31968372012876795,0.0,1.0,0.0,0.0,0.0,1.0,0.0,0.0,Paris
1.620681277974438,-0.5488055099112203,1.5616941054878042,0.0,0.0,0.0,0.0,1.0,0.0,1.0,0.0,Tokyo
0.8273250730738002,1.3354330036265583,-1.3230852271242732,0.0,0.0,1.0,0.0,0.0,1.0,0.0,0.0,Paris
1.3562292096742252,0.05747458346067409,0.056591844994546496,1.0,0.0,0.0,0.0,0.0,0.0,0.0,1.0,Bali
-1.2882914733279003,-0.7373063003631418,-0.5705340968776442,0.0,0.0,0.0,0.0,1.0,0.0,1.0,0.0,Londres
0.2984209364733751,-0.32491273431322376,0.18201703336898464,0.0,0.0,0.0,1.0,0.0,0.0,1.0,0.0,Le Caire
-1.0899524221027408,0.34907376542507507,-1.072234850375397,0.0,0.0,0.0,1.0,0.0,0.0,0.0,1.0,New York
-1.222178456252847,-0.7319205634930869,-1.6993607922475875,0.0,0.0,0.0,0.0,1.0,0.0,0.0,1.0,Paris
1.620681277974438,0.04439493677625505,-1.4485104154987114,0.0,0.0,0.0,0.0,1.0,0.0,0.0,1.0,Sydney
-0.23048320012705004,1.520856230152734,1.5616941054878042,0.0,0.0,0.0,0.0,1.0,0.0,0.0,1.0,Paris
1.4223422267492785,-1.0089013168101961,1.310843728738928,1.0,0.0,0.0,0.0,0.0,0.0,1.0,0.0,Le Caire
-1.4205175074780065,0.02362138027747187,-1.3230852271242732,0.0,1.0,0.0,0.0,0.0,0.0,0.0,1.0,Rio de Janeiro
1.0256641242989597,0.16826688478751775,1.18541854036449,0.0,0.0,0.0,0.0,1.0,0.0,1.0,0.0,Barcelone
-0.032144148901890615,0.9938234078687902,1.18541854036449,0.0,0.0,1.0,0.0,0.0,0.0,0.0,1.0,Barcelone
1.0256641242989597,0.13672185454862476,0.6837177868667372,1.0,0.0,0.0,0.0,0.0,0.0,0.0,1.0,Tokyo
-0.6271613025773689,0.29906335163170816,1.18541854036449,1.0,0.0,0.0,0.0,0.0,0.0,0.0,1.0,Rio de Janeiro
1.0256641242989597,-0.40262122343830165,-0.9468096620009587,0.0,1.0,0.0,0.0,0.0,0.0,0.0,1.0,Bali
-1.156065439177794,-1.0573729486406902,0.43286741011786095,0.0,0.0,0.0,0.0,1.0,1.0,0.0,0.0,Paris
-1.222178456252847,-0.98658897834854,-1.197660038749835,1.0,0.0,0.0,0.0,0.0,0.0,1.0,0.0,Rome
-0.8916133708775814,0.690683361182843,0.18201703336898464,0.0,1.0,0.0,0.0,0.0,0.0,1.0,0.0,Rome
-0.4949352684272626,-1.0150564446616874,1.6871192938622424,0.0,1.0,0.0,0.0,0.0,0.0,1.0,0.0,Barcelone
0.1661949023232688,-0.24335729028096387,-0.31968372012876795,1.0,0.0,0.0,0.0,0.0,1.0,0.0,0.0,Le Caire
-1.222178456252847,0.5344969919512509,0.3074422217434228,0.0,1.0,0.0,0.0,0.0,0.0,0.0,1.0,Tokyo
-1.3544044904029533,0.7206896094588632,-0.5705340968776442,1.0,0.0,0.0,0.0,0.0,1.0,0.0,0.0,Londres
1.5545682608993847,-0.35107202768206186,0.18201703336898464,0.0,0.0,0.0,0.0,1.0,0.0,1.0,0.0,Paris
-0.032144148901890615,1.2600326874457894,0.18201703336898464,0.0,0.0,0.0,1.0,0.0,0.0,0.0,1.0,Bali
-1.0238394050276878,-0.730381781530214,-0.4451089085032061,1.0,0.0,0.0,0.0,0.0,0.0,0.0,1.0,Sydney
1.620681277974438,-0.3856946218467005,-0.5705340968776442,0.0,0.0,0.0,1.0,0.0,0.0,1.0,0.0,Barcelone
-1.0238394050276878,0.11364012510553233,0.6837177868667372,0.0,1.0,0.0,0.0,0.0,0.0,1.0,0.0,Barcelone
1.157890158449066,-0.4303192987700125,-1.197660038749835,0.0,0.0,0.0,0.0,1.0,1.0,0.0,0.0,Paris
-0.3627092342771563,-1.0235197454574878,1.0599933519900517,0.0,1.0,0.0,0.0,0.0,0.0,1.0,0.0,Tokyo
0.8934380901488533,0.8160940911569785,0.6837177868667372,0.0,0.0,0.0,1.0,0.0,0.0,1.0,0.0,New York
-0.8255003538025283,0.48217840521357475,-0.31968372012876795,0.0,0.0,1.0,0.0,0.0,0.0,1.0,0.0,New York
0.695099038923694,-0.9912053242371586,-1.3230852271242732,0.0,0.0,1.0,0.0,0.0,0.0,0.0,1.0,Londres
0.5628730047735876,1.62472401264665,-0.31968372012876795,1.0,0.0,0.0,0.0,0.0,1.0,0.0,0.0,Paris
0.23230791939832193,1.2484918227242434,1.6871192938622424,0.0,0.0,0.0,0.0,1.0,0.0,1.0,0.0,Rome
0.695099038923694,-1.0750689412137278,-1.197660038749835,1.0,0.0,0.0,0.0,0.0,1.0,0.0,0.0,Sydney
-0.693274319652422,-1.0804546780837825,-1.3230852271242732,0.0,0.0,1.0,0.0,0.0,1.0,0.0,0.0,Londres
0.8273250730738002,0.8691820688760912,-1.6993607922475875,0.0,0.0,0.0,1.0,0.0,0.0,0.0,1.0,New York
1.3562292096742252,-1.7075083279544603,-0.1942585317543298,0.0,1.0,0.0,0.0,0.0,1.0,0.0,0.0,Sydney
-1.2882914733279003,0.579121668874563,-0.06883334337989165,0.0,0.0,1.0,0.0,0.0,0.0,1.0,0.0,Rome
1.4223422267492785,-1.2958841528859786,-1.4485104154987114,0.0,0.0,1.0,0.0,0.0,1.0,0.0,0.0,New York
-0.032144148901890615,0.8107083542869237,1.5616941054878042,1.0,0.0,0.0,0.0,0.0,1.0,0.0,0.0,New York
-1.684969575778219,1.6124137569436672,1.310843728738928,0.0,0.0,0.0,1.0,0.0,0.0,1.0,0.0,Le Caire
-1.2882914733279003,-1.3751314239739292,-1.5739356038731493,0.0,1.0,0.0,0.0,0.0,0.0,1.0,0.0,New York
1.224003175524119,-0.5580382016884573,-0.31968372012876795,0.0,0.0,1.0,0.0,0.0,0.0,0.0,1.0,New York
-0.9577263879526345,1.7108958025675283,0.43286741011786095,0.0,1.0,0.0,0.0,0.0,0.0,1.0,0.0,Sydney
1.686794295049491,1.5762523808161557,1.5616941054878042,0.0,0.0,0.0,1.0,0.0,1.0,0.0,0.0,Londres
-0.9577263879526345,-0.33260664412758795,0.3074422217434228,1.0,0.0,0.0,0.0,0.0,1.0,0.0,0.0,Londres
-1.618856558703166,1.3531289961995956,1.4362689171133662,0.0,0.0,0.0,1.0,0.0,0.0,0.0,1.0,Le Caire
-0.4288222513522094,-0.9704317677383754,-0.5705340968776442,0.0,0.0,1.0,0.0,0.0,1.0,0.0,0.0,Tokyo
-1.0238394050276878,-0.8134760075253469,0.43286741011786095,0.0,0.0,1.0,0.0,0.0,0.0,1.0,0.0,Londres
-1.0899524221027408,-0.694989796384139,1.6871192938622424,0.0,0.0,1.0,0.0,0.0,0.0,0.0,1.0,Tokyo
-1.222178456252847,-0.2225837337821807,1.18541854036449,0.0,0.0,1.0,0.0,0.0,0.0,0.0,1.0,Le Caire
1.157890158449066,-1.6144120192006541,0.9345681636156136,0.0,0.0,0.0,1.0,0.0,0.0,1.0,0.0,Rome
-1.618856558703166,0.7768551511037214,1.5616941054878042,0.0,0.0,1.0,0.0,0.0,0.0,1.0,0.0,New York
-0.693274319652422,1.466998861452185,-1.197660038749835,0.0,0.0,1.0,0.0,0.0,0.0,0.0,1.0,Barcelone
0.10008188524821567,-1.3766702059368021,0.6837177868667372,0.0,0.0,0.0,0.0,1.0,0.0,0.0,1.0,Rome
0.695099038923694,1.0207520922190647,1.6871192938622424,0.0,0.0,0.0,0.0,1.0,0.0,0.0,1.0,Rome
0.033968868173162525,-1.44360722132177,-0.1942585317543298,1.0,0.0,0.0,0.0,0.0,0.0,0.0,1.0,Sydney
-0.8916133708775814,0.2698264943371244,0.3074422217434228,0.0,1.0,0.0,0.0,0.0,0.0,1.0,0.0,Rio de Janeiro
1.4223422267492785,-0.7903942780822544,-0.06883334337989165,0.0,0.0,0.0,0.0,1.0,0.0,1.0,0.0,Tokyo
1.0256641242989597,0.7791633240480307,1.310843728738928,0.0,0.0,0.0,1.0,0.0,1.0,0.0,0.0,Rome
1.686794295049491,-1.5567076955929229,-0.06883334337989165,0.0,0.0,0.0,0.0,1.0,0.0,0.0,1.0,Rio de Janeiro
-0.23048320012705004,0.7645448954007388,0.3074422217434228,0.0,1.0,0.0,0.0,0.0,0.0,1.0,0.0,Paris
1.620681277974438,-0.3910803587167554,0.43286741011786095,0.0,0.0,0.0,1.0,0.0,1.0,0.0,0.0,Rome
0.43064697062348134,0.0359316359804545,-0.4451089085032061,0.0,0.0,0.0,0.0,1.0,0.0,1.0,0.0,Sydney
1.157890158449066,0.6445199022966581,0.18201703336898464,1.0,0.0,0.0,0.0,0.0,0.0,1.0,0.0,Barcelone
0.49675998769853447,0.8984189261706749,-1.197660038749835,0.0,1.0,0.0,0.0,0.0,0.0,0.0,1.0,Tokyo
1.4884552438243315,-0.9596602939982656,0.3074422217434228,0.0,1.0,0.0,0.0,0.0,0.0,0.0,1.0,Londres
0.8273250730738002,0.9776661972586256,0.18201703336898464,0.0,0.0,0.0,0.0,1.0,0.0,1.0,0.0,Paris
-0.3627092342771563,1.0069030545532092,0.18201703336898464,0.0,1.0,0.0,0.0,0.0,1.0,0.0,0.0,Sydney
-1.0899524221027408,1.112309619009998,-1.6993607922475875,0.0,0.0,0.0,1.0,0.0,0.0,0.0,1.0,Sydney
0.43064697062348134,0.37369427683104034,-0.5705340968776442,0.0,0.0,0.0,0.0,1.0,0.0,1.0,0.0,Tokyo
0.7612120559987471,-0.18411418471035998,-0.5705340968776442,0.0,0.0,0.0,0.0,1.0,1.0,0.0,0.0,Barcelone
-0.3627092342771563,1.6485751330711786,-0.5705340968776442,0.0,0.0,0.0,0.0,1.0,0.0,1.0,0.0,Bali
0.3645339535484282,-0.18642235765466922,-0.31968372012876795,0.0,0.0,1.0,0.0,0.0,1.0,0.0,0.0,New York
-0.9577263879526345,-0.6896040595140841,0.8091429752411754,0.0,0.0,0.0,0.0,1.0,0.0,0.0,1.0,Bali
-0.8255003538025283,-1.6921205083257318,1.0599933519900517,0.0,0.0,0.0,0.0,1.0,1.0,0.0,0.0,Sydney
-0.6271613025773689,0.4791008412878291,0.43286741011786095,1.0,0.0,0.0,0.0,0.0,1.0,0.0,0.0,Paris
0.2984209364733751,-0.2564369369653829,0.18201703336898464,0.0,0.0,1.0,0.0,0.0,1.0,0.0,0.0,Londres
-1.3544044904029533,-0.2595145008911286,-0.4451089085032061,0.0,0.0,1.0,0.0,0.0,0.0,1.0,0.0,Londres
-0.693274319652422,0.8530248582659264,1.310843728738928,0.0,0.0,0.0,1.0,0.0,0.0,0.0,1.0,Rome
-0.7593873367274752,0.6022033983176553,-1.197660038749835,0.0,0.0,0.0,0.0,1.0,0.0,0.0,1.0,Paris
0.23230791939832193,0.3267614269634191,0.6837177868667372,0.0,0.0,0.0,0.0,1.0,0.0,1.0,0.0,Bali
-1.156065439177794,0.07132362112652955,-0.9468096620009587,1.0,0.0,0.0,0.0,0.0,0.0,0.0,1.0,Paris
1.3562292096742252,-1.2212532276866463,-1.3230852271242732,0.0,0.0,1.0,0.0,0.0,0.0,1.0,0.0,Barcelone
1.2901161925991722,-1.4974645900223191,-0.4451089085032061,0.0,0.0,0.0,1.0,0.0,0.0,0.0,1.0,Sydney
-0.09825716597694376,-1.7413615311376625,-1.072234850375397,0.0,0.0,0.0,1.0,0.0,0.0,1.0,0.0,Rome
-1.2882914733279003,-1.1881694154848805,-1.072234850375397,0.0,0.0,0.0,0.0,1.0,1.0,0.0,0.0,Rio de Janeiro
0.7612120559987471,0.34137985561071094,0.43286741011786095,0.0,1.0,0.0,0.0,0.0,0.0,1.0,0.0,Paris
1.686794295049491,0.5529623755057249,-1.197660038749835,0.0,0.0,0.0,0.0,1.0,0.0,1.0,0.0,Tokyo
1.620681277974438,-1.0296748733089793,-0.06883334337989165,0.0,1.0,0.0,0.0,0.0,1.0,0.0,0.0,Bali
-0.8916133708775814,-0.9427336924066644,-1.3230852271242732,0.0,0.0,1.0,0.0,0.0,0.0,1.0,0.0,Le Caire
-0.9577263879526345,0.748387684790574,0.18201703336898464,0.0,0.0,1.0,0.0,0.0,0.0,1.0,0.0,Londres
-0.032144148901890615,-0.17795905685886867,-1.197660038749835,0.0,1.0,0.0,0.0,0.0,0.0,0.0,1.0,Barcelone
-1.3544044904029533,0.9330415203353135,-1.6993607922475875,0.0,1.0,0.0,0.0,0.0,0.0,0.0,1.0,Tokyo
1.0256641242989597,-0.27951866640847534,0.43286741011786095,1.0,0.0,0.0,0.0,0.0,0.0,0.0,1.0,New York
1.0917771413740127,-0.4834072764891251,-0.06883334337989165,0.0,1.0,0.0,0.0,0.0,0.0,0.0,1.0,Le Caire
0.2984209364733751,-1.5582464775557958,-1.5739356038731493,1.0,0.0,0.0,0.0,0.0,0.0,1.0,0.0,New York
-0.09825716597694376,-0.05639528179191521,1.6871192938622424,0.0,1.0,0.0,0.0,0.0,0.0,0.0,1.0,New York
-1.2882914733279003,1.0622992052166311,-0.31968372012876795,0.0,0.0,1.0,0.0,0.0,0.0,1.0,0.0,Tokyo
-0.693274319652422,1.6201076667580314,-0.5705340968776442,0.0,0.0,0.0,0.0,1.0,0.0,0.0,1.0,New York
0.8934380901488533,0.1328748996414427,1.5616941054878042,0.0,0.0,0.0,1.0,0.0,1.0,0.0,0.0,Barcelone
-0.29659621720210316,-1.296653543867415,1.6871192938622424,0.0,0.0,1.0,0.0,0.0,0.0,0.0,1.0,Paris
0.10008188524821567,1.4662294704707486,-1.197660038749835,1.0,0.0,0.0,0.0,0.0,0.0,0.0,1.0,Tokyo
-0.8255003538025283,-1.2366410473153746,0.056591844994546496,1.0,0.0,0.0,0.0,0.0,1.0,0.0,0.0,New York
0.695099038923694,0.5591175033572162,0.8091429752411754,0.0,0.0,1.0,0.0,0.0,1.0,0.0,0.0,Tokyo
-0.4288222513522094,0.06439910229360182,-0.9468096620009587,0.0,0.0,0.0,0.0,1.0,0.0,0.0,1.0,Rome
0.23230791939832193,0.6868364062756609,1.0599933519900517,0.0,0.0,0.0,1.0,0.0,1.0,0.0,0.0,Paris
1.4884552438243315,-0.5564994197255845,0.43286741011786095,1.0,0.0,0.0,0.0,0.0,1.0,0.0,0.0,Londres
-0.8916133708775814,-0.327220907257533,0.18201703336898464,0.0,1.0,0.0,0.0,0.0,0.0,0.0,1.0,Rio de Janeiro
0.23230791939832193,0.8530248582659264,-0.4451089085032061,1.0,0.0,0.0,0.0,0.0,1.0,0.0,0.0,Barcelone
-1.4866305245530596,0.5675808041530167,0.18201703336898464,0.0,1.0,0.0,0.0,0.0,0.0,1.0,0.0,Rio de Janeiro
0.8273250730738002,-0.1848835756917964,1.5616941054878042,1.0,0.0,0.0,0.0,0.0,0.0,0.0,1.0,Londres
-0.032144148901890615,-1.6882735534185498,1.0599933519900517,1.0,0.0,0.0,0.0,0.0,0.0,0.0,1.0,Sydney
-1.684969575778219,0.7268447373103545,0.9345681636156136,0.0,0.0,0.0,0.0,1.0,1.0,0.0,0.0,Rome
1.3562292096742252,-1.417447927952932,0.056591844994546496,0.0,0.0,0.0,0.0,1.0,0.0,0.0,1.0,Le Caire
0.9595511072239065,0.5137234354524678,0.6837177868667372,0.0,1.0,0.0,0.0,0.0,1.0,0.0,0.0,Londres
0.9595511072239065,-0.40800696030835654,-1.072234850375397,0.0,1.0,0.0,0.0,0.0,0.0,0.0,1.0,Paris
-0.6271613025773689,-0.8319413910798208,-1.3230852271242732,0.0,0.0,0.0,1.0,0.0,0.0,1.0,0.0,Londres
-0.5610482855023157,-1.1943245433363718,-0.06883334337989165,0.0,0.0,0.0,0.0,1.0,0.0,0.0,1.0,Rome
1.0256641242989597,-0.25335937303963724,-1.5739356038731493,0.0,0.0,0.0,1.0,0.0,1.0,0.0,0.0,Rio de Janeiro
-1.0238394050276878,0.09055839566243991,0.9345681636156136,0.0,0.0,0.0,0.0,1.0,1.0,0.0,0.0,Barcelone
-0.29659621720210316,0.5506542025614156,-0.31968372012876795,0.0,1.0,0.0,0.0,0.0,0.0,1.0,0.0,New York
-0.6271613025773689,-0.678063194792538,-0.4451089085032061,0.0,1.0,0.0,0.0,0.0,0.0,1.0,0.0,Tokyo
-1.2882914733279003,-1.2574146038141578,0.6837177868667372,0.0,0.0,1.0,0.0,0.0,1.0,0.0,0.0,Sydney
0.23230791939832193,0.26597953942994235,1.18541854036449,0.0,0.0,1.0,0.0,0.0,0.0,1.0,0.0,Londres
1.0917771413740127,-0.5680402844471307,-1.197660038749835,1.0,0.0,0.0,0.0,0.0,1.0,0.0,0.0,Paris
0.3645339535484282,-1.5274708382983393,-0.6959592852520824,0.0,0.0,0.0,1.0,0.0,1.0,0.0,0.0,Barcelone
-0.09825716597694376,-1.2635697316656491,0.43286741011786095,0.0,1.0,0.0,0.0,0.0,0.0,0.0,1.0,Bali
0.9595511072239065,-0.2502818091138916,0.8091429752411754,0.0,0.0,0.0,1.0,0.0,0.0,0.0,1.0,New York
0.23230791939832193,1.409294537844454,-0.6959592852520824,0.0,0.0,0.0,1.0,0.0,0.0,0.0,1.0,Rio de Janeiro
-1.684969575778219,-0.3418393359048249,1.6871192938622424,0.0,0.0,0.0,1.0,0.0,1.0,0.0,0.0,Tokyo
1.5545682608993847,-0.37184558418084507,-0.06883334337989165,0.0,1.0,0.0,0.0,0.0,1.0,0.0,0.0,Paris
0.7612120559987471,1.1138484009728709,0.6837177868667372,0.0,1.0,0.0,0.0,0.0,1.0,0.0,0.0,Paris
0.1661949023232688,0.36369219407236697,-1.4485104154987114,0.0,1.0,0.0,0.0,0.0,0.0,0.0,1.0,New York
0.2984209364733751,-0.9258070908150633,1.4362689171133662,0.0,1.0,0.0,0.0,0.0,0.0,0.0,1.0,Barcelone
1.157890158449066,1.686275291161563,0.9345681636156136,0.0,0.0,0.0,0.0,1.0,1.0,0.0,0.0,Bali
0.9595511072239065,0.14056880945580683,0.6837177868667372,0.0,0.0,0.0,0.0,1.0,0.0,1.0,0.0,Bali
1.620681277974438,0.7622367224564296,1.6871192938622424,0.0,1.0,0.0,0.0,0.0,1.0,0.0,0.0,Bali
0.9595511072239065,0.9822825431472441,1.5616941054878042,0.0,0.0,1.0,0.0,0.0,0.0,0.0,1.0,Barcelone
0.6289860218486407,1.5393216137072079,-0.6959592852520824,0.0,1.0,0.0,0.0,0.0,0.0,1.0,0.0,Sydney
0.43064697062348134,-1.7005838091215324,-0.31968372012876795,0.0,0.0,0.0,1.0,0.0,0.0,0.0,1.0,Le Caire
0.1661949023232688,-0.5688096754285671,1.18541854036449,1.0,0.0,0.0,0.0,0.0,0.0,0.0,1.0,Tokyo
0.695099038923694,1.5285501399670982,-1.6993607922475875,0.0,0.0,0.0,0.0,1.0,0.0,0.0,1.0,Sydney
0.695099038923694,1.5754829898347193,-1.5739356038731493,0.0,0.0,0.0,0.0,1.0,1.0,0.0,0.0,Barcelone
0.695099038923694,-0.6303609539434802,-0.8213844736265206,1.0,0.0,0.0,0.0,0.0,0.0,1.0,0.0,Tokyo
0.49675998769853447,1.0199827012376284,-0.06883334337989165,0.0,0.0,0.0,1.0,0.0,1.0,0.0,0.0,Rio de Janeiro
-0.3627092342771563,-0.8288638271540751,0.5582925984922991,1.0,0.0,0.0,0.0,0.0,0.0,1.0,0.0,Londres
0.8934380901488533,-0.5380340361711106,0.056591844994546496,0.0,0.0,1.0,0.0,0.0,0.0,1.0,0.0,Barcelone
0.7612120559987471,-1.3643599502338195,-1.5739356038731493,0.0,0.0,0.0,1.0,0.0,1.0,0.0,0.0,Tokyo
-0.16437018305199688,1.2484918227242434,-0.9468096620009587,0.0,0.0,1.0,0.0,0.0,0.0,0.0,1.0,Sydney
1.224003175524119,0.33599411874065604,-1.6993607922475875,0.0,0.0,0.0,0.0,1.0,0.0,1.0,0.0,Rio de Janeiro
0.7612120559987471,-0.5326482993010556,-1.4485104154987114,0.0,0.0,1.0,0.0,0.0,0.0,1.0,0.0,Londres
-0.9577263879526345,0.8914944073377471,-0.31968372012876795,0.0,0.0,1.0,0.0,0.0,0.0,0.0,1.0,New York
1.2901161925991722,-1.4951564170780098,-0.06883334337989165,0.0,0.0,1.0,0.0,0.0,1.0,0.0,0.0,Sydney
-0.4949352684272626,-1.274341205405759,0.8091429752411754,0.0,0.0,0.0,1.0,0.0,0.0,0.0,1.0,Barcelone
0.43064697062348134,-1.4405296573960245,-1.072234850375397,0.0,0.0,1.0,0.0,0.0,1.0,0.0,0.0,Barcelone
-1.4205175074780065,-1.3612823863080739,-0.1942585317543298,0.0,0.0,0.0,1.0,0.0,0.0,1.0,0.0,Barcelone
0.8273250730738002,-1.1366202197286408,-1.072234850375397,0.0,1.0,0.0,0.0,0.0,0.0,0.0,1.0,Barcelone
0.1661949023232688,-0.12410168815831966,-0.1942585317543298,0.0,0.0,0.0,0.0,1.0,1.0,0.0,0.0,Londres
0.695099038923694,1.35005143227385,0.9345681636156136,0.0,0.0,1.0,0.0,0.0,1.0,0.0,0.0,Barcelone
0.8934380901488533,-0.7242266536787227,0.5582925984922991,0.0,0.0,0.0,0.0,1.0,0.0,1.0,0.0,Rio de Janeiro
-1.0899524221027408,-0.08640153006793537,1.310843728738928,1.0,0.0,0.0,0.0,0.0,0.0,0.0,1.0,New York
0.3645339535484282,0.38600453253402295,-1.3230852271242732,0.0,1.0,0.0,0.0,0.0,0.0,1.0,0.0,Bali
-1.4205175074780065,-0.40185183245686523,-1.3230852271242732,1.0,0.0,0.0,0.0,0.0,0.0,0.0,1.0,Sydney
1.2901161925991722,1.095383017418397,0.5582925984922991,0.0,0.0,0.0,1.0,0.0,0.0,1.0,0.0,Londres
0.8273250730738002,-1.5497831767599952,1.5616941054878042,0.0,0.0,1.0,0.0,0.0,0.0,0.0,1.0,Londres
1.157890158449066,-0.7873167141565087,-0.31968372012876795,1.0,0.0,0.0,0.0,0.0,1.0,0.0,0.0,Le Caire
0.9595511072239065,1.6439587871825603,-1.072234850375397,0.0,0.0,1.0,0.0,0.0,0.0,1.0,0.0,Bali
1.4884552438243315,0.9815131521658076,-1.3230852271242732,0.0,0.0,0.0,0.0,1.0,0.0,1.0,0.0,Le Caire
-0.16437018305199688,0.6706791956654963,-0.9468096620009587,0.0,0.0,0.0,0.0,1.0,0.0,1.0,0.0,Tokyo
1.3562292096742252,-1.4666889507648626,0.8091429752411754,1.0,0.0,0.0,0.0,0.0,0.0,0.0,1.0,Bali
1.157890158449066,-1.0358300011604706,-0.31968372012876795,0.0,0.0,0.0,1.0,0.0,0.0,1.0,0.0,Rio de Janeiro
1.224003175524119,1.1769384614506568,-1.072234850375397,0.0,0.0,1.0,0.0,0.0,0.0,1.0,0.0,Barcelone
-1.4205175074780065,-1.7352064032861712,0.8091429752411754,0.0,0.0,0.0,0.0,1.0,0.0,0.0,1.0,Sydney
1.4223422267492785,0.9607395956670244,1.6871192938622424,0.0,0.0,0.0,0.0,1.0,0.0,0.0,1.0,Le Caire
0.9595511072239065,1.318506402034957,0.9345681636156136,0.0,1.0,0.0,0.0,0.0,0.0,1.0,0.0,Bali
1.4223422267492785,1.400061846067217,1.6871192938622424,0.0,1.0,0.0,0.0,0.0,1.0,0.0,0.0,Barcelone
-1.2882914733279003,-0.6972979693284482,-0.31968372012876795,0.0,0.0,1.0,0.0,0.0,0.0,0.0,1.0,Paris
-0.3627092342771563,-1.3105025815332705,-0.31968372012876795,0.0,0.0,1.0,0.0,0.0,0.0,1.0,0.0,Rome
-1.0238394050276878,-0.367998629273663,1.5616941054878042,0.0,0.0,1.0,0.0,0.0,0.0,1.0,0.0,New York
-1.3544044904029533,-1.2489513030183572,-1.072234850375397,0.0,0.0,1.0,0.0,0.0,0.0,0.0,1.0,Sydney
0.9595511072239065,1.50239084659826,-0.8213844736265206,0.0,0.0,0.0,0.0,1.0,1.0,0.0,0.0,Le Caire
1.620681277974438,0.38754331449689583,-0.06883334337989165,0.0,0.0,1.0,0.0,0.0,1.0,0.0,0.0,Le Caire
-0.6271613025773689,-0.8742578950588236,-1.4485104154987114,1.0,0.0,0.0,0.0,0.0,0.0,0.0,1.0,Rome
-0.032144148901890615,-0.5934301868345323,-1.4485104154987114,0.0,1.0,0.0,0.0,0.0,0.0,1.0,0.0,Paris
-0.6271613025773689,0.9622783776298972,-0.31968372012876795,0.0,0.0,0.0,0.0,1.0,0.0,0.0,1.0,Londres
-1.156065439177794,0.2090446068036477,0.056591844994546496,0.0,0.0,0.0,0.0,1.0,1.0,0.0,0.0,Bali
-0.3627092342771563,0.7430019479205192,1.6871192938622424,0.0,0.0,0.0,0.0,1.0,1.0,0.0,0.0,Rome
1.4223422267492785,0.4614048487147916,1.6871192938622424,0.0,0.0,0.0,1.0,0.0,0.0,1.0,0.0,Rome
-1.222178456252847,-0.6549814653494455,-0.9468096620009587,0.0,0.0,0.0,1.0,0.0,0.0,0.0,1.0,Bali
0.9595511072239065,1.2538775595942981,-1.6993607922475875,0.0,0.0,0.0,1.0,0.0,1.0,0.0,0.0,Paris
-1.4205175074780065,-1.4597644319319347,-0.1942585317543298,0.0,0.0,0.0,1.0,0.0,1.0,0.0,0.0,Sydney
0.43064697062348134,-0.9304234367036818,-0.6959592852520824,0.0,0.0,0.0,1.0,0.0,0.0,1.0,0.0,Bali
-1.4866305245530596,-0.434935644658631,-1.5739356038731493,0.0,0.0,0.0,1.0,0.0,0.0,1.0,0.0,Bali
-0.29659621720210316,-1.6413407035509286,0.5582925984922991,0.0,0.0,0.0,0.0,1.0,1.0,0.0,0.0,Tokyo
-0.09825716597694376,0.8453309484515623,1.18541854036449,0.0,1.0,0.0,0.0,0.0,1.0,0.0,0.0,Rome
-1.4866305245530596,-0.7003755332541939,0.6837177868667372,0.0,1.0,0.0,0.0,0.0,1.0,0.0,0.0,Barcelone
-1.156065439177794,-0.045623808051805416,-0.8213844736265206,0.0,0.0,0.0,0.0,1.0,0.0,0.0,1.0,Sydney
1.0917771413740127,1.589332027500575,-1.197660038749835,0.0,0.0,0.0,0.0,1.0,0.0,1.0,0.0,Bali
0.6289860218486407,-0.9504276022210285,-1.3230852271242732,0.0,0.0,0.0,0.0,1.0,1.0,0.0,0.0,Rio de Janeiro
0.8934380901488533,0.22289364446950316,-0.9468096620009587,0.0,1.0,0.0,0.0,0.0,0.0,0.0,1.0,New York
0.5628730047735876,-1.229716528482447,-0.6959592852520824,0.0,1.0,0.0,0.0,0.0,1.0,0.0,0.0,Barcelone
-1.4205175074780065,-0.3079861327216227,-1.197660038749835,0.0,1.0,0.0,0.0,0.0,0.0,1.0,0.0,Sydney
-1.684969575778219,0.7714694142336666,-1.3230852271242732,0.0,0.0,1.0,0.0,0.0,1.0,0.0,0.0,Bali
-0.09825716597694376,0.02362138027747187,-1.5739356038731493,0.0,1.0,0.0,0.0,0.0,1.0,0.0,0.0,Rio de Janeiro
1.0917771413740127,-0.3026003958515678,-0.8213844736265206,1.0,0.0,0.0,0.0,0.0,0.0,0.0,1.0,New York
-0.16437018305199688,-1.103536407526875,0.8091429752411754,0.0,1.0,0.0,0.0,0.0,0.0,1.0,0.0,Bali
-0.23048320012705004,-0.07255249240207991,1.0599933519900517,1.0,0.0,0.0,0.0,0.0,0.0,1.0,0.0,Tokyo
-1.2882914733279003,0.03670102696189091,0.9345681636156136,0.0,0.0,1.0,0.0,0.0,0.0,1.0,0.0,Bali
0.1661949023232688,0.08901961369956708,-1.4485104154987114,0.0,0.0,0.0,0.0,1.0,1.0,0.0,0.0,Rio de Janeiro
0.033968868173162525,-0.3287596892204059,0.9345681636156136,0.0,1.0,0.0,0.0,0.0,0.0,1.0,0.0,Sydney
1.686794295049491,-1.3812865518254205,-1.072234850375397,0.0,0.0,0.0,1.0,0.0,1.0,0.0,0.0,New York
0.6289860218486407,-1.2397186112411203,1.4362689171133662,0.0,0.0,1.0,0.0,0.0,0.0,1.0,0.0,Le Caire
1.224003175524119,0.11517890706840517,-1.5739356038731493,0.0,0.0,0.0,0.0,1.0,0.0,0.0,1.0,Rio de Janeiro
0.695099038923694,0.5768134959302537,0.43286741011786095,0.0,0.0,0.0,0.0,1.0,0.0,0.0,1.0,Paris
-0.29659621720210316,0.07286240308940238,-0.1942585317543298,0.0,0.0,0.0,0.0,1.0,1.0,0.0,0.0,Rio de Janeiro
-1.684969575778219,-1.1150772722484212,0.6837177868667372,0.0,1.0,0.0,0.0,0.0,0.0,1.0,0.0,Le Caire
-0.8916133708775814,-1.7367451852490439,0.6837177868667372,0.0,0.0,1.0,0.0,0.0,1.0,0.0,0.0,Le Caire
-1.618856558703166,-0.10717508656671855,-1.072234850375397,1.0,0.0,0.0,0.0,0.0,0.0,0.0,1.0,Sydney
0.3645339535484282,-0.9881277603114128,0.43286741011786095,1.0,0.0,0.0,0.0,0.0,0.0,0.0,1.0,Tokyo
-0.8916133708775814,0.6122054810763288,1.5616941054878042,0.0,1.0,0.0,0.0,0.0,1.0,0.0,0.0,Rome
0.1661949023232688,0.4421700741788812,0.9345681636156136,0.0,1.0,0.0,0.0,0.0,1.0,0.0,0.0,Tokyo
0.10008188524821567,1.439300786120474,1.0599933519900517,0.0,0.0,1.0,0.0,0.0,0.0,0.0,1.0,Rome
-0.09825716597694376,-0.35568837357068034,-0.06883334337989165,0.0,1.0,0.0,0.0,0.0,0.0,0.0,1.0,Tokyo
-1.2882914733279003,1.6608853887741615,-1.4485104154987114,0.0,1.0,0.0,0.0,0.0,1.0,0.0,0.0,Tokyo
1.224003175524119,-1.632877402755128,-0.1942585317543298,0.0,0.0,1.0,0.0,0.0,0.0,1.0,0.0,Rio de Janeiro
-1.4866305245530596,0.8445615574701258,0.5582925984922991,0.0,0.0,0.0,1.0,0.0,0.0,1.0,0.0,Rio de Janeiro
1.3562292096742252,0.6129748720577651,-1.072234850375397,1.0,0.0,0.0,0.0,0.0,0.0,1.0,0.0,Rio de Janeiro
-0.8916133708775814,0.010541733593052825,-0.1942585317543298,0.0,0.0,1.0,0.0,0.0,0.0,1.0,0.0,Le Caire
-0.9577263879526345,0.12595038080851495,0.6837177868667372,0.0,0.0,0.0,1.0,0.0,0.0,0.0,1.0,Barcelone
1.686794295049491,-0.3264515162760966,1.5616941054878042,1.0,0.0,0.0,0.0,0.0,0.0,0.0,1.0,New York
1.0256641242989597,-0.30644735075874985,0.3074422217434228,0.0,0.0,1.0,0.0,0.0,1.0,0.0,0.0,Sydney
-1.4205175074780065,0.48294779619501116,-1.6993607922475875,0.0,0.0,0.0,1.0,0.0,0.0,0.0,1.0,Sydney
-0.3627092342771563,1.5231644030970433,-1.197660038749835,0.0,0.0,1.0,0.0,0.0,0.0,0.0,1.0,Rio de Janeiro
-0.23048320012705004,0.727614128291791,-0.8213844736265206,0.0,1.0,0.0,0.0,0.0,0.0,1.0,0.0,Sydney
0.033968868173162525,-0.32337395235035093,0.3074422217434228,1.0,0.0,0.0,0.0,0.0,0.0,0.0,1.0,Le Caire
0.1661949023232688,-1.3081944085889612,1.4362689171133662,1.0,0.0,0.0,0.0,0.0,1.0,0.0,0.0,Paris
1.686794295049491,-1.3382006568649814,1.310843728738928,0.0,1.0,0.0,0.0,0.0,1.0,0.0,0.0,Rio de Janeiro
0.7612120559987471,-1.0804546780837825,0.056591844994546496,1.0,0.0,0.0,0.0,0.0,0.0,0.0,1.0,Rio de Janeiro
1.0256641242989597,1.5385522227257715,-0.4451089085032061,0.0,0.0,0.0,0.0,1.0,1.0,0.0,0.0,Rome
1.620681277974438,-1.339739438827854,1.4362689171133662,0.0,0.0,1.0,0.0,0.0,1.0,0.0,0.0,Londres
0.9595511072239065,1.5393216137072079,-0.9468096620009587,0.0,0.0,1.0,0.0,0.0,0.0,1.0,0.0,Tokyo
1.0917771413740127,1.4246823574731822,1.18541854036449,0.0,0.0,0.0,0.0,1.0,1.0,0.0,0.0,Rome
-0.09825716597694376,0.6114360900948923,0.43286741011786095,0.0,0.0,0.0,1.0,0.0,0.0,1.0,0.0,Rio de Janeiro
-0.9577263879526345,0.1382606365114976,-0.4451089085032061,0.0,0.0,0.0,0.0,1.0,1.0,0.0,0.0,New York
1.3562292096742252,0.5552705484500341,-1.3230852271242732,0.0,0.0,0.0,1.0,0.0,1.0,0.0,0.0,Londres
-1.684969575778219,-1.238949220259684,1.18541854036449,0.0,0.0,1.0,0.0,0.0,1.0,0.0,0.0,Rome
0.033968868173162525,1.4469946959348383,-0.6959592852520824,0.0,1.0,0.0,0.0,0.0,1.0,0.0,0.0,Paris
1.157890158449066,0.19673435110066506,-0.06883334337989165,0.0,0.0,0.0,0.0,1.0,0.0,1.0,0.0,Rome
0.10008188524821567,-1.233563483389629,1.6871192938622424,1.0,0.0,0.0,0.0,0.0,0.0,1.0,0.0,Londres
-1.156065439177794,0.14672393730729816,0.18201703336898464,1.0,0.0,0.0,0.0,0.0,0.0,1.0,0.0,Tokyo
-0.4949352684272626,-0.7750064584535261,1.0599933519900517,0.0,1.0,0.0,0.0,0.0,0.0,1.0,0.0,Sydney
0.3645339535484282,-1.211251144927973,0.43286741011786095,0.0,0.0,0.0,1.0,0.0,0.0,0.0,1.0,Paris
-0.29659621720210316,0.9992091447388451,0.5582925984922991,0.0,1.0,0.0,0.0,0.0,1.0,0.0,0.0,Rio de Janeiro
1.3562292096742252,-0.8711803311330779,-0.6959592852520824,0.0,0.0,0.0,1.0,0.0,0.0,1.0,0.0,Sydney
0.3645339535484282,-0.7603880298062342,0.3074422217434228,0.0,0.0,0.0,0.0,1.0,0.0,1.0,0.0,Tokyo
0.49675998769853447,-0.709608225031431,-0.1942585317543298,0.0,1.0,0.0,0.0,0.0,0.0,0.0,1.0,Le Caire
1.0917771413740127,-1.1112303173412392,1.5616941054878042,0.0,0.0,1.0,0.0,0.0,0.0,1.0,0.0,Bali
-1.3544044904029533,-0.45340102821310496,0.43286741011786095,0.0,0.0,1.0,0.0,0.0,1.0,0.0,0.0,Barcelone
0.23230791939832193,-0.9273458727779361,1.310843728738928,0.0,0.0,0.0,1.0,0.0,0.0,1.0,0.0,Rio de Janeiro
0.43064697062348134,1.2561857325386074,-0.4451089085032061,1.0,0.0,0.0,0.0,0.0,0.0,1.0,0.0,Barcelone
0.9595511072239065,0.6968384890343343,1.18541854036449,1.0,0.0,0.0,0.0,0.0,0.0,1.0,0.0,Rome
0.8273250730738002,0.3667697579981126,1.5616941054878042,0.0,1.0,0.0,0.0,0.0,1.0,0.0,0.0,Paris
1.157890158449066,-1.4420684393588972,0.43286741011786095,0.0,0.0,0.0,1.0,0.0,0.0,1.0,0.0,Londres
-1.684969575778219,0.9545844678155331,-0.31968372012876795,0.0,0.0,1.0,0.0,0.0,0.0,0.0,1.0,Tokyo
0.8273250730738002,1.636264877368196,0.8091429752411754,0.0,0.0,0.0,0.0,1.0,0.0,1.0,0.0,Tokyo
-1.0899524221027408,-0.09640361282660875,-0.06883334337989165,0.0,0.0,1.0,0.0,0.0,1.0,0.0,0.0,Rio de Janeiro
-0.8255003538025283,0.4867947511021932,1.310843728738928,0.0,0.0,0.0,1.0,0.0,0.0,0.0,1.0,Sydney
-1.618856558703166,-1.328198574106308,-1.4485104154987114,0.0,0.0,0.0,0.0,1.0,1.0,0.0,0.0,Barcelone
-1.4205175074780065,-0.35722715553355316,-1.197660038749835,0.0,0.0,1.0,0.0,0.0,0.0,1.0,0.0,Le Caire
-1.156065439177794,-1.6097956733120355,0.18201703336898464,0.0,1.0,0.0,0.0,0.0,0.0,1.0,0.0,Bali
0.9595511072239065,-1.6190283650892725,-0.6959592852520824,0.0,1.0,0.0,0.0,0.0,0.0,0.0,1.0,Tokyo
0.6289860218486407,1.091536062511215,-0.8213844736265206,1.0,0.0,0.0,0.0,0.0,1.0,0.0,0.0,Rio de Janeiro
0.033968868173162525,-1.5744036881659604,1.4362689171133662,0.0,0.0,0.0,1.0,0.0,1.0,0.0,0.0,Sydney
-0.8255003538025283,-1.3612823863080739,-0.6959592852520824,0.0,0.0,0.0,1.0,0.0,0.0,1.0,0.0,Le Caire
-0.29659621720210316,-0.3210657794060417,0.5582925984922991,0.0,0.0,1.0,0.0,0.0,1.0,0.0,0.0,Londres
-0.032144148901890615,-0.24104911733665463,-0.5705340968776442,0.0,0.0,0.0,1.0,0.0,0.0,1.0,0.0,Tokyo
-0.09825716597694376,1.331586048719376,0.6837177868667372,1.0,0.0,0.0,0.0,0.0,1.0,0.0,0.0,Sydney
-0.29659621720210316,-0.19719383139477903,-1.197660038749835,0.0,0.0,1.0,0.0,0.0,1.0,0.0,0.0,Paris
0.7612120559987471,0.8899556253748743,1.5616941054878042,0.0,0.0,0.0,0.0,1.0,1.0,0.0,0.0,Barcelone
-1.0238394050276878,-0.7803921953235811,-0.6959592852520824,0.0,0.0,0.0,1.0,0.0,0.0,1.0,0.0,Paris
-0.16437018305199688,1.2077141007081134,-0.1942585317543298,0.0,0.0,1.0,0.0,0.0,0.0,1.0,0.0,Tokyo
-0.4949352684272626,-1.0681444223807999,1.5616941054878042,0.0,0.0,0.0,1.0,0.0,0.0,0.0,1.0,Sydney
-0.9577263879526345,0.07209301210796597,-1.3230852271242732,1.0,0.0,0.0,0.0,0.0,1.0,0.0,0.0,Barcelone
1.2901161925991722,0.6699098046840598,0.43286741011786095,0.0,0.0,0.0,1.0,0.0,1.0,0.0,0.0,Paris
1.3562292096742252,-1.4759216425420996,1.4362689171133662,0.0,0.0,0.0,0.0,1.0,0.0,1.0,0.0,Sydney
0.43064697062348134,-0.9635072489054476,1.6871192938622424,0.0,0.0,1.0,0.0,0.0,1.0,0.0,0.0,New York
0.695099038923694,1.6693486895699619,-1.072234850375397,0.0,1.0,0.0,0.0,0.0,1.0,0.0,0.0,Rio de Janeiro
1.5545682608993847,0.07286240308940238,-0.9468096620009587,0.0,0.0,1.0,0.0,0.0,0.0,0.0,1.0,Barcelone
-0.09825716597694376,-1.4797685974492816,-0.31968372012876795,0.0,1.0,0.0,0.0,0.0,0.0,1.0,0.0,Sydney
1.0256641242989597,0.4237046906244073,0.9345681636156136,0.0,0.0,0.0,0.0,1.0,0.0,0.0,1.0,Londres
-0.16437018305199688,1.4077557558815812,-1.6993607922475875,0.0,0.0,0.0,0.0,1.0,0.0,1.0,0.0,Londres
1.157890158449066,0.5829686237817451,-0.6959592852520824,0.0,0.0,0.0,1.0,0.0,0.0,1.0,0.0,Sydney
-1.0238394050276878,1.6655017346627798,-0.31968372012876795,0.0,0.0,0.0,1.0,0.0,0.0,0.0,1.0,Tokyo
-0.3627092342771563,1.5108541473940607,0.056591844994546496,0.0,0.0,1.0,0.0,0.0,0.0,1.0,0.0,Bali
0.23230791939832193,0.7329998651618458,0.3074422217434228,0.0,0.0,1.0,0.0,0.0,0.0,1.0,0.0,Le Caire
1.5545682608993847,-0.8196311353768382,1.310843728738928,1.0,0.0,0.0,0.0,0.0,1.0,0.0,0.0,Rome
-0.6271613025773689,0.12133403491989647,1.18541854036449,0.0,1.0,0.0,0.0,0.0,0.0,0.0,1.0,Sydney
-0.23048320012705004,-0.11640777834395552,-0.31968372012876795,0.0,0.0,1.0,0.0,0.0,0.0,1.0,0.0,Rio de Janeiro
-0.3627092342771563,0.34291863757358376,1.5616941054878042,0.0,0.0,0.0,0.0,1.0,0.0,0.0,1.0,Bali
-1.4205175074780065,-1.5744036881659604,1.310843728738928,0.0,1.0,0.0,0.0,0.0,1.0,0.0,0.0,Barcelone
-1.618856558703166,0.09209717762531273,-0.06883334337989165,0.0,0.0,0.0,1.0,0.0,0.0,1.0,0.0,Bali
-1.156065439177794,-0.4072375693269201,0.43286741011786095,0.0,0.0,0.0,1.0,0.0,0.0,1.0,0.0,Londres
1.5545682608993847,-0.6657529390895552,-1.4485104154987114,0.0,1.0,0.0,0.0,0.0,0.0,0.0,1.0,New York
-1.0899524221027408,1.466998861452185,-0.4451089085032061,0.0,0.0,1.0,0.0,0.0,1.0,0.0,0.0,Rome
1.157890158449066,1.4323762672875464,-1.197660038749835,1.0,0.0,0.0,0.0,0.0,0.0,1.0,0.0,New York
0.10008188524821567,-0.25335937303963724,0.43286741011786095,0.0,1.0,0.0,0.0,0.0,0.0,0.0,1.0,Londres
-0.032144148901890615,-0.6419018186650265,-0.06883334337989165,0.0,0.0,0.0,1.0,0.0,0.0,1.0,0.0,Rio de Janeiro
-0.16437018305199688,-0.010231822905730359,-0.06883334337989165,0.0,1.0,0.0,0.0,0.0,0.0,1.0,0.0,New York
1.224003175524119,-0.26182267383543784,-0.31968372012876795,1.0,0.0,0.0,0.0,0.0,1.0,0.0,0.0,Tokyo
1.4884552438243315,1.331586048719376,0.056591844994546496,1.0,0.0,0.0,0.0,0.0,0.0,0.0,1.0,Le Caire
-0.693274319652422,1.2861919808146276,-0.1942585317543298,0.0,1.0,0.0,0.0,0.0,0.0,0.0,1.0,Rio de Janeiro
-0.7593873367274752,0.2413590280239771,1.310843728738928,0.0,0.0,1.0,0.0,0.0,0.0,0.0,1.0,Rio de Janeiro
-1.684969575778219,-0.9034947523534073,1.4362689171133662,0.0,1.0,0.0,0.0,0.0,0.0,1.0,0.0,Londres
1.2901161925991722,-0.16641819213732245,0.6837177868667372,0.0,0.0,0.0,1.0,0.0,0.0,0.0,1.0,New York
0.23230791939832193,-0.49110118630348926,-1.6993607922475875,0.0,0.0,1.0,0.0,0.0,0.0,0.0,1.0,Sydney
0.8934380901488533,1.4516110418234567,1.18541854036449,0.0,0.0,1.0,0.0,0.0,0.0,1.0,0.0,New York
-1.2882914733279003,0.04439493677625505,0.056591844994546496,0.0,0.0,1.0,0.0,0.0,0.0,0.0,1.0,Barcelone
-1.222178456252847,0.2198160805437575,0.3074422217434228,0.0,1.0,0.0,0.0,0.0,0.0,0.0,1.0,Le Caire
0.2984209364733751,-0.6934510144212662,0.8091429752411754,0.0,0.0,0.0,0.0,1.0,1.0,0.0,0.0,Sydney
1.5545682608993847,0.8868780614491286,1.310843728738928,1.0,0.0,0.0,0.0,0.0,1.0,0.0,0.0,Bali
0.23230791939832193,-1.2951147619045422,-0.06883334337989165,1.0,0.0,0.0,0.0,0.0,1.0,0.0,0.0,Paris
0.695099038923694,-1.660575478086839,-0.4451089085032061,1.0,0.0,0.0,0.0,0.0,0.0,0.0,1.0,Rome
-1.0238394050276878,-1.0012074069958319,1.310843728738928,0.0,0.0,1.0,0.0,0.0,1.0,0.0,0.0,Paris
1.686794295049491,-0.05254832688473314,1.310843728738928,0.0,0.0,1.0,0.0,0.0,0.0,0.0,1.0,Bali
1.224003175524119,-0.6272833900177346,0.9345681636156136,0.0,1.0,0.0,0.0,0.0,1.0,0.0,0.0,Londres
0.1661949023232688,0.9361190842610592,-1.4485104154987114,0.0,0.0,1.0,0.0,0.0,1.0,0.0,0.0,Londres
1.3562292096742252,1.0907666715297784,-1.5739356038731493,0.0,0.0,0.0,1.0,0.0,1.0,0.0,0.0,Bali
0.43064697062348134,1.336971785589431,1.18541854036449,0.0,0.0,0.0,1.0,0.0,0.0,1.0,0.0,Rio de Janeiro
-0.4288222513522094,-0.9165743990378263,-1.197660038749835,0.0,0.0,1.0,0.0,0.0,1.0,0.0,0.0,Rome
-1.684969575778219,-0.9696623767569389,0.43286741011786095,1.0,0.0,0.0,0.0,0.0,0.0,1.0,0.0,Londres
-0.29659621720210316,-1.1827836786148256,0.43286741011786095,0.0,0.0,0.0,0.0,1.0,1.0,0.0,0.0,Barcelone
-0.032144148901890615,0.5514235935428521,-1.3230852271242732,0.0,1.0,0.0,0.0,0.0,0.0,1.0,0.0,Bali
-1.2882914733279003,0.2144303436737026,-1.072234850375397,0.0,0.0,0.0,0.0,1.0,0.0,1.0,0.0,Paris
-1.3544044904029533,-1.489770680207955,0.056591844994546496,0.0,0.0,0.0,1.0,0.0,1.0,0.0,0.0,Londres
1.4884552438243315,0.9807437611843712,-1.4485104154987114,0.0,0.0,1.0,0.0,0.0,0.0,1.0,0.0,Rome
-0.23048320012705004,0.05285823757205561,0.8091429752411754,0.0,0.0,0.0,0.0,1.0,0.0,0.0,1.0,Rio de Janeiro
-0.3627092342771563,-0.8865681507618062,0.18201703336898464,0.0,0.0,1.0,0.0,0.0,1.0,0.0,0.0,Tokyo
-0.4288222513522094,-0.713455179938613,1.4362689171133662,0.0,1.0,0.0,0.0,0.0,1.0,0.0,0.0,Bali
0.8273250730738002,-0.5403422091154197,-1.3230852271242732,0.0,0.0,0.0,1.0,0.0,1.0,0.0,0.0,Tokyo
1.4223422267492785,-0.34568629081200697,-0.06883334337989165,0.0,0.0,0.0,1.0,0.0,0.0,0.0,1.0,Le Caire
1.686794295049491,-0.49187057728492567,-1.4485104154987114,0.0,0.0,1.0,0.0,0.0,0.0,0.0,1.0,Rome
-1.5527435416281128,-1.723665538564625,-1.4485104154987114,0.0,0.0,1.0,0.0,0.0,0.0,0.0,1.0,Bali
-0.4949352684272626,1.0530665134393942,-0.5705340968776442,0.0,0.0,1.0,0.0,0.0,0.0,1.0,0.0,Rio de Janeiro
-0.6271613025773689,-1.282035115220123,0.3074422217434228,1.0,0.0,0.0,0.0,0.0,0.0,0.0,1.0,Rome
-1.4866305245530596,-0.713455179938613,-1.072234850375397,0.0,0.0,0.0,0.0,1.0,1.0,0.0,0.0,Paris
1.5545682608993847,0.3729248858496039,-0.4451089085032061,0.0,0.0,0.0,0.0,1.0,0.0,0.0,1.0,Rio de Janeiro
-1.4205175074780065,-0.9388867374994824,0.3074422217434228,1.0,0.0,0.0,0.0,0.0,0.0,0.0,1.0,Barcelone
1.0256641242989597,-1.2304859194638833,-1.6993607922475875,0.0,1.0,0.0,0.0,0.0,0.0,0.0,1.0,Rome
1.5545682608993847,-0.9965910611072134,0.8091429752411754,0.0,1.0,0.0,0.0,0.0,0.0,0.0,1.0,Barcelone
0.23230791939832193,-0.5141829157465817,-1.5739356038731493,0.0,0.0,0.0,0.0,1.0,0.0,1.0,0.0,Bali
-1.684969575778219,-1.2804963332572503,1.18541854036449,0.0,0.0,1.0,0.0,0.0,1.0,0.0,0.0,Paris
0.43064697062348134,1.50239084659826,-0.4451089085032061,0.0,0.0,0.0,0.0,1.0,0.0,1.0,0.0,New York
0.7612120559987471,-0.9927441062000314,-0.5705340968776442,0.0,1.0,0.0,0.0,0.0,0.0,1.0,0.0,Londres
0.033968868173162525,0.23828146409823145,1.0599933519900517,0.0,1.0,0.0,0.0,0.0,0.0,1.0,0.0,Bali
1.0917771413740127,0.6068197442062738,-1.4485104154987114,1.0,0.0,0.0,0.0,0.0,0.0,1.0,0.0,Rome
-0.8916133708775814,1.452380432804893,0.43286741011786095,0.0,0.0,0.0,1.0,0.0,1.0,0.0,0.0,Paris
1.686794295049491,-0.4241641709185212,-0.4451089085032061,1.0,0.0,0.0,0.0,0.0,0.0,1.0,0.0,Rio de Janeiro
-0.4288222513522094,-0.6519039014236998,-1.4485104154987114,0.0,0.0,0.0,1.0,0.0,0.0,0.0,1.0,New York
-0.8255003538025283,0.02208259831459904,-0.06883334337989165,0.0,0.0,0.0,0.0,1.0,0.0,1.0,0.0,Londres
-0.693274319652422,0.37523305879391317,-0.8213844736265206,0.0,0.0,0.0,1.0,0.0,0.0,1.0,0.0,Rio de Janeiro
1.0917771413740127,0.8130165272312329,-0.8213844736265206,1.0,0.0,0.0,0.0,0.0,1.0,0.0,0.0,Bali
1.0256641242989597,0.4944886609165574,-1.072234850375397,1.0,0.0,0.0,0.0,0.0,0.0,1.0,0.0,Rio de Janeiro
0.10008188524821567,1.5385522227257715,1.6871192938622424,0.0,1.0,0.0,0.0,0.0,0.0,1.0,0.0,Londres
-0.8255003538025283,-1.4197561008972412,-0.9468096620009587,0.0,1.0,0.0,0.0,0.0,0.0,0.0,1.0,Bali
0.8934380901488533,0.29752456966883534,-1.072234850375397,0.0,1.0,0.0,0.0,0.0,0.0,1.0,0.0,Tokyo
-0.6271613025773689,0.44524763810462686,0.5582925984922991,0.0,0.0,1.0,0.0,0.0,0.0,1.0,0.0,Paris
0.8934380901488533,0.16134236595459,1.18541854036449,0.0,0.0,0.0,1.0,0.0,1.0,0.0,0.0,Bali
-0.29659621720210316,0.34830437444363865,-0.9468096620009587,0.0,1.0,0.0,0.0,0.0,1.0,0.0,0.0,Le Caire
1.4223422267492785,0.31829812616761854,0.5582925984922991,0.0,1.0,0.0,0.0,0.0,0.0,1.0,0.0,Bali
-0.29659621720210316,1.0815339797525414,-1.4485104154987114,1.0,0.0,0.0,0.0,0.0,0.0,1.0,0.0,Paris
-0.3627092342771563,0.8530248582659264,1.0599933519900517,0.0,0.0,0.0,1.0,0.0,1.0,0.0,0.0,Rio de Janeiro
1.3562292096742252,-0.8365577369684393,1.5616941054878042,1.0,0.0,0.0,0.0,0.0,0.0,1.0,0.0,Londres
-1.0899524221027408,-1.3028086717189062,-0.31968372012876795,1.0,0.0,0.0,0.0,0.0,0.0,0.0,1.0,Barcelone
-1.2882914733279003,0.6837588423499152,1.4362689171133662,0.0,0.0,0.0,0.0,1.0,1.0,0.0,0.0,Tokyo
-0.09825716597694376,-1.1204630091184762,0.5582925984922991,0.0,0.0,0.0,0.0,1.0,0.0,0.0,1.0,Barcelone
0.43064697062348134,-1.5636322144258508,0.43286741011786095,0.0,1.0,0.0,0.0,0.0,0.0,0.0,1.0,Rio de Janeiro
-0.23048320012705004,0.8491779033587443,1.6871192938622424,0.0,0.0,1.0,0.0,0.0,0.0,1.0,0.0,Barcelone
0.1661949023232688,-0.4872542313963072,-0.9468096620009587,0.0,0.0,0.0,1.0,0.0,0.0,0.0,1.0,Bali
1.2901161925991722,0.018235643407416968,-1.3230852271242732,1.0,0.0,0.0,0.0,0.0,0.0,1.0,0.0,New York
0.5628730047735876,-0.34568629081200697,-0.4451089085032061,1.0,0.0,0.0,0.0,0.0,0.0,1.0,0.0,Tokyo
-0.9577263879526345,-0.678063194792538,-0.4451089085032061,0.0,0.0,0.0,0.0,1.0,0.0,0.0,1.0,Rome
-0.4949352684272626,0.013619297518798482,-0.1942585317543298,0.0,0.0,0.0,0.0,1.0,0.0,0.0,1.0,New York
1.224003175524119,0.07670935799658445,-1.072234850375397,0.0,0.0,0.0,0.0,1.0,0.0,1.0,0.0,Tokyo
1.4223422267492785,1.6516526969969243,1.5616941054878042,0.0,1.0,0.0,0.0,0.0,1.0,0.0,0.0,Le Caire
-0.693274319652422,1.3254309208678847,0.5582925984922991,0.0,1.0,0.0,0.0,0.0,0.0,0.0,1.0,Rio de Janeiro
-1.0238394050276878,-0.31337186959167757,0.5582925984922991,0.0,0.0,0.0,1.0,0.0,0.0,1.0,0.0,Bali
0.7612120559987471,0.3983147882370056,-0.5705340968776442,0.0,1.0,0.0,0.0,0.0,0.0,1.0,0.0,Rome
-0.5610482855023157,0.11056256117978668,1.0599933519900517,1.0,0.0,0.0,0.0,0.0,1.0,0.0,0.0,Paris
-0.23048320012705004,-1.3605129953266373,0.5582925984922991,0.0,0.0,1.0,0.0,0.0,1.0,0.0,0.0,Rome
1.4884552438243315,-1.318965882329071,0.056591844994546496,0.0,1.0,0.0,0.0,0.0,0.0,0.0,1.0,Londres
0.43064697062348134,1.0145969643675734,0.3074422217434228,0.0,0.0,0.0,1.0,0.0,1.0,0.0,0.0,Londres
-1.4205175074780065,1.62472401264665,-0.06883334337989165,0.0,0.0,0.0,1.0,0.0,0.0,1.0,0.0,Londres
-0.9577263879526345,-0.1202547332511376,1.310843728738928,0.0,0.0,0.0,1.0,0.0,0.0,1.0,0.0,Paris
-0.4949352684272626,-0.3102943056659319,-1.3230852271242732,0.0,0.0,1.0,0.0,0.0,0.0,0.0,1.0,New York
1.5545682608993847,0.46986814951059214,-0.06883334337989165,0.0,0.0,1.0,0.0,0.0,0.0,1.0,0.0,Sydney
-0.8916133708775814,0.7029936168858256,0.056591844994546496,0.0,0.0,0.0,0.0,1.0,1.0,0.0,0.0,Rome
0.9595511072239065,1.6708874715328348,0.056591844994546496,0.0,0.0,0.0,1.0,0.0,0.0,1.0,0.0,Londres
0.1661949023232688,0.8107083542869237,-0.5705340968776442,0.0,0.0,0.0,0.0,1.0,1.0,0.0,0.0,Barcelone
-1.4866305245530596,-0.9150356170749535,-0.4451089085032061,1.0,0.0,0.0,0.0,0.0,1.0,0.0,0.0,Le Caire
0.49675998769853447,0.4406312922160084,-1.6993607922475875,0.0,0.0,0.0,1.0,0.0,0.0,0.0,1.0,Paris
-0.5610482855023157,0.0736317940708388,1.310843728738928,0.0,1.0,0.0,0.0,0.0,0.0,0.0,1.0,Barcelone
-0.3627092342771563,0.5783522778931265,1.4362689171133662,0.0,0.0,1.0,0.0,0.0,0.0,0.0,1.0,Paris
-1.3544044904029533,-0.9904359332557221,1.4362689171133662,0.0,1.0,0.0,0.0,0.0,0.0,0.0,1.0,Rio de Janeiro
1.0256641242989597,0.8053226174168687,-0.4451089085032061,0.0,0.0,0.0,0.0,1.0,0.0,0.0,1.0,Le Caire
-1.2882914733279003,-1.112769099304112,-0.4451089085032061,0.0,0.0,0.0,0.0,1.0,0.0,0.0,1.0,Bali
-0.8916133708775814,-1.1727815958561523,-0.6959592852520824,0.0,0.0,0.0,0.0,1.0,1.0,0.0,0.0,Rome
-0.7593873367274752,-1.6844265985113678,0.8091429752411754,0.0,0.0,0.0,1.0,0.0,0.0,0.0,1.0,Rio de Janeiro
1.2901161925991722,0.11594829804984158,1.0599933519900517,1.0,0.0,0.0,0.0,0.0,1.0,0.0,0.0,Rio de Janeiro
0.7612120559987471,-0.758079856861925,0.8091429752411754,0.0,0.0,0.0,0.0,1.0,1.0,0.0,0.0,Paris
-0.29659621720210316,0.02977650812896318,-0.1942585317543298,0.0,0.0,0.0,0.0,1.0,0.0,0.0,1.0,Londres
-0.032144148901890615,0.2952163967245261,-0.8213844736265206,0.0,0.0,1.0,0.0,0.0,1.0,0.0,0.0,Rio de Janeiro
0.43064697062348134,1.560095170205991,1.5616941054878042,1.0,0.0,0.0,0.0,0.0,0.0,1.0,0.0,Tokyo
1.620681277974438,0.4690987585291557,-0.6959592852520824,0.0,0.0,1.0,0.0,0.0,1.0,0.0,0.0,New York
-1.0899524221027408,-1.355896649438019,0.8091429752411754,1.0,0.0,0.0,0.0,0.0,0.0,1.0,0.0,Bali
0.2984209364733751,-0.31952699744316887,0.9345681636156136,0.0,0.0,0.0,0.0,1.0,0.0,0.0,1.0,Londres
0.6289860218486407,-0.3749231481065907,0.5582925984922991,0.0,0.0,0.0,1.0,0.0,0.0,1.0,0.0,New York
0.2984209364733751,0.915345527762276,-0.5705340968776442,1.0,0.0,0.0,0.0,0.0,0.0,1.0,0.0,Tokyo
1.4223422267492785,0.3144511712604364,0.43286741011786095,1.0,0.0,0.0,0.0,0.0,1.0,0.0,0.0,Barcelone
0.43064697062348134,1.5754829898347193,-1.197660038749835,0.0,1.0,0.0,0.0,0.0,1.0,0.0,0.0,Bali
1.157890158449066,-1.6913511173442954,0.43286741011786095,0.0,0.0,0.0,1.0,0.0,0.0,0.0,1.0,Barcelone
0.7612120559987471,1.3685168158283239,1.0599933519900517,0.0,1.0,0.0,0.0,0.0,1.0,0.0,0.0,New York
-0.3627092342771563,0.246744764894032,-0.5705340968776442,0.0,0.0,0.0,1.0,0.0,1.0,0.0,0.0,Le Caire
-0.7593873367274752,-0.07255249240207991,-1.072234850375397,0.0,0.0,0.0,0.0,1.0,0.0,1.0,0.0,Rio de Janeiro
0.23230791939832193,-1.1373896107100772,1.6871192938622424,1.0,0.0,0.0,0.0,0.0,0.0,0.0,1.0,Paris
-0.8916133708775814,-0.3041391778144406,1.6871192938622424,1.0,0.0,0.0,0.0,0.0,1.0,0.0,0.0,Londres
-0.09825716597694376,1.125389265694417,0.8091429752411754,1.0,0.0,0.0,0.0,0.0,0.0,0.0,1.0,Barcelone
0.6289860218486407,-0.33260664412758795,0.9345681636156136,1.0,0.0,0.0,0.0,0.0,0.0,0.0,1.0,Sydney
-1.618856558703166,-1.547475003815686,-1.3230852271242732,0.0,0.0,0.0,1.0,0.0,0.0,1.0,0.0,Rome
0.7612120559987471,0.9753580243143163,0.5582925984922991,1.0,0.0,0.0,0.0,0.0,0.0,1.0,0.0,Le Caire
0.5628730047735876,-1.6705775608455122,-0.1942585317543298,0.0,1.0,0.0,0.0,0.0,1.0,0.0,0.0,Tokyo
-1.222178456252847,0.9992091447388451,1.4362689171133662,1.0,0.0,0.0,0.0,0.0,0.0,1.0,0.0,Bali
0.8934380901488533,0.9699722874442613,0.3074422217434228,0.0,0.0,1.0,0.0,0.0,1.0,0.0,0.0,Rome
0.6289860218486407,1.0830727617154143,1.5616941054878042,0.0,1.0,0.0,0.0,0.0,0.0,1.0,0.0,Le Caire
-0.16437018305199688,0.7914735797510133,-1.5739356038731493,1.0,0.0,0.0,0.0,0.0,0.0,1.0,0.0,Paris
-0.9577263879526345,0.09055839566243991,-0.1942585317543298,0.0,0.0,1.0,0.0,0.0,0.0,1.0,0.0,Rome
0.23230791939832193,1.686275291161563,1.6871192938622424,0.0,0.0,1.0,0.0,0.0,0.0,1.0,0.0,Rome
1.157890158449066,0.31060421635325436,-1.197660038749835,1.0,0.0,0.0,0.0,0.0,0.0,1.0,0.0,Paris
1.224003175524119,-0.47340519373045176,-0.8213844736265206,0.0,0.0,0.0,0.0,1.0,0.0,1.0,0.0,New York
1.4223422267492785,0.9315027383724407,0.8091429752411754,0.0,0.0,0.0,1.0,0.0,0.0,0.0,1.0,Londres
-0.8255003538025283,-1.4466847852475158,-0.5705340968776442,0.0,0.0,0.0,1.0,0.0,0.0,0.0,1.0,New York
-1.3544044904029533,-1.6759632977155672,-0.9468096620009587,0.0,0.0,0.0,1.0,0.0,0.0,0.0,1.0,Le Caire
-1.684969575778219,-0.4680194568603968,-0.8213844736265206,0.0,1.0,0.0,0.0,0.0,0.0,0.0,1.0,Londres
-1.4205175074780065,-0.31798821548029604,1.18541854036449,0.0,0.0,1.0,0.0,0.0,0.0,1.0,0.0,Rome
1.4884552438243315,-0.6572896382937548,-1.5739356038731493,1.0,0.0,0.0,0.0,0.0,0.0,0.0,1.0,Tokyo
0.49675998769853447,1.1877099351907665,-1.197660038749835,0.0,0.0,0.0,0.0,1.0,0.0,1.0,0.0,Le Caire
-1.684969575778219,-0.5218768255609458,0.5582925984922991,0.0,0.0,0.0,0.0,1.0,0.0,0.0,1.0,Le Caire
-1.684969575778219,1.292347108666119,1.18541854036449,0.0,0.0,0.0,1.0,0.0,0.0,0.0,1.0,Paris
0.8934380901488533,1.3823658534941794,1.5616941054878042,0.0,0.0,0.0,0.0,1.0,0.0,1.0,0.0,Paris
-1.618856558703166,-1.094303715749638,0.43286741011786095,1.0,0.0,0.0,0.0,0.0,0.0,0.0,1.0,New York
-0.3627092342771563,-0.5880444499644775,1.0599933519900517,0.0,0.0,0.0,1.0,0.0,0.0,0.0,1.0,Tokyo
-0.4288222513522094,0.4521721569375546,-1.6993607922475875,0.0,0.0,1.0,0.0,0.0,0.0,0.0,1.0,Bali
-1.3544044904029533,-1.0281360913461064,-0.5705340968776442,0.0,0.0,0.0,0.0,1.0,0.0,1.0,0.0,Barcelone
1.4884552438243315,-0.8981090154833524,-0.06883334337989165,0.0,0.0,1.0,0.0,0.0,0.0,1.0,0.0,Le Caire
-1.0899524221027408,0.1651893208617721,-1.072234850375397,0.0,1.0,0.0,0.0,0.0,1.0,0.0,0.0,Londres
-0.09825716597694376,1.1415464763045817,0.8091429752411754,0.0,1.0,0.0,0.0,0.0,0.0,0.0,1.0,Rome
1.0917771413740127,-1.3289679650877444,1.6871192938622424,0.0,0.0,0.0,1.0,0.0,0.0,1.0,0.0,Sydney
0.033968868173162525,0.03516224499901808,-0.8213844736265206,1.0,0.0,0.0,0.0,0.0,0.0,1.0,0.0,Le Caire
-1.3544044904029533,1.560095170205991,0.6837177868667372,0.0,0.0,1.0,0.0,0.0,0.0,1.0,0.0,Rio de Janeiro
-0.9577263879526345,0.8245573919527791,1.18541854036449,0.0,0.0,1.0,0.0,0.0,0.0,0.0,1.0,Le Caire
0.3645339535484282,-1.534395357131267,1.5616941054878042,1.0,0.0,0.0,0.0,0.0,0.0,1.0,0.0,Sydney
0.1661949023232688,-1.2135593178722823,0.6837177868667372,0.0,1.0,0.0,0.0,0.0,1.0,0.0,0.0,Paris
1.0256641242989597,1.4254517484546185,-0.1942585317543298,0.0,0.0,1.0,0.0,0.0,0.0,1.0,0.0,Barcelone
1.224003175524119,-0.021772687627276573,-0.06883334337989165,0.0,0.0,0.0,0.0,1.0,0.0,1.0,0.0,New York
-0.8916133708775814,-1.3351230929392357,1.310843728738928,0.0,0.0,1.0,0.0,0.0,1.0,0.0,0.0,Paris
-1.156065439177794,0.4160107808100431,0.5582925984922991,0.0,0.0,1.0,0.0,0.0,0.0,0.0,1.0,New York
0.9595511072239065,0.5660420221901439,-1.072234850375397,1.0,0.0,0.0,0.0,0.0,0.0,1.0,0.0,Sydney
1.4884552438243315,0.8176328731198513,0.43286741011786095,1.0,0.0,0.0,0.0,0.0,0.0,0.0,1.0,Paris
0.2984209364733751,0.9699722874442613,1.0599933519900517,0.0,1.0,0.0,0.0,0.0,0.0,0.0,1.0,Sydney
1.4884552438243315,-0.18642235765466922,0.8091429752411754,0.0,1.0,0.0,0.0,0.0,1.0,0.0,0.0,New York
-0.9577263879526345,1.3600535150325235,-0.8213844736265206,0.0,0.0,0.0,1.0,0.0,1.0,0.0,0.0,New York
-0.6271613025773689,-1.6213365380335818,0.18201703336898464,0.0,0.0,1.0,0.0,0.0,0.0,0.0,1.0,Rio de Janeiro
1.3562292096742252,-1.588252725831816,0.9345681636156136,0.0,0.0,0.0,0.0,1.0,0.0,1.0,0.0,Sydney
0.1661949023232688,-0.7726982855092168,0.8091429752411754,1.0,0.0,0.0,0.0,0.0,1.0,0.0,0.0,Le Caire
0.695099038923694,1.6301097495167047,-0.8213844736265206,1.0,0.0,0.0,0.0,0.0,0.0,0.0,1.0,Bali
-0.16437018305199688,-1.6505733953281656,-1.5739356038731493,0.0,0.0,0.0,1.0,0.0,0.0,0.0,1.0,New York
-0.5610482855023157,0.10979317019835026,-1.6993607922475875,0.0,0.0,0.0,1.0,0.0,0.0,1.0,0.0,Rome
-0.16437018305199688,-1.0304442642904157,0.6837177868667372,0.0,0.0,0.0,0.0,1.0,1.0,0.0,0.0,New York
-0.5610482855023157,0.9076516179479118,0.3074422217434228,1.0,0.0,0.0,0.0,0.0,0.0,0.0,1.0,Tokyo
-0.693274319652422,1.0484501675507756,1.4362689171133662,0.0,0.0,0.0,1.0,0.0,0.0,0.0,1.0,Le Caire
-0.5610482855023157,-0.24412668126240028,0.3074422217434228,0.0,0.0,0.0,0.0,1.0,0.0,1.0,0.0,Rio de Janeiro
-0.8255003538025283,1.6370342683496326,-0.31968372012876795,0.0,1.0,0.0,0.0,0.0,1.0,0.0,0.0,New York
-1.222178456252847,-1.040446347049089,0.3074422217434228,0.0,1.0,0.0,0.0,0.0,0.0,1.0,0.0,Londres
-0.4288222513522094,-1.5567076955929229,-0.1942585317543298,1.0,0.0,0.0,0.0,0.0,0.0,1.0,0.0,Tokyo
-0.29659621720210316,0.8307125198042704,-1.072234850375397,0.0,0.0,0.0,1.0,0.0,0.0,0.0,1.0,Le Caire
-0.693274319652422,-0.6403630367021537,1.18541854036449,0.0,1.0,0.0,0.0,0.0,1.0,0.0,0.0,Bali
-1.3544044904029533,-0.8457904287456762,0.6837177868667372,0.0,1.0,0.0,0.0,0.0,0.0,0.0,1.0,Paris
-1.618856558703166,-0.7650043756948527,-0.5705340968776442,0.0,0.0,0.0,1.0,0.0,1.0,0.0,0.0,Le Caire
-0.6271613025773689,1.3431269134409223,0.43286741011786095,1.0,0.0,0.0,0.0,0.0,0.0,1.0,0.0,New York
1.4884552438243315,0.8468697304144351,0.6837177868667372,1.0,0.0,0.0,0.0,0.0,1.0,0.0,0.0,Le Caire
-0.6271613025773689,0.6560607670182044,0.6837177868667372,0.0,0.0,0.0,0.0,1.0,0.0,0.0,1.0,Barcelone
-1.5527435416281128,-0.7550022929361794,0.3074422217434228,0.0,1.0,0.0,0.0,0.0,1.0,0.0,0.0,Rio de Janeiro
-0.4949352684272626,-0.9611990759611384,-0.8213844736265206,0.0,0.0,1.0,0.0,0.0,1.0,0.0,0.0,Londres
1.3562292096742252,1.7039712837346006,1.0599933519900517,0.0,1.0,0.0,0.0,0.0,1.0,0.0,0.0,Barcelone
-0.4288222513522094,-1.2581839947955942,-1.6993607922475875,1.0,0.0,0.0,0.0,0.0,0.0,0.0,1.0,Tokyo
0.2984209364733751,1.3523596052181592,0.43286741011786095,0.0,0.0,0.0,1.0,0.0,0.0,0.0,1.0,New York
-0.4949352684272626,-1.5813282069988883,-1.4485104154987114,0.0,0.0,0.0,1.0,0.0,0.0,0.0,1.0,Tokyo
-1.618856558703166,1.4716152073408035,0.6837177868667372,0.0,0.0,1.0,0.0,0.0,0.0,1.0,0.0,Londres
1.3562292096742252,-1.4574562589876257,-0.6959592852520824,0.0,0.0,0.0,1.0,0.0,0.0,1.0,0.0,Rio de Janeiro
1.0256641242989597,1.3862128084013614,0.056591844994546496,1.0,0.0,0.0,0.0,0.0,0.0,1.0,0.0,Paris
0.3645339535484282,-0.5003338780807263,0.3074422217434228,0.0,0.0,0.0,0.0,1.0,1.0,0.0,0.0,Londres
-0.29659621720210316,0.8537942492473628,-0.31968372012876795,0.0,0.0,1.0,0.0,0.0,0.0,0.0,1.0,Le Caire
0.5628730047735876,0.7399243839947736,-1.4485104154987114,0.0,0.0,0.0,0.0,1.0,1.0,0.0,0.0,Rome
-0.693274319652422,0.9168843097251488,-0.1942585317543298,0.0,0.0,0.0,1.0,0.0,0.0,1.0,0.0,Paris
-1.2882914733279003,-1.45437869506188,-0.4451089085032061,0.0,0.0,0.0,0.0,1.0,0.0,1.0,0.0,Barcelone
0.8934380901488533,1.2323346121140786,-0.06883334337989165,0.0,0.0,0.0,0.0,1.0,1.0,0.0,0.0,New York
0.2984209364733751,-1.3697456871038742,-1.6993607922475875,0.0,1.0,0.0,0.0,0.0,1.0,0.0,0.0,Paris
-1.3544044904029533,-0.9211907449264448,1.310843728738928,1.0,0.0,0.0,0.0,0.0,1.0,0.0,0.0,Rio de Janeiro
0.8273250730738002,0.516031608396777,0.5582925984922991,0.0,0.0,0.0,0.0,1.0,0.0,1.0,0.0,Tokyo
-0.6271613025773689,-0.3287596892204059,-0.31968372012876795,0.0,1.0,0.0,0.0,0.0,1.0,0.0,0.0,Londres
-0.8255003538025283,-1.3289679650877444,-0.6959592852520824,0.0,0.0,0.0,1.0,0.0,0.0,0.0,1.0,Barcelone
-1.4866305245530596,0.8399452115815074,-1.3230852271242732,0.0,1.0,0.0,0.0,0.0,0.0,1.0,0.0,Barcelone
1.224003175524119,0.8245573919527791,1.4362689171133662,0.0,0.0,1.0,0.0,0.0,1.0,0.0,0.0,Le Caire
-0.032144148901890615,0.32445325401910985,-1.072234850375397,0.0,0.0,0.0,0.0,1.0,1.0,0.0,0.0,Tokyo
0.23230791939832193,-1.1781673327262072,-0.9468096620009587,0.0,0.0,0.0,1.0,0.0,0.0,0.0,1.0,Rio de Janeiro
1.620681277974438,-0.8888763237061155,-0.06883334337989165,0.0,0.0,1.0,0.0,0.0,1.0,0.0,0.0,Tokyo
0.033968868173162525,0.1875016593234281,-0.8213844736265206,0.0,0.0,1.0,0.0,0.0,0.0,1.0,0.0,Bali
-0.7593873367274752,0.4614048487147916,-0.31968372012876795,0.0,1.0,0.0,0.0,0.0,1.0,0.0,0.0,Bali
-0.032144148901890615,-0.3856946218467005,1.0599933519900517,0.0,0.0,1.0,0.0,0.0,0.0,1.0,0.0,Barcelone
-0.693274319652422,0.8661045049503454,0.6837177868667372,0.0,1.0,0.0,0.0,0.0,1.0,0.0,0.0,Londres
0.7612120559987471,-1.2397186112411203,-1.197660038749835,1.0,0.0,0.0,0.0,0.0,0.0,0.0,1.0,Paris
-0.9577263879526345,0.4944886609165574,-1.4485104154987114,1.0,0.0,0.0,0.0,0.0,0.0,0.0,1.0,Paris
0.6289860218486407,0.17442201263900906,-1.4485104154987114,1.0,0.0,0.0,0.0,0.0,0.0,1.0,0.0,Londres
1.0917771413740127,-1.6028711544791079,0.43286741011786095,0.0,0.0,1.0,0.0,0.0,0.0,0.0,1.0,Sydney
-0.4949352684272626,-0.9542745571282106,-1.4485104154987114,0.0,0.0,1.0,0.0,0.0,0.0,1.0,0.0,Tokyo
1.686794295049491,-1.6682693879012032,0.056591844994546496,0.0,0.0,0.0,1.0,0.0,0.0,1.0,0.0,Barcelone
1.686794295049491,0.6198993908906929,-0.5705340968776442,0.0,1.0,0.0,0.0,0.0,0.0,1.0,0.0,Sydney
-1.156065439177794,-1.4151397550086227,0.43286741011786095,0.0,0.0,0.0,1.0,0.0,0.0,0.0,1.0,Rio de Janeiro
1.3562292096742252,0.6983772709972071,-0.9468096620009587,0.0,0.0,0.0,0.0,1.0,0.0,1.0,0.0,Sydney
-1.4205175074780065,-1.2212532276866463,-0.06883334337989165,0.0,1.0,0.0,0.0,0.0,1.0,0.0,0.0,Paris
-0.5610482855023157,-0.49110118630348926,0.8091429752411754,1.0,0.0,0.0,0.0,0.0,0.0,0.0,1.0,New York
1.3562292096742252,1.2084834916895497,-0.1942585317543298,0.0,0.0,0.0,1.0,0.0,1.0,0.0,0.0,Barcelone
-1.222178456252847,0.2475141558754684,-1.6993607922475875,0.0,0.0,0.0,0.0,1.0,0.0,0.0,1.0,Tokyo
0.2984209364733751,1.210791664633859,-0.1942585317543298,1.0,0.0,0.0,0.0,0.0,0.0,1.0,0.0,Londres
-1.4205175074780065,1.3169676200720841,1.0599933519900517,1.0,0.0,0.0,0.0,0.0,0.0,0.0,1.0,Tokyo
-0.5610482855023157,-0.8911844966504247,0.18201703336898464,0.0,0.0,0.0,1.0,0.0,0.0,0.0,1.0,Londres
0.3645339535484282,-0.3472250727748798,-1.4485104154987114,1.0,0.0,0.0,0.0,0.0,0.0,1.0,0.0,Paris
-0.7593873367274752,-0.3910803587167554,-0.5705340968776442,0.0,0.0,1.0,0.0,0.0,0.0,0.0,1.0,Tokyo
-1.618856558703166,-0.735767518400269,0.5582925984922991,0.0,0.0,0.0,0.0,1.0,1.0,0.0,0.0,Le Caire
-0.09825716597694376,1.314659447127775,-0.4451089085032061,1.0,0.0,0.0,0.0,0.0,1.0,0.0,0.0,Le Caire
0.5628730047735876,1.3208145749792664,1.4362689171133662,0.0,0.0,0.0,1.0,0.0,1.0,0.0,0.0,Tokyo
-1.3544044904029533,-1.0112094897545052,-1.3230852271242732,1.0,0.0,0.0,0.0,0.0,0.0,0.0,1.0,Le Caire
-0.3627092342771563,-0.605740442537515,-0.31968372012876795,0.0,0.0,0.0,1.0,0.0,0.0,0.0,1.0,Le Caire
0.49675998769853447,1.4277599213989278,-0.4451089085032061,0.0,0.0,0.0,1.0,0.0,0.0,0.0,1.0,Rome
1.2901161925991722,-0.7796228043421446,-0.5705340968776442,1.0,0.0,0.0,0.0,0.0,0.0,1.0,0.0,Tokyo
-0.7593873367274752,-1.4259112287487326,1.18541854036449,1.0,0.0,0.0,0.0,0.0,0.0,1.0,0.0,Londres
-1.684969575778219,-1.058911730603563,0.18201703336898464,0.0,0.0,0.0,0.0,1.0,0.0,1.0,0.0,Paris
1.4884552438243315,-0.10640569558528214,0.8091429752411754,1.0,0.0,0.0,0.0,0.0,1.0,0.0,0.0,Rio de Janeiro
-1.222178456252847,-1.5574770865743595,0.5582925984922991,1.0,0.0,0.0,0.0,0.0,0.0,0.0,1.0,Paris
-0.29659621720210316,0.9422742121125505,0.43286741011786095,0.0,0.0,0.0,0.0,1.0,1.0,0.0,0.0,Rome
-0.29659621720210316,0.8737984147647097,0.056591844994546496,0.0,0.0,0.0,0.0,1.0,0.0,1.0,0.0,Bali
1.3562292096742252,0.6437505113152218,-0.8213844736265206,0.0,0.0,0.0,0.0,1.0,0.0,0.0,1.0,Londres
0.49675998769853447,1.3531289961995956,-0.31968372012876795,1.0,0.0,0.0,0.0,0.0,0.0,0.0,1.0,Sydney
-1.3544044904029533,-0.4880236223777436,-1.4485104154987114,0.0,0.0,0.0,0.0,1.0,1.0,0.0,0.0,Bali
-1.0899524221027408,1.0746094609196137,0.3074422217434228,0.0,1.0,0.0,0.0,0.0,0.0,0.0,1.0,Le Caire
0.43064697062348134,0.8160940911569785,-1.6993607922475875,0.0,0.0,0.0,0.0,1.0,0.0,0.0,1.0,Tokyo
-0.8255003538025283,1.5531706513730634,-1.5739356038731493,0.0,0.0,1.0,0.0,0.0,1.0,0.0,0.0,Rome
-1.0238394050276878,1.396214891160035,1.310843728738928,1.0,0.0,0.0,0.0,0.0,0.0,1.0,0.0,Londres
0.7612120559987471,1.6439587871825603,-1.4485104154987114,0.0,0.0,1.0,0.0,0.0,1.0,0.0,0.0,Rome
-1.0238394050276878,0.8407146025629438,-1.3230852271242732,0.0,0.0,0.0,1.0,0.0,1.0,0.0,0.0,Rio de Janeiro
0.23230791939832193,0.9707416784256978,0.18201703336898464,0.0,1.0,0.0,0.0,0.0,0.0,1.0,0.0,Sydney
-0.5610482855023157,-0.09178726693799028,-0.5705340968776442,0.0,1.0,0.0,0.0,0.0,1.0,0.0,0.0,Rio de Janeiro
0.49675998769853447,-0.1364119438613023,0.18201703336898464,0.0,0.0,0.0,0.0,1.0,0.0,0.0,1.0,Rio de Janeiro
0.9595511072239065,-1.6651918239754573,-0.8213844736265206,0.0,0.0,0.0,1.0,0.0,0.0,1.0,0.0,Sydney
-1.5527435416281128,-0.013309386831476016,1.310843728738928,0.0,0.0,0.0,1.0,0.0,0.0,1.0,0.0,Barcelone
0.3645339535484282,-1.3343537019577993,-0.6959592852520824,0.0,1.0,0.0,0.0,0.0,0.0,0.0,1.0,Barcelone
-1.5527435416281128,0.7137650906259354,-1.4485104154987114,0.0,1.0,0.0,0.0,0.0,0.0,0.0,1.0,Tokyo
0.8273250730738002,0.5714277590601988,0.18201703336898464,1.0,0.0,0.0,0.0,0.0,1.0,0.0,0.0,Londres
-1.5527435416281128,0.03285407205470884,-0.9468096620009587,0.0,0.0,0.0,1.0,0.0,0.0,1.0,0.0,Le Caire
-1.0899524221027408,-0.42031721601133915,0.3074422217434228,1.0,0.0,0.0,0.0,0.0,1.0,0.0,0.0,Rome
0.6289860218486407,-0.5364952542082377,0.9345681636156136,1.0,0.0,0.0,0.0,0.0,0.0,0.0,1.0,Sydney
0.1661949023232688,-1.1266181369699675,-1.5739356038731493,1.0,0.0,0.0,0.0,0.0,0.0,1.0,0.0,Rio de Janeiro
-0.09825716597694376,-0.5680402844471307,1.18541854036449,0.0,0.0,0.0,1.0,0.0,0.0,1.0,0.0,Sydney
-0.16437018305199688,0.9268863924838222,1.4362689171133662,1.0,0.0,0.0,0.0,0.0,1.0,0.0,0.0,New York
-1.684969575778219,1.4185272296216909,-1.6993607922475875,0.0,1.0,0.0,0.0,0.0,0.0,0.0,1.0,Sydney
-0.032144148901890615,1.1015381452698882,1.6871192938622424,0.0,0.0,1.0,0.0,0.0,0.0,1.0,0.0,Barcelone
-0.09825716597694376,-0.2933677040743308,-0.4451089085032061,1.0,0.0,0.0,0.0,0.0,1.0,0.0,0.0,Sydney
1.157890158449066,-1.1450835205244414,-0.9468096620009587,1.0,0.0,0.0,0.0,0.0,0.0,0.0,1.0,Londres
-0.693274319652422,-0.2656696287426199,-0.31968372012876795,0.0,0.0,0.0,1.0,0.0,0.0,0.0,1.0,Londres
0.6289860218486407,-0.9296540457222454,0.8091429752411754,0.0,0.0,0.0,1.0,0.0,0.0,0.0,1.0,Rio de Janeiro
-1.0238394050276878,1.0538359044208305,-1.197660038749835,1.0,0.0,0.0,0.0,0.0,0.0,0.0,1.0,Rome
-0.8255003538025283,-0.4557092011574142,-0.31968372012876795,0.0,0.0,1.0,0.0,0.0,0.0,0.0,1.0,Bali
-0.09825716597694376,0.6537525940738951,0.18201703336898464,0.0,0.0,1.0,0.0,0.0,0.0,1.0,0.0,Rio de Janeiro
-0.3627092342771563,1.0738400699381774,-0.8213844736265206,0.0,0.0,0.0,1.0,0.0,1.0,0.0,0.0,New York
1.157890158449066,0.25443867470839615,-0.5705340968776442,1.0,0.0,0.0,0.0,0.0,0.0,1.0,0.0,Rome
-0.16437018305199688,1.1453934312117637,-0.1942585317543298,0.0,0.0,1.0,0.0,0.0,1.0,0.0,0.0,Sydney
1.3562292096742252,-1.2135593178722823,0.8091429752411754,0.0,0.0,1.0,0.0,0.0,1.0,0.0,0.0,Paris
-1.4866305245530596,0.3021409155574538,1.0599933519900517,0.0,0.0,0.0,1.0,0.0,0.0,1.0,0.0,Bali
-1.684969575778219,0.6752955415541148,-0.8213844736265206,0.0,1.0,0.0,0.0,0.0,0.0,0.0,1.0,Paris
-0.6271613025773689,-0.30106161388869496,-0.6959592852520824,0.0,0.0,0.0,1.0,0.0,0.0,1.0,0.0,Le Caire
1.224003175524119,-0.1687263650816317,0.3074422217434228,0.0,0.0,0.0,1.0,0.0,0.0,1.0,0.0,Bali
0.43064697062348134,1.2800368529631363,0.43286741011786095,0.0,0.0,0.0,0.0,1.0,0.0,0.0,1.0,Le Caire
0.43064697062348134,1.6147219298879765,1.18541854036449,1.0,0.0,0.0,0.0,0.0,1.0,0.0,0.0,Paris
-0.09825716597694376,-1.7267431024903706,-0.9468096620009587,0.0,1.0,0.0,0.0,0.0,1.0,0.0,0.0,Rio de Janeiro
-0.5610482855023157,0.42601286356871654,-0.06883334337989165,0.0,0.0,0.0,1.0,0.0,0.0,1.0,0.0,Paris
-1.0899524221027408,1.4716152073408035,0.3074422217434228,0.0,0.0,0.0,1.0,0.0,0.0,1.0,0.0,Paris
-1.4205175074780065,-0.7719288945277805,-1.4485104154987114,0.0,1.0,0.0,0.0,0.0,1.0,0.0,0.0,Rome
0.1661949023232688,-0.9227295268893176,1.5616941054878042,0.0,0.0,1.0,0.0,0.0,0.0,0.0,1.0,Sydney
-0.4288222513522094,-0.7103776160128673,0.5582925984922991,0.0,1.0,0.0,0.0,0.0,1.0,0.0,0.0,Rio de Janeiro
0.49675998769853447,1.5924095914263205,1.0599933519900517,1.0,0.0,0.0,0.0,0.0,0.0,0.0,1.0,Le Caire
0.5628730047735876,-0.4610949380274691,1.18541854036449,0.0,1.0,0.0,0.0,0.0,0.0,0.0,1.0,Le Caire
-0.4949352684272626,1.409294537844454,-1.5739356038731493,1.0,0.0,0.0,0.0,0.0,0.0,1.0,0.0,Le Caire
-0.4949352684272626,0.1774995765647547,-1.4485104154987114,0.0,0.0,1.0,0.0,0.0,0.0,1.0,0.0,Barcelone
0.7612120559987471,0.15672602006597153,1.6871192938622424,0.0,0.0,1.0,0.0,0.0,0.0,0.0,1.0,Londres
0.43064697062348134,0.9407354301496776,1.6871192938622424,1.0,0.0,0.0,0.0,0.0,0.0,1.0,0.0,Londres
0.7612120559987471,-1.1658570770232246,-0.06883334337989165,0.0,0.0,1.0,0.0,0.0,0.0,0.0,1.0,Tokyo
0.695099038923694,-0.8704109401516414,-0.5705340968776442,0.0,1.0,0.0,0.0,0.0,1.0,0.0,0.0,Le Caire
-0.23048320012705004,-1.480537988430718,-0.5705340968776442,0.0,0.0,0.0,0.0,1.0,0.0,1.0,0.0,Barcelone
-1.5527435416281128,1.6501139150340516,-1.5739356038731493,0.0,0.0,0.0,0.0,1.0,0.0,1.0,0.0,Londres
0.49675998769853447,0.8591799861174177,-0.8213844736265206,0.0,1.0,0.0,0.0,0.0,0.0,0.0,1.0,Paris
-1.156065439177794,0.542190901765615,1.6871192938622424,0.0,0.0,0.0,0.0,1.0,0.0,0.0,1.0,Sydney
-0.3627092342771563,1.0384480847921023,-1.072234850375397,1.0,0.0,0.0,0.0,0.0,0.0,0.0,1.0,Londres
-1.4866305245530596,0.06824605720078389,0.8091429752411754,1.0,0.0,0.0,0.0,0.0,0.0,1.0,0.0,Rio de Janeiro
-1.0899524221027408,-0.11948534226970119,1.310843728738928,1.0,0.0,0.0,0.0,0.0,0.0,0.0,1.0,Tokyo
0.695099038923694,-0.30183100487013137,-0.9468096620009587,0.0,0.0,1.0,0.0,0.0,1.0,0.0,0.0,Rio de Janeiro
1.0256641242989597,1.524703185059916,0.3074422217434228,0.0,0.0,0.0,1.0,0.0,0.0,0.0,1.0,Sydney
-0.5610482855023157,0.6768343235169876,0.43286741011786095,0.0,0.0,0.0,0.0,1.0,1.0,0.0,0.0,New York
0.49675998769853447,-0.1317955979726838,1.18541854036449,0.0,0.0,1.0,0.0,0.0,0.0,0.0,1.0,Rio de Janeiro
0.49675998769853447,-1.2751105963871954,0.3074422217434228,0.0,0.0,0.0,0.0,1.0,1.0,0.0,0.0,Londres
0.23230791939832193,-1.5590158685372322,-1.072234850375397,0.0,0.0,1.0,0.0,0.0,0.0,1.0,0.0,Rio de Janeiro
1.620681277974438,1.3415881314780496,-1.4485104154987114,1.0,0.0,0.0,0.0,0.0,1.0,0.0,0.0,Barcelone
-0.693274319652422,1.0738400699381774,-1.072234850375397,0.0,1.0,0.0,0.0,0.0,0.0,0.0,1.0,Rio de Janeiro
-0.3627092342771563,0.332147163833474,1.6871192938622424,1.0,0.0,0.0,0.0,0.0,0.0,0.0,1.0,Londres
-0.09825716597694376,0.3721554948681675,1.18541854036449,0.0,0.0,0.0,0.0,1.0,0.0,0.0,1.0,Paris
-1.156065439177794,-1.4236030558044233,-0.4451089085032061,0.0,0.0,0.0,1.0,0.0,0.0,1.0,0.0,Londres
0.10008188524821567,-1.4297581836559146,-0.5705340968776442,0.0,0.0,0.0,1.0,0.0,1.0,0.0,0.0,Barcelone
0.8934380901488533,-0.49187057728492567,0.3074422217434228,0.0,1.0,0.0,0.0,0.0,1.0,0.0,0.0,Paris
0.6289860218486407,0.42755164553158936,0.43286741011786095,0.0,1.0,0.0,0.0,0.0,0.0,1.0,0.0,Le Caire
0.695099038923694,-1.6074875003677263,1.310843728738928,0.0,0.0,0.0,0.0,1.0,0.0,1.0,0.0,Tokyo
-0.693274319652422,-0.20488774120914316,1.5616941054878042,0.0,1.0,0.0,0.0,0.0,1.0,0.0,0.0,Sydney
0.3645339535484282,0.7983980985839411,-1.072234850375397,0.0,1.0,0.0,0.0,0.0,0.0,0.0,1.0,Bali
-0.6271613025773689,1.2538775595942981,0.43286741011786095,1.0,0.0,0.0,0.0,0.0,0.0,1.0,0.0,New York
1.224003175524119,-0.9796644595156123,1.5616941054878042,1.0,0.0,0.0,0.0,0.0,0.0,1.0,0.0,Le Caire
-0.9577263879526345,1.2384897399655699,1.0599933519900517,1.0,0.0,0.0,0.0,0.0,0.0,1.0,0.0,Sydney
-0.693274319652422,-1.152008039357369,-0.6959592852520824,0.0,1.0,0.0,0.0,0.0,1.0,0.0,0.0,Rome
-1.0899524221027408,-1.2089429719836637,-1.197660038749835,0.0,0.0,0.0,0.0,1.0,0.0,0.0,1.0,Tokyo
0.7612120559987471,0.6414423383709125,-1.5739356038731493,0.0,1.0,0.0,0.0,0.0,0.0,1.0,0.0,Tokyo
-1.5527435416281128,-1.2358716563339383,-1.5739356038731493,0.0,0.0,1.0,0.0,0.0,0.0,1.0,0.0,Rome
-1.4205175074780065,-1.5851751619060703,-1.072234850375397,0.0,0.0,0.0,1.0,0.0,1.0,0.0,0.0,Sydney
0.8934380901488533,0.605280962243401,-1.3230852271242732,0.0,0.0,0.0,0.0,1.0,0.0,0.0,1.0,Rio de Janeiro
1.5545682608993847,0.7722388052151029,1.310843728738928,0.0,0.0,0.0,0.0,1.0,1.0,0.0,0.0,Sydney
-0.8255003538025283,0.17365262165757264,-1.6993607922475875,0.0,0.0,0.0,0.0,1.0,0.0,0.0,1.0,Rio de Janeiro
1.4223422267492785,0.9707416784256978,0.8091429752411754,0.0,0.0,0.0,1.0,0.0,1.0,0.0,0.0,Sydney
-0.5610482855023157,1.1592424688776193,-1.3230852271242732,0.0,0.0,1.0,0.0,0.0,0.0,1.0,0.0,Rio de Janeiro
-1.0238394050276878,1.3038879733876652,0.6837177868667372,0.0,0.0,0.0,1.0,0.0,0.0,0.0,1.0,Rio de Janeiro
0.6289860218486407,0.7022242259043893,1.6871192938622424,1.0,0.0,0.0,0.0,0.0,1.0,0.0,0.0,Le Caire
0.1661949023232688,-0.9888971512928493,0.43286741011786095,0.0,0.0,0.0,1.0,0.0,0.0,1.0,0.0,Londres
-1.156065439177794,1.7024325017717277,-1.197660038749835,0.0,0.0,0.0,0.0,1.0,0.0,1.0,0.0,Le Caire
-0.29659621720210316,1.1969426269680037,0.8091429752411754,0.0,1.0,0.0,0.0,0.0,1.0,0.0,0.0,Londres
-1.4866305245530596,1.1615506418219286,1.0599933519900517,0.0,1.0,0.0,0.0,0.0,0.0,0.0,1.0,Barcelone
-1.222178456252847,1.1553955139704373,-0.6959592852520824,0.0,1.0,0.0,0.0,0.0,0.0,0.0,1.0,Tokyo
0.43064697062348134,0.9861294980544261,0.3074422217434228,0.0,1.0,0.0,0.0,0.0,1.0,0.0,0.0,Bali
1.157890158449066,-1.6621142600497116,1.18541854036449,1.0,0.0,0.0,0.0,0.0,0.0,0.0,1.0,Sydney
1.157890158449066,1.067684942086686,-1.072234850375397,0.0,0.0,1.0,0.0,0.0,1.0,0.0,0.0,Paris
0.43064697062348134,-1.1112303173412392,1.0599933519900517,0.0,1.0,0.0,0.0,0.0,0.0,0.0,1.0,Sydney
0.2984209364733751,1.3454350863852316,-0.4451089085032061,0.0,0.0,0.0,1.0,0.0,1.0,0.0,0.0,Paris
0.5628730047735876,0.2906000508359076,-0.8213844736265206,0.0,0.0,1.0,0.0,0.0,0.0,1.0,0.0,New York
1.620681277974438,-1.6374937486437464,-0.4451089085032061,1.0,0.0,0.0,0.0,0.0,0.0,0.0,1.0,New York
-0.7593873367274752,-1.3674375141595652,0.8091429752411754,0.0,1.0,0.0,0.0,0.0,0.0,0.0,1.0,Barcelone
-0.09825716597694376,-0.06716675553202502,0.43286741011786095,0.0,0.0,0.0,0.0,1.0,1.0,0.0,0.0,Tokyo
-1.0238394050276878,-0.4010824414754288,0.43286741011786095,0.0,0.0,0.0,1.0,0.0,1.0,0.0,0.0,Barcelone
-0.16437018305199688,-1.5528607406857409,-0.9468096620009587,0.0,0.0,0.0,1.0,0.0,1.0,0.0,0.0,Paris
0.49675998769853447,-1.3474333486422183,-0.5705340968776442,0.0,0.0,1.0,0.0,0.0,0.0,0.0,1.0,Barcelone
-0.5610482855023157,1.5177786662269883,-1.3230852271242732,1.0,0.0,0.0,0.0,0.0,0.0,0.0,1.0,Paris
1.686794295049491,-0.41493147914128425,-0.1942585317543298,0.0,0.0,1.0,0.0,0.0,0.0,1.0,0.0,Barcelone
-0.7593873367274752,-0.9027253613719709,1.18541854036449,0.0,0.0,1.0,0.0,0.0,0.0,1.0,0.0,Paris
0.49675998769853447,1.3254309208678847,0.18201703336898464,0.0,0.0,0.0,0.0,1.0,0.0,1.0,0.0,Paris
0.2984209364733751,-0.13564255287986587,-0.4451089085032061,0.0,0.0,1.0,0.0,0.0,0.0,1.0,0.0,Barcelone
-0.16437018305199688,-0.15641610937864905,0.18201703336898464,0.0,0.0,0.0,1.0,0.0,0.0,1.0,0.0,Tokyo
1.4223422267492785,0.6175912179463836,0.9345681636156136,1.0,0.0,0.0,0.0,0.0,0.0,0.0,1.0,New York
-0.693274319652422,1.5285501399670982,1.310843728738928,0.0,0.0,1.0,0.0,0.0,0.0,0.0,1.0,Londres
0.033968868173162525,-0.24181850831809104,-1.072234850375397,1.0,0.0,0.0,0.0,0.0,0.0,1.0,0.0,Londres
-1.2882914733279003,0.7914735797510133,-1.3230852271242732,0.0,0.0,1.0,0.0,0.0,0.0,1.0,0.0,New York
-1.4205175074780065,1.6878140731244358,0.5582925984922991,0.0,1.0,0.0,0.0,0.0,1.0,0.0,0.0,Tokyo
1.0917771413740127,-1.582866988961761,0.056591844994546496,0.0,0.0,1.0,0.0,0.0,0.0,0.0,1.0,Rio de Janeiro
-1.5527435416281128,-0.48571544943343437,-0.1942585317543298,0.0,0.0,0.0,1.0,0.0,0.0,0.0,1.0,Londres
-1.0238394050276878,1.6493445240526152,-0.4451089085032061,1.0,0.0,0.0,0.0,0.0,0.0,1.0,0.0,Tokyo
-0.7593873367274752,-1.6544203502353476,1.18541854036449,0.0,0.0,0.0,0.0,1.0,0.0,0.0,1.0,Tokyo
-0.4949352684272626,1.1761690704692205,-1.6993607922475875,0.0,1.0,0.0,0.0,0.0,0.0,0.0,1.0,New York
1.3562292096742252,-1.0142870536802508,0.056591844994546496,0.0,0.0,1.0,0.0,0.0,0.0,0.0,1.0,Tokyo
-1.0238394050276878,-1.0081319258287595,1.310843728738928,0.0,0.0,0.0,1.0,0.0,0.0,0.0,1.0,Tokyo
-0.16437018305199688,1.4546886057492023,1.4362689171133662,1.0,0.0,0.0,0.0,0.0,0.0,1.0,0.0,Paris
-0.16437018305199688,-1.233563483389629,1.0599933519900517,0.0,0.0,0.0,1.0,0.0,0.0,0.0,1.0,Bali
1.4223422267492785,1.70627945667891,1.6871192938622424,0.0,1.0,0.0,0.0,0.0,1.0,0.0,0.0,New York
0.10008188524821567,1.2323346121140786,-0.31968372012876795,0.0,0.0,1.0,0.0,0.0,0.0,0.0,1.0,Bali
-1.3544044904029533,-0.6957591873655754,-1.4485104154987114,1.0,0.0,0.0,0.0,0.0,0.0,0.0,1.0,Rio de Janeiro
-0.693274319652422,-1.2997311077931606,0.3074422217434228,0.0,0.0,1.0,0.0,0.0,0.0,0.0,1.0,Barcelone
1.686794295049491,1.2246407022997146,-1.197660038749835,0.0,0.0,0.0,1.0,0.0,0.0,0.0,1.0,Le Caire
0.695099038923694,1.6562690428855429,1.0599933519900517,0.0,0.0,1.0,0.0,0.0,0.0,1.0,0.0,Sydney
-0.693274319652422,-1.2474125210554845,-0.5705340968776442,0.0,0.0,1.0,0.0,0.0,0.0,0.0,1.0,Rio de Janeiro
-1.684969575778219,0.11594829804984158,0.9345681636156136,0.0,0.0,0.0,0.0,1.0,0.0,1.0,0.0,Rio de Janeiro
-1.684969575778219,1.6962773739202364,0.18201703336898464,0.0,0.0,1.0,0.0,0.0,1.0,0.0,0.0,Le Caire
-0.5610482855023157,1.0207520922190647,1.0599933519900517,0.0,0.0,0.0,1.0,0.0,0.0,1.0,0.0,Rome
1.224003175524119,-0.45263163723166855,1.18541854036449,0.0,0.0,1.0,0.0,0.0,1.0,0.0,0.0,Barcelone
0.8273250730738002,1.5054684105240057,-0.31968372012876795,0.0,0.0,0.0,0.0,1.0,0.0,1.0,0.0,Londres
0.8934380901488533,0.8376370386371982,0.056591844994546496,0.0,0.0,1.0,0.0,0.0,1.0,0.0,0.0,Rio de Janeiro
-1.5527435416281128,1.3531289961995956,1.0599933519900517,0.0,1.0,0.0,0.0,0.0,0.0,1.0,0.0,New York
-0.8255003538025283,1.5400910046886442,-1.3230852271242732,0.0,0.0,0.0,1.0,0.0,0.0,1.0,0.0,Sydney
0.49675998769853447,-0.0017685221099298023,-0.31968372012876795,1.0,0.0,0.0,0.0,0.0,0.0,1.0,0.0,Le Caire
-0.8916133708775814,-0.8404046918756213,0.8091429752411754,1.0,0.0,0.0,0.0,0.0,1.0,0.0,0.0,Sydney
1.620681277974438,0.932272129353877,-0.06883334337989165,1.0,0.0,0.0,0.0,0.0,0.0,1.0,0.0,Barcelone
1.3562292096742252,0.29367761476165327,0.8091429752411754,1.0,0.0,0.0,0.0,0.0,1.0,0.0,0.0,Tokyo
-0.09825716597694376,-0.9604296849797019,1.4362689171133662,0.0,1.0,0.0,0.0,0.0,1.0,0.0,0.0,New York
0.5628730047735876,-0.29105953113002153,0.8091429752411754,0.0,0.0,0.0,1.0,0.0,0.0,1.0,0.0,New York
-0.4949352684272626,1.6585772158298522,0.9345681636156136,0.0,1.0,0.0,0.0,0.0,0.0,0.0,1.0,New York
0.10008188524821567,-1.5220851014282843,-0.06883334337989165,0.0,0.0,0.0,1.0,0.0,1.0,0.0,0.0,Rio de Janeiro
1.620681277974438,-0.8511761656157312,1.5616941054878042,0.0,1.0,0.0,0.0,0.0,0.0,1.0,0.0,Le Caire
1.157890158449066,-0.6195894802033705,-0.1942585317543298,0.0,0.0,1.0,0.0,0.0,1.0,0.0,0.0,Londres
1.2901161925991722,-1.7244349295460613,-0.9468096620009587,1.0,0.0,0.0,0.0,0.0,0.0,0.0,1.0,Londres
1.0256641242989597,-0.7003755332541939,1.18541854036449,1.0,0.0,0.0,0.0,0.0,0.0,0.0,1.0,Londres
-0.09825716597694376,-0.09409543988229951,1.6871192938622424,0.0,1.0,0.0,0.0,0.0,1.0,0.0,0.0,Barcelone
0.9595511072239065,1.1107708370471252,-0.4451089085032061,0.0,1.0,0.0,0.0,0.0,0.0,1.0,0.0,Tokyo
0.5628730047735876,-1.3135801454590161,-1.4485104154987114,0.0,0.0,0.0,0.0,1.0,0.0,1.0,0.0,New York
-1.618856558703166,-0.2979840499629493,1.0599933519900517,0.0,0.0,0.0,1.0,0.0,0.0,0.0,1.0,Le Caire
0.5628730047735876,1.5454767415586992,-0.6959592852520824,0.0,0.0,0.0,0.0,1.0,0.0,0.0,1.0,Rio de Janeiro
0.9595511072239065,-0.3079861327216227,-1.072234850375397,1.0,0.0,0.0,0.0,0.0,1.0,0.0,0.0,Rio de Janeiro
1.4223422267492785,0.8014756625096867,-1.3230852271242732,0.0,0.0,0.0,1.0,0.0,1.0,0.0,0.0,Londres
-1.4205175074780065,-0.44801529134305007,-0.8213844736265206,0.0,1.0,0.0,0.0,0.0,0.0,1.0,0.0,Barcelone
-0.3627092342771563,0.5614256763015254,-0.5705340968776442,1.0,0.0,0.0,0.0,0.0,1.0,0.0,0.0,Barcelone
0.695099038923694,0.34137985561071094,0.3074422217434228,0.0,0.0,1.0,0.0,0.0,1.0,0.0,0.0,Londres
-0.032144148901890615,-0.7742370674720896,0.18201703336898464,0.0,0.0,0.0,1.0,0.0,0.0,0.0,1.0,New York
-0.4288222513522094,-0.9558133390910835,0.8091429752411754,0.0,1.0,0.0,0.0,0.0,0.0,1.0,0.0,Bali
-1.4866305245530596,0.08671144075525783,1.18541854036449,0.0,0.0,0.0,0.0,1.0,1.0,0.0,0.0,Sydney
-1.156065439177794,-0.14487524465710286,0.5582925984922991,0.0,0.0,0.0,1.0,0.0,0.0,0.0,1.0,Londres
0.49675998769853447,1.1500097771003823,1.0599933519900517,0.0,1.0,0.0,0.0,0.0,0.0,1.0,0.0,New York
-1.2882914733279003,1.6608853887741615,0.8091429752411754,1.0,0.0,0.0,0.0,0.0,1.0,0.0,0.0,Londres
0.8934380901488533,1.0884584985854693,-0.31968372012876795,1.0,0.0,0.0,0.0,0.0,0.0,0.0,1.0,Paris
-0.6271613025773689,-0.9227295268893176,0.8091429752411754,0.0,1.0,0.0,0.0,0.0,1.0,0.0,0.0,Barcelone
1.3562292096742252,0.6075891351877103,0.056591844994546496,0.0,0.0,0.0,1.0,0.0,1.0,0.0,0.0,Rio de Janeiro
-1.222178456252847,0.6976078800157708,0.18201703336898464,0.0,0.0,0.0,0.0,1.0,0.0,0.0,1.0,New York
1.0256641242989597,0.4521721569375546,0.5582925984922991,0.0,0.0,0.0,1.0,0.0,0.0,1.0,0.0,Bali
1.3562292096742252,1.229257048188333,0.6837177868667372,0.0,0.0,0.0,1.0,0.0,1.0,0.0,0.0,Rio de Janeiro
-1.2882914733279003,1.1246198747129807,0.056591844994546496,1.0,0.0,0.0,0.0,0.0,0.0,0.0,1.0,Sydney
0.6289860218486407,1.214638619541041,-1.197660038749835,0.0,0.0,0.0,0.0,1.0,0.0,1.0,0.0,Barcelone
1.157890158449066,-1.4289887926744782,-1.3230852271242732,0.0,0.0,0.0,1.0,0.0,1.0,0.0,0.0,Londres
-1.4205175074780065,0.7045323988486984,1.6871192938622424,0.0,0.0,0.0,0.0,1.0,1.0,0.0,0.0,Paris
1.5545682608993847,0.3867739235154594,-1.4485104154987114,0.0,0.0,1.0,0.0,0.0,1.0,0.0,0.0,Rio de Janeiro
0.5628730047735876,-1.5559383046114865,1.6871192938622424,0.0,0.0,0.0,0.0,1.0,0.0,1.0,0.0,New York
0.1661949023232688,-0.2071959141534524,-0.5705340968776442,0.0,0.0,0.0,0.0,1.0,1.0,0.0,0.0,Londres
-1.0899524221027408,-1.1404671746358228,0.9345681636156136,0.0,0.0,0.0,1.0,0.0,1.0,0.0,0.0,Bali
-0.6271613025773689,-0.8557925115043497,-1.4485104154987114,0.0,0.0,0.0,0.0,1.0,0.0,1.0,0.0,Rio de Janeiro
0.10008188524821567,0.6737567595912419,-1.3230852271242732,0.0,0.0,0.0,1.0,0.0,0.0,0.0,1.0,New York
0.10008188524821567,1.2100222736524227,1.0599933519900517,0.0,0.0,0.0,0.0,1.0,0.0,1.0,0.0,Sydney
0.6289860218486407,-1.4797685974492816,-1.3230852271242732,0.0,1.0,0.0,0.0,0.0,0.0,0.0,1.0,Barcelone
-0.7593873367274752,1.704740674716037,0.5582925984922991,0.0,0.0,0.0,1.0,0.0,1.0,0.0,0.0,Bali
-0.8255003538025283,0.04516432775769147,-0.1942585317543298,0.0,0.0,0.0,0.0,1.0,0.0,0.0,1.0,Sydney
-0.9577263879526345,-0.017156341738658088,-0.6959592852520824,1.0,0.0,0.0,0.0,0.0,0.0,1.0,0.0,New York
-0.8255003538025283,-1.3212740552733802,-0.5705340968776442,1.0,0.0,0.0,0.0,0.0,0.0,1.0,0.0,Rome
-1.156065439177794,1.5885626365191385,1.18541854036449,0.0,0.0,0.0,1.0,0.0,0.0,1.0,0.0,Tokyo
0.3645339535484282,1.6024116741849939,-0.4451089085032061,0.0,1.0,0.0,0.0,0.0,0.0,0.0,1.0,Bali
-1.222178456252847,-1.2435655661483025,-0.06883334337989165,0.0,0.0,0.0,0.0,1.0,0.0,0.0,1.0,Paris
0.43064697062348134,-1.155854994264551,0.18201703336898464,1.0,0.0,0.0,0.0,0.0,1.0,0.0,0.0,Paris
-1.4205175074780065,1.1730915065434748,0.43286741011786095,0.0,1.0,0.0,0.0,0.0,1.0,0.0,0.0,Barcelone
0.7612120559987471,-0.06947492847633426,0.18201703336898464,0.0,1.0,0.0,0.0,0.0,1.0,0.0,0.0,Rio de Janeiro
-0.7593873367274752,-0.4872542313963072,0.9345681636156136,0.0,0.0,1.0,0.0,0.0,0.0,0.0,1.0,New York
-1.4205175074780065,-1.1458529115058778,1.4362689171133662,0.0,0.0,1.0,0.0,0.0,0.0,0.0,1.0,Bali
-1.618856558703166,1.3646698609211418,-0.4451089085032061,1.0,0.0,0.0,0.0,0.0,0.0,1.0,0.0,Le Caire
0.8934380901488533,-1.3705150780853108,-0.8213844736265206,0.0,0.0,0.0,1.0,0.0,0.0,0.0,1.0,Tokyo
-1.0899524221027408,1.037678693810666,-0.6959592852520824,0.0,1.0,0.0,0.0,0.0,0.0,1.0,0.0,Sydney
-0.29659621720210316,-0.5841974950572953,-0.1942585317543298,0.0,0.0,0.0,1.0,0.0,0.0,1.0,0.0,Paris
-0.4288222513522094,0.3521513293508208,-1.6993607922475875,0.0,1.0,0.0,0.0,0.0,0.0,0.0,1.0,New York
-1.3544044904029533,0.9861294980544261,-0.06883334337989165,0.0,0.0,0.0,0.0,1.0,0.0,0.0,1.0,New York
-0.4288222513522094,-0.20642652317201599,-1.3230852271242732,1.0,0.0,0.0,0.0,0.0,0.0,0.0,1.0,Barcelone
-1.156065439177794,1.5362440497814622,-0.31968372012876795,0.0,0.0,1.0,0.0,0.0,0.0,1.0,0.0,Rome
-1.0899524221027408,-1.5351647481127033,0.6837177868667372,0.0,0.0,0.0,0.0,1.0,0.0,1.0,0.0,Paris
-1.5527435416281128,0.5483460296171064,-0.9468096620009587,0.0,0.0,0.0,1.0,0.0,0.0,1.0,0.0,Rome
0.9595511072239065,-1.0919955428053287,0.056591844994546496,1.0,0.0,0.0,0.0,0.0,0.0,0.0,1.0,Londres
1.2901161925991722,-1.4628419958576804,-0.9468096620009587,1.0,0.0,0.0,0.0,0.0,0.0,1.0,0.0,Rio de Janeiro
-0.6271613025773689,0.22135486250663033,0.056591844994546496,0.0,0.0,1.0,0.0,0.0,0.0,1.0,0.0,New York
-1.0238394050276878,-0.0286972064602043,0.3074422217434228,0.0,0.0,0.0,0.0,1.0,0.0,1.0,0.0,Tokyo
-0.09825716597694376,1.6116443659622308,1.4362689171133662,0.0,0.0,0.0,0.0,1.0,0.0,0.0,1.0,Barcelone
-0.5610482855023157,1.4162190566773816,-1.3230852271242732,0.0,0.0,1.0,0.0,0.0,1.0,0.0,0.0,Barcelone
-1.222178456252847,-1.5443974398899403,1.4362689171133662,0.0,0.0,1.0,0.0,0.0,0.0,1.0,0.0,Le Caire
0.9595511072239065,-1.5005421539480648,-0.31968372012876795,0.0,0.0,0.0,1.0,0.0,1.0,0.0,0.0,Bali
-0.8916133708775814,-0.10332813165953648,0.9345681636156136,0.0,0.0,1.0,0.0,0.0,0.0,0.0,1.0,New York
0.5628730047735876,1.6831977272358174,1.0599933519900517,0.0,0.0,0.0,1.0,0.0,0.0,1.0,0.0,New York
-1.0238394050276878,-1.4505317401546978,-1.072234850375397,1.0,0.0,0.0,0.0,0.0,1.0,0.0,0.0,Tokyo
-1.156065439177794,-1.7375145762304802,1.6871192938622424,0.0,0.0,1.0,0.0,0.0,0.0,0.0,1.0,Paris
1.0256641242989597,1.6662711256442162,0.9345681636156136,0.0,1.0,0.0,0.0,0.0,0.0,0.0,1.0,Le Caire
-0.8255003538025283,-0.14025889876848435,1.6871192938622424,1.0,0.0,0.0,0.0,0.0,0.0,0.0,1.0,Tokyo
1.4223422267492785,1.2531081686128618,-0.4451089085032061,0.0,1.0,0.0,0.0,0.0,0.0,1.0,0.0,Le Caire
-0.9577263879526345,-0.6872958865697749,-1.3230852271242732,0.0,1.0,0.0,0.0,0.0,0.0,1.0,0.0,Barcelone
-0.7593873367274752,0.5560399394314706,0.6837177868667372,1.0,0.0,0.0,0.0,0.0,0.0,0.0,1.0,Bali
-1.0238394050276878,0.820710437045597,-1.3230852271242732,1.0,0.0,0.0,0.0,0.0,0.0,1.0,0.0,Paris
0.033968868173162525,0.14595454632586174,1.0599933519900517,0.0,0.0,1.0,0.0,0.0,0.0,0.0,1.0,Rio de Janeiro
1.3562292096742252,-0.12640986110262892,0.8091429752411754,0.0,0.0,0.0,1.0,0.0,0.0,1.0,0.0,Bali
0.49675998769853447,-0.14949159054572134,-1.197660038749835,0.0,1.0,0.0,0.0,0.0,0.0,1.0,0.0,Londres
1.157890158449066,1.4062169739187083,-0.1942585317543298,0.0,0.0,0.0,1.0,0.0,0.0,1.0,0.0,Bali
-0.4949352684272626,-0.17795905685886867,-1.6993607922475875,0.0,0.0,0.0,0.0,1.0,1.0,0.0,0.0,Le Caire
-0.8916133708775814,-1.0627586855107451,-0.9468096620009587,1.0,0.0,0.0,0.0,0.0,0.0,1.0,0.0,Londres
-0.032144148901890615,1.38005768054987,-0.5705340968776442,0.0,0.0,0.0,0.0,1.0,0.0,0.0,1.0,Tokyo
0.695099038923694,-0.412623306196975,-0.8213844736265206,0.0,0.0,1.0,0.0,0.0,0.0,0.0,1.0,Bali
-0.8916133708775814,0.7830102789552127,-1.197660038749835,0.0,1.0,0.0,0.0,0.0,0.0,0.0,1.0,New York
-0.4288222513522094,-0.6934510144212662,1.0599933519900517,0.0,1.0,0.0,0.0,0.0,0.0,0.0,1.0,Rio de Janeiro
-0.4288222513522094,0.870720850838964,1.4362689171133662,0.0,0.0,0.0,0.0,1.0,1.0,0.0,0.0,Le Caire
0.9595511072239065,-1.5567076955929229,-1.072234850375397,0.0,0.0,0.0,0.0,1.0,0.0,1.0,0.0,Barcelone
0.5628730047735876,-0.7326899544745233,0.3074422217434228,0.0,0.0,1.0,0.0,0.0,1.0,0.0,0.0,Paris
0.10008188524821567,0.5483460296171064,-0.4451089085032061,0.0,1.0,0.0,0.0,0.0,1.0,0.0,0.0,Barcelone
-1.222178456252847,0.4983356158237395,-0.06883334337989165,0.0,1.0,0.0,0.0,0.0,0.0,0.0,1.0,Paris
-1.0899524221027408,1.206944709726677,-0.31968372012876795,0.0,1.0,0.0,0.0,0.0,0.0,1.0,0.0,Paris
0.7612120559987471,-0.4280111258257033,1.310843728738928,0.0,0.0,0.0,0.0,1.0,0.0,0.0,1.0,Rio de Janeiro
1.2901161925991722,-0.6326691268877895,-0.8213844736265206,1.0,0.0,0.0,0.0,0.0,1.0,0.0,0.0,Le Caire
0.695099038923694,1.381596462512743,0.18201703336898464,0.0,0.0,0.0,0.0,1.0,0.0,1.0,0.0,Barcelone
1.620681277974438,1.5662502980574824,-1.5739356038731493,0.0,0.0,0.0,1.0,0.0,0.0,1.0,0.0,Rome
-0.16437018305199688,0.4198577357172252,1.6871192938622424,0.0,1.0,0.0,0.0,0.0,0.0,1.0,0.0,Sydney
-0.032144148901890615,1.4316068763061098,-1.4485104154987114,0.0,1.0,0.0,0.0,0.0,0.0,0.0,1.0,New York
1.224003175524119,0.8699514598575275,1.6871192938622424,0.0,0.0,0.0,1.0,0.0,0.0,0.0,1.0,Tokyo
0.8273250730738002,0.9907458439430445,0.056591844994546496,0.0,0.0,1.0,0.0,0.0,1.0,0.0,0.0,Le Caire
-1.0899524221027408,0.6814506694056061,0.6837177868667372,1.0,0.0,0.0,0.0,0.0,0.0,1.0,0.0,Londres
-0.23048320012705004,1.65473026092267,-1.4485104154987114,0.0,0.0,0.0,0.0,1.0,0.0,0.0,1.0,Barcelone
-1.0238394050276878,-1.6305692298108188,-0.8213844736265206,0.0,1.0,0.0,0.0,0.0,0.0,0.0,1.0,Bali
-0.5610482855023157,-0.6126649613704427,0.5582925984922991,0.0,1.0,0.0,0.0,0.0,0.0,0.0,1.0,Bali
-0.29659621720210316,-1.1489304754316234,-1.072234850375397,0.0,0.0,0.0,1.0,0.0,0.0,1.0,0.0,Tokyo
-1.222178456252847,0.6060503532248375,-0.5705340968776442,0.0,0.0,0.0,0.0,1.0,1.0,0.0,0.0,Tokyo
-0.5610482855023157,0.9299639564095679,0.8091429752411754,0.0,0.0,0.0,0.0,1.0,0.0,0.0,1.0,Tokyo
-0.29659621720210316,0.5268030821368868,-0.31968372012876795,1.0,0.0,0.0,0.0,0.0,0.0,0.0,1.0,Sydney
0.43064697062348134,0.5414215107841787,-0.31968372012876795,0.0,1.0,0.0,0.0,0.0,1.0,0.0,0.0,Le Caire
-1.5527435416281128,-1.6436488764952377,-0.6959592852520824,0.0,0.0,0.0,1.0,0.0,0.0,0.0,1.0,Londres
-0.4949352684272626,-1.4536093040804434,1.0599933519900517,0.0,0.0,0.0,1.0,0.0,1.0,0.0,0.0,Sydney
-1.0899524221027408,1.0615298142351948,-1.072234850375397,1.0,0.0,0.0,0.0,0.0,0.0,0.0,1.0,Bali
0.10008188524821567,-0.861947639355841,-0.06883334337989165,0.0,0.0,1.0,0.0,0.0,0.0,0.0,1.0,Tokyo
1.3562292096742252,0.4206271266986616,-1.3230852271242732,1.0,0.0,0.0,0.0,0.0,1.0,0.0,0.0,Rio de Janeiro
0.1661949023232688,-1.0319830462532884,-0.6959592852520824,0.0,0.0,0.0,0.0,1.0,1.0,0.0,0.0,Rio de Janeiro
-1.0238394050276878,0.22827938133955805,-0.8213844736265206,0.0,0.0,0.0,0.0,1.0,1.0,0.0,0.0,Le Caire
-0.09825716597694376,0.06824605720078389,-1.3230852271242732,1.0,0.0,0.0,0.0,0.0,0.0,0.0,1.0,Bali
0.2984209364733751,-0.5488055099112203,-0.1942585317543298,0.0,1.0,0.0,0.0,0.0,0.0,1.0,0.0,Paris
-0.7593873367274752,-0.475713366674761,-1.197660038749835,0.0,0.0,1.0,0.0,0.0,1.0,0.0,0.0,Barcelone
1.2901161925991722,-0.08563213908649896,-0.31968372012876795,1.0,0.0,0.0,0.0,0.0,1.0,0.0,0.0,Paris
1.157890158449066,-1.6413407035509286,0.5582925984922991,1.0,0.0,0.0,0.0,0.0,1.0,0.0,0.0,Tokyo
0.23230791939832193,-0.5272625624310008,1.6871192938622424,0.0,0.0,0.0,1.0,0.0,1.0,0.0,0.0,Rio de Janeiro
1.2901161925991722,-0.8827211958546242,1.5616941054878042,0.0,0.0,0.0,0.0,1.0,0.0,1.0,0.0,Londres
0.9595511072239065,-1.6097956733120355,0.43286741011786095,0.0,1.0,0.0,0.0,0.0,1.0,0.0,0.0,New York
-1.3544044904029533,-1.1143078812669849,1.4362689171133662,0.0,0.0,1.0,0.0,0.0,0.0,0.0,1.0,Paris
-1.3544044904029533,-0.25489815500251006,-1.3230852271242732,0.0,0.0,0.0,0.0,1.0,0.0,0.0,1.0,Le Caire
1.4884552438243315,-0.3549189825892439,0.6837177868667372,0.0,1.0,0.0,0.0,0.0,0.0,1.0,0.0,Londres
1.0256641242989597,0.19211800521204658,-0.5705340968776442,0.0,0.0,0.0,1.0,0.0,0.0,0.0,1.0,Tokyo
0.10008188524821567,-1.3174271003661981,-0.8213844736265206,0.0,0.0,1.0,0.0,0.0,1.0,0.0,0.0,Tokyo
0.7612120559987471,-0.6911428414769569,0.43286741011786095,0.0,1.0,0.0,0.0,0.0,0.0,1.0,0.0,New York
-1.618856558703166,-1.3305067470506171,0.056591844994546496,0.0,0.0,0.0,1.0,0.0,0.0,1.0,0.0,Rio de Janeiro
-1.0899524221027408,1.7070488476603463,-1.4485104154987114,0.0,1.0,0.0,0.0,0.0,0.0,1.0,0.0,Rome
-0.693274319652422,-1.0335218282161613,0.056591844994546496,0.0,0.0,0.0,1.0,0.0,0.0,1.0,0.0,New York
-1.222178456252847,1.0207520922190647,0.5582925984922991,1.0,0.0,0.0,0.0,0.0,1.0,0.0,0.0,Tokyo
1.5545682608993847,1.6931998099944907,-1.4485104154987114,1.0,0.0,0.0,0.0,0.0,0.0,0.0,1.0,Barcelone
0.8273250730738002,-0.2587451099096922,-1.4485104154987114,0.0,1.0,0.0,0.0,0.0,1.0,0.0,0.0,Sydney
-1.0238394050276878,-1.045832083919144,0.18201703336898464,0.0,0.0,0.0,1.0,0.0,0.0,0.0,1.0,Barcelone
-0.8916133708775814,-1.4797685974492816,-1.6993607922475875,1.0,0.0,0.0,0.0,0.0,1.0,0.0,0.0,Sydney
-1.618856558703166,1.6062586290921759,0.9345681636156136,0.0,0.0,1.0,0.0,0.0,1.0,0.0,0.0,New York
-1.156065439177794,-0.7626962027505435,-0.4451089085032061,0.0,0.0,1.0,0.0,0.0,0.0,0.0,1.0,Rio de Janeiro
1.4884552438243315,-0.7488471650846881,-1.6993607922475875,0.0,0.0,1.0,0.0,0.0,0.0,0.0,1.0,Barcelone
0.2984209364733751,1.2084834916895497,1.5616941054878042,0.0,0.0,0.0,1.0,0.0,0.0,0.0,1.0,Rome
-0.09825716597694376,-1.2866514611087416,0.9345681636156136,0.0,1.0,0.0,0.0,0.0,0.0,0.0,1.0,Rome
-1.4866305245530596,-0.9350397825923003,-0.31968372012876795,0.0,0.0,0.0,0.0,1.0,1.0,0.0,0.0,Barcelone
1.686794295049491,-0.2879819672042759,1.4362689171133662,0.0,1.0,0.0,0.0,0.0,1.0,0.0,0.0,Sydney
1.224003175524119,-0.9473500382952829,0.9345681636156136,0.0,0.0,1.0,0.0,0.0,1.0,0.0,0.0,Tokyo
0.8273250730738002,1.1630894237848013,0.43286741011786095,0.0,0.0,0.0,0.0,1.0,0.0,1.0,0.0,Le Caire
0.3645339535484282,1.5085459744497514,1.5616941054878042,0.0,0.0,0.0,1.0,0.0,0.0,0.0,1.0,Tokyo
-0.4288222513522094,0.25905502059701463,-0.8213844736265206,0.0,1.0,0.0,0.0,0.0,0.0,1.0,0.0,Rome
-0.032144148901890615,1.627032185590959,1.6871192938622424,1.0,0.0,0.0,0.0,0.0,0.0,1.0,0.0,Londres
1.3562292096742252,-0.01407877781291243,0.18201703336898464,0.0,0.0,0.0,1.0,0.0,0.0,1.0,0.0,Le Caire
1.0256641242989597,-1.166626468004661,0.6837177868667372,1.0,0.0,0.0,0.0,0.0,1.0,0.0,0.0,Rome
0.43064697062348134,-0.390310967735319,0.8091429752411754,0.0,1.0,0.0,0.0,0.0,0.0,0.0,1.0,New York
0.7612120559987471,-0.9673542038126297,-1.3230852271242732,0.0,1.0,0.0,0.0,0.0,1.0,0.0,0.0,Sydney
1.3562292096742252,-1.5582464775557958,1.4362689171133662,0.0,0.0,0.0,1.0,0.0,1.0,0.0,0.0,Sydney
-0.693274319652422,1.6739650354585804,0.18201703336898464,0.0,0.0,0.0,0.0,1.0,1.0,0.0,0.0,Bali
-0.4288222513522094,1.6839671182172538,0.43286741011786095,0.0,0.0,0.0,0.0,1.0,0.0,0.0,1.0,Rio de Janeiro
-0.7593873367274752,0.5483460296171064,0.5582925984922991,0.0,0.0,0.0,1.0,0.0,1.0,0.0,0.0,New York
-1.4205175074780065,0.3667697579981126,1.0599933519900517,1.0,0.0,0.0,0.0,0.0,0.0,1.0,0.0,Tokyo
0.6289860218486407,-1.1843224605776985,1.5616941054878042,0.0,0.0,0.0,1.0,0.0,0.0,0.0,1.0,Barcelone
0.695099038923694,-1.0342912191975977,-1.3230852271242732,0.0,1.0,0.0,0.0,0.0,0.0,1.0,0.0,Sydney
0.695099038923694,-0.7996269698594913,1.6871192938622424,0.0,1.0,0.0,0.0,0.0,0.0,1.0,0.0,Bali
1.0256641242989597,1.6924304190130544,-0.06883334337989165,0.0,1.0,0.0,0.0,0.0,0.0,0.0,1.0,Rio de Janeiro
-0.693274319652422,-1.4605338229133713,0.9345681636156136,0.0,0.0,1.0,0.0,0.0,0.0,0.0,1.0,New York
-1.2882914733279003,1.4993132826725144,-0.8213844736265206,0.0,0.0,1.0,0.0,0.0,0.0,1.0,0.0,Rome
1.2901161925991722,0.9799743702029348,1.6871192938622424,1.0,0.0,0.0,0.0,0.0,1.0,0.0,0.0,Rome
0.10008188524821567,0.9884376709987354,0.3074422217434228,0.0,0.0,1.0,0.0,0.0,0.0,0.0,1.0,Rio de Janeiro
0.2984209364733751,1.0061336635717728,0.8091429752411754,0.0,1.0,0.0,0.0,0.0,0.0,1.0,0.0,New York
-1.156065439177794,-0.6511345104422634,-1.072234850375397,0.0,1.0,0.0,0.0,0.0,0.0,0.0,1.0,New York
1.157890158449066,0.015927470463107725,-1.072234850375397,1.0,0.0,0.0,0.0,0.0,1.0,0.0,0.0,Rio de Janeiro
-1.618856558703166,-0.5326482993010556,-1.197660038749835,0.0,1.0,0.0,0.0,0.0,0.0,0.0,1.0,Barcelone
-0.4288222513522094,-1.3705150780853108,-1.6993607922475875,0.0,0.0,1.0,0.0,0.0,0.0,1.0,0.0,Sydney
-1.5527435416281128,0.45678850282617306,-0.6959592852520824,0.0,1.0,0.0,0.0,0.0,0.0,0.0,1.0,Rio de Janeiro
-1.4866305245530596,-1.5744036881659604,-0.06883334337989165,1.0,0.0,0.0,0.0,0.0,1.0,0.0,0.0,Barcelone
-1.3544044904029533,-1.094303715749638,-1.6993607922475875,0.0,0.0,0.0,0.0,1.0,0.0,0.0,1.0,Rome
0.5628730047735876,0.5521929845242884,-0.31968372012876795,0.0,0.0,1.0,0.0,0.0,0.0,0.0,1.0,Tokyo
-0.5610482855023157,0.06209092934929258,0.5582925984922991,1.0,0.0,0.0,0.0,0.0,0.0,0.0,1.0,Sydney
-0.9577263879526345,-1.4974645900223191,0.6837177868667372,0.0,0.0,0.0,0.0,1.0,0.0,1.0,0.0,Le Caire
0.1661949023232688,-1.744439095063408,1.4362689171133662,0.0,0.0,0.0,0.0,1.0,0.0,0.0,1.0,New York
-1.618856558703166,-0.05254832688473314,-0.9468096620009587,1.0,0.0,0.0,0.0,0.0,1.0,0.0,0.0,Londres
-0.9577263879526345,-0.0994811767523544,-0.5705340968776442,0.0,1.0,0.0,0.0,0.0,1.0,0.0,0.0,Paris
-0.29659621720210316,-0.5341870812639284,0.18201703336898464,0.0,0.0,0.0,0.0,1.0,1.0,0.0,0.0,Rio de Janeiro
0.23230791939832193,1.2761898980559543,0.8091429752411754,0.0,0.0,0.0,0.0,1.0,1.0,0.0,0.0,Bali
-0.032144148901890615,0.26521014844850593,-1.5739356038731493,0.0,1.0,0.0,0.0,0.0,0.0,0.0,1.0,Bali
0.6289860218486407,0.46371302165910083,-0.5705340968776442,0.0,1.0,0.0,0.0,0.0,1.0,0.0,0.0,Londres
0.9595511072239065,-0.36261289240360806,1.6871192938622424,0.0,0.0,1.0,0.0,0.0,1.0,0.0,0.0,Rio de Janeiro
-0.032144148901890615,-1.5744036881659604,-0.1942585317543298,1.0,0.0,0.0,0.0,0.0,0.0,0.0,1.0,Bali
-0.29659621720210316,-0.9504276022210285,0.18201703336898464,0.0,0.0,0.0,1.0,0.0,0.0,1.0,0.0,New York
0.8273250730738002,-0.5657321115028214,-0.6959592852520824,0.0,0.0,1.0,0.0,0.0,1.0,0.0,0.0,New York
0.43064697062348134,1.4269905304174915,-0.9468096620009587,0.0,0.0,0.0,1.0,0.0,0.0,1.0,0.0,Le Caire
0.8934380901488533,-1.3928274165469667,-1.072234850375397,0.0,0.0,1.0,0.0,0.0,0.0,0.0,1.0,Paris
1.620681277974438,1.3015798004433559,-1.197660038749835,0.0,0.0,0.0,1.0,0.0,1.0,0.0,0.0,Barcelone
1.5545682608993847,-0.06716675553202502,0.3074422217434228,0.0,0.0,0.0,0.0,1.0,0.0,1.0,0.0,Rome
-0.6271613025773689,0.38831270547833224,0.18201703336898464,0.0,0.0,1.0,0.0,0.0,1.0,0.0,0.0,Sydney
-0.4288222513522094,0.0059253877044343406,-0.4451089085032061,0.0,0.0,0.0,1.0,0.0,0.0,0.0,1.0,Bali
-0.4288222513522094,0.21673851661801186,-0.4451089085032061,0.0,0.0,0.0,1.0,0.0,0.0,1.0,0.0,Sydney
-0.8255003538025283,1.520856230152734,0.6837177868667372,1.0,0.0,0.0,0.0,0.0,0.0,0.0,1.0,Bali
-0.5610482855023157,1.7039712837346006,-1.072234850375397,0.0,1.0,0.0,0.0,0.0,0.0,1.0,0.0,Barcelone
0.033968868173162525,-1.6990450271586597,1.310843728738928,0.0,0.0,0.0,0.0,1.0,0.0,1.0,0.0,Sydney
-1.2882914733279003,1.570866643946101,1.6871192938622424,0.0,0.0,1.0,0.0,0.0,1.0,0.0,0.0,Paris
-0.29659621720210316,-1.7321288393604255,-0.4451089085032061,1.0,0.0,0.0,0.0,0.0,0.0,1.0,0.0,Barcelone
-0.5610482855023157,-1.3274291831248715,-1.5739356038731493,0.0,0.0,0.0,1.0,0.0,0.0,0.0,1.0,Barcelone
1.620681277974438,1.506237801505442,0.8091429752411754,0.0,0.0,0.0,0.0,1.0,0.0,0.0,1.0,Tokyo
-0.9577263879526345,-1.148161084450187,-0.9468096620009587,0.0,1.0,0.0,0.0,0.0,1.0,0.0,0.0,Rome
1.4884552438243315,-0.5888138409459138,-1.4485104154987114,0.0,0.0,0.0,0.0,1.0,0.0,1.0,0.0,Rome
-0.8916133708775814,-0.04254624412605976,1.18541854036449,0.0,1.0,0.0,0.0,0.0,1.0,0.0,0.0,Rome
-1.618856558703166,-0.8273250451912023,1.0599933519900517,0.0,1.0,0.0,0.0,0.0,1.0,0.0,0.0,Rome
1.5545682608993847,1.6447281781639966,0.43286741011786095,1.0,0.0,0.0,0.0,0.0,1.0,0.0,0.0,Rio de Janeiro
1.157890158449066,-0.5134135247651452,-1.197660038749835,0.0,0.0,0.0,0.0,1.0,1.0,0.0,0.0,Paris
-0.09825716597694376,1.5724054259089737,1.5616941054878042,1.0,0.0,0.0,0.0,0.0,1.0,0.0,0.0,Tokyo
-1.4866305245530596,0.6468280752409674,-0.4451089085032061,0.0,0.0,0.0,1.0,0.0,1.0,0.0,0.0,New York
0.9595511072239065,-1.3889804616397847,-0.4451089085032061,0.0,0.0,0.0,1.0,0.0,0.0,1.0,0.0,Sydney
-0.693274319652422,-0.7626962027505435,-1.6993607922475875,0.0,0.0,0.0,1.0,0.0,0.0,1.0,0.0,Paris
1.620681277974438,1.3523596052181592,-0.5705340968776442,0.0,1.0,0.0,0.0,0.0,0.0,0.0,1.0,Le Caire
-0.5610482855023157,0.4298598184758986,-0.6959592852520824,0.0,1.0,0.0,0.0,0.0,0.0,0.0,1.0,Londres
-0.5610482855023157,-1.0242891364389244,0.3074422217434228,0.0,0.0,1.0,0.0,0.0,0.0,1.0,0.0,Tokyo
0.033968868173162525,0.8253267829342155,-0.06883334337989165,1.0,0.0,0.0,0.0,0.0,0.0,0.0,1.0,New York
-0.16437018305199688,0.6976078800157708,-1.072234850375397,0.0,0.0,0.0,1.0,0.0,0.0,0.0,1.0,Rio de Janeiro
-0.6271613025773689,-1.2304859194638833,1.0599933519900517,0.0,1.0,0.0,0.0,0.0,1.0,0.0,0.0,Tokyo
-0.3627092342771563,-1.2212532276866463,1.310843728738928,0.0,0.0,0.0,0.0,1.0,1.0,0.0,0.0,Londres
-1.3544044904029533,1.1746302885063475,-1.3230852271242732,0.0,0.0,1.0,0.0,0.0,0.0,0.0,1.0,Le Caire
0.10008188524821567,-1.740592140156226,-1.6993607922475875,0.0,1.0,0.0,0.0,0.0,0.0,1.0,0.0,Rome
-0.032144148901890615,-1.3074250176075248,-1.197660038749835,0.0,0.0,1.0,0.0,0.0,0.0,1.0,0.0,Rome
1.686794295049491,0.7976287076025046,1.310843728738928,0.0,0.0,0.0,0.0,1.0,0.0,1.0,0.0,Bali
-0.032144148901890615,-1.456686868006189,1.310843728738928,1.0,0.0,0.0,0.0,0.0,0.0,0.0,1.0,Tokyo
-0.09825716597694376,1.497005109728205,0.056591844994546496,0.0,1.0,0.0,0.0,0.0,0.0,1.0,0.0,Tokyo
0.5628730047735876,0.4898723150279389,-1.3230852271242732,0.0,1.0,0.0,0.0,0.0,1.0,0.0,0.0,Tokyo
0.43064697062348134,1.463151906545003,1.4362689171133662,1.0,0.0,0.0,0.0,0.0,0.0,1.0,0.0,New York
-1.0238394050276878,-0.045623808051805416,1.310843728738928,0.0,1.0,0.0,0.0,0.0,0.0,0.0,1.0,Sydney
-0.8916133708775814,1.1376995213973997,1.4362689171133662,0.0,1.0,0.0,0.0,0.0,1.0,0.0,0.0,New York
1.2901161925991722,-1.045832083919144,1.0599933519900517,1.0,0.0,0.0,0.0,0.0,0.0,1.0,0.0,Londres
-1.4205175074780065,-1.2466431300740481,1.0599933519900517,0.0,0.0,0.0,1.0,0.0,1.0,0.0,0.0,Bali
-0.29659621720210316,-0.8388659099127485,0.5582925984922991,0.0,0.0,0.0,0.0,1.0,0.0,0.0,1.0,Rio de Janeiro
0.5628730047735876,0.8291737378413976,0.18201703336898464,0.0,0.0,0.0,0.0,1.0,0.0,1.0,0.0,Tokyo
-1.3544044904029533,0.2759816221886157,1.18541854036449,0.0,0.0,1.0,0.0,0.0,0.0,0.0,1.0,Rome
-1.156065439177794,-0.26336145579831066,-0.06883334337989165,0.0,1.0,0.0,0.0,0.0,0.0,0.0,1.0,Le Caire
1.620681277974438,1.2569551235200438,1.4362689171133662,0.0,1.0,0.0,0.0,0.0,1.0,0.0,0.0,Sydney
0.8273250730738002,-0.30106161388869496,0.5582925984922991,1.0,0.0,0.0,0.0,0.0,1.0,0.0,0.0,Bali
-0.032144148901890615,0.9969009717945359,-1.072234850375397,0.0,1.0,0.0,0.0,0.0,0.0,1.0,0.0,Bali
1.157890158449066,-0.5249543894866915,0.9345681636156136,0.0,1.0,0.0,0.0,0.0,0.0,0.0,1.0,Sydney
1.3562292096742252,-1.3712844690667472,0.8091429752411754,0.0,1.0,0.0,0.0,0.0,0.0,0.0,1.0,Sydney
-0.4288222513522094,-0.06870553749489784,0.8091429752411754,0.0,0.0,0.0,0.0,1.0,1.0,0.0,0.0,Le Caire
-1.0238394050276878,-1.17970611468908,-1.4485104154987114,0.0,1.0,0.0,0.0,0.0,0.0,1.0,0.0,New York
1.5545682608993847,-0.10871386852959138,1.5616941054878042,0.0,0.0,0.0,1.0,0.0,0.0,0.0,1.0,Rio de Janeiro
-0.6271613025773689,-0.23566338046659974,-0.06883334337989165,0.0,0.0,1.0,0.0,0.0,0.0,1.0,0.0,Tokyo
-0.09825716597694376,0.6814506694056061,-0.8213844736265206,0.0,0.0,0.0,1.0,0.0,0.0,1.0,0.0,Rio de Janeiro
1.4884552438243315,1.3138900561463385,0.9345681636156136,0.0,0.0,0.0,1.0,0.0,0.0,0.0,1.0,New York
1.0917771413740127,0.5660420221901439,-1.5739356038731493,1.0,0.0,0.0,0.0,0.0,0.0,0.0,1.0,New York
-0.3627092342771563,-0.12179351521401043,-0.4451089085032061,1.0,0.0,0.0,0.0,0.0,0.0,0.0,1.0,Rio de Janeiro
-0.16437018305199688,-0.2487430271510188,-0.9468096620009587,0.0,1.0,0.0,0.0,0.0,1.0,0.0,0.0,Rome
0.9595511072239065,-0.6118955703890063,1.0599933519900517,0.0,0.0,0.0,1.0,0.0,0.0,0.0,1.0,Barcelone
-0.7593873367274752,-1.107383362434057,-0.1942585317543298,0.0,0.0,0.0,0.0,1.0,0.0,0.0,1.0,Rome
-1.222178456252847,1.6924304190130544,1.310843728738928,0.0,1.0,0.0,0.0,0.0,0.0,1.0,0.0,New York
0.6289860218486407,-1.0227503544760514,-0.31968372012876795,0.0,0.0,1.0,0.0,0.0,1.0,0.0,0.0,Barcelone
0.8934380901488533,0.8045532264354324,-0.9468096620009587,0.0,0.0,0.0,1.0,0.0,0.0,0.0,1.0,Barcelone
1.5545682608993847,1.143854649248891,-0.06883334337989165,0.0,1.0,0.0,0.0,0.0,1.0,0.0,0.0,New York
0.7612120559987471,-1.5036197178738104,-1.3230852271242732,0.0,0.0,0.0,0.0,1.0,1.0,0.0,0.0,Rio de Janeiro
0.23230791939832193,0.5275724731183232,-0.5705340968776442,0.0,0.0,0.0,1.0,0.0,1.0,0.0,0.0,Sydney
-0.6271613025773689,-0.4495540733059229,-1.3230852271242732,1.0,0.0,0.0,0.0,0.0,0.0,0.0,1.0,Tokyo
-0.032144148901890615,0.9799743702029348,-0.06883334337989165,1.0,0.0,0.0,0.0,0.0,1.0,0.0,0.0,Barcelone
-1.156065439177794,1.6408812232568146,1.310843728738928,0.0,0.0,0.0,0.0,1.0,0.0,1.0,0.0,Le Caire
0.5628730047735876,-0.37184558418084507,1.5616941054878042,0.0,1.0,0.0,0.0,0.0,1.0,0.0,0.0,Bali
0.695099038923694,1.377749507605561,0.8091429752411754,1.0,0.0,0.0,0.0,0.0,0.0,1.0,0.0,Barcelone
-1.3544044904029533,0.17442201263900906,0.9345681636156136,0.0,0.0,0.0,1.0,0.0,0.0,0.0,1.0,New York
-1.618856558703166,-0.8327107820612571,1.6871192938622424,0.0,0.0,0.0,1.0,0.0,1.0,0.0,0.0,Le Caire
0.6289860218486407,-1.0027461889587048,1.18541854036449,0.0,0.0,0.0,0.0,1.0,0.0,0.0,1.0,Rio de Janeiro
1.686794295049491,0.046703109720564295,-1.5739356038731493,0.0,0.0,0.0,0.0,1.0,0.0,1.0,0.0,Le Caire
-1.156065439177794,-0.1633406282115768,0.9345681636156136,0.0,0.0,0.0,0.0,1.0,1.0,0.0,0.0,Bali
-1.222178456252847,-0.033313552348822786,0.9345681636156136,0.0,0.0,1.0,0.0,0.0,1.0,0.0,0.0,Rio de Janeiro
-0.16437018305199688,-1.6759632977155672,0.43286741011786095,0.0,0.0,1.0,0.0,0.0,0.0,0.0,1.0,Londres
0.49675998769853447,-1.2527982579255394,1.310843728738928,0.0,1.0,0.0,0.0,0.0,0.0,1.0,0.0,Rio de Janeiro
1.3562292096742252,-1.1135384902855483,-0.9468096620009587,0.0,0.0,1.0,0.0,0.0,0.0,0.0,1.0,Londres
-1.3544044904029533,0.6799118874427332,-1.3230852271242732,0.0,0.0,1.0,0.0,0.0,0.0,0.0,1.0,Le Caire
-1.5527435416281128,-1.1143078812669849,1.18541854036449,0.0,0.0,0.0,1.0,0.0,0.0,0.0,1.0,Bali
-0.8255003538025283,-0.919651962963572,0.9345681636156136,0.0,1.0,0.0,0.0,0.0,0.0,0.0,1.0,Rio de Janeiro
0.49675998769853447,0.6876057972570974,0.43286741011786095,0.0,0.0,1.0,0.0,0.0,0.0,0.0,1.0,Rome
1.686794295049491,1.3346636126451217,-0.6959592852520824,0.0,0.0,0.0,1.0,0.0,0.0,1.0,0.0,Tokyo
0.3645339535484282,-0.021772687627276573,-1.6993607922475875,0.0,0.0,1.0,0.0,0.0,1.0,0.0,0.0,Rio de Janeiro
0.033968868173162525,0.6168218269649473,0.18201703336898464,0.0,1.0,0.0,0.0,0.0,1.0,0.0,0.0,Bali
0.1661949023232688,-0.609587397444697,-0.5705340968776442,0.0,0.0,0.0,0.0,1.0,0.0,0.0,1.0,Tokyo
-0.693274319652422,0.12979733571569704,-1.6993607922475875,0.0,0.0,0.0,0.0,1.0,0.0,1.0,0.0,New York
-0.4288222513522094,1.574713598853283,1.4362689171133662,0.0,1.0,0.0,0.0,0.0,0.0,0.0,1.0,Rome
-0.23048320012705004,0.5852767967260543,1.4362689171133662,0.0,0.0,0.0,1.0,0.0,0.0,1.0,0.0,Bali
-0.5610482855023157,-1.6182589741078361,-1.072234850375397,0.0,0.0,0.0,1.0,0.0,1.0,0.0,0.0,Le Caire
-0.4949352684272626,0.3329165548149104,-1.3230852271242732,1.0,0.0,0.0,0.0,0.0,0.0,0.0,1.0,Paris
0.8934380901488533,-1.4705359056720446,-1.4485104154987114,0.0,1.0,0.0,0.0,0.0,1.0,0.0,0.0,New York
-0.23048320012705004,1.036139911847793,1.0599933519900517,0.0,0.0,0.0,0.0,1.0,0.0,0.0,1.0,Le Caire
-0.8255003538025283,-0.605740442537515,-1.3230852271242732,0.0,1.0,0.0,0.0,0.0,0.0,1.0,0.0,Londres
-1.156065439177794,0.5152622174153406,-0.5705340968776442,0.0,0.0,0.0,0.0,1.0,0.0,0.0,1.0,Rome
-1.2882914733279003,-0.4241641709185212,1.18541854036449,0.0,0.0,0.0,1.0,0.0,0.0,0.0,1.0,Paris
1.5545682608993847,-1.216636881798028,0.9345681636156136,1.0,0.0,0.0,0.0,0.0,0.0,0.0,1.0,Bali
-0.7593873367274752,0.8614881590617269,-0.5705340968776442,0.0,0.0,1.0,0.0,0.0,0.0,1.0,0.0,Paris
1.0256641242989597,0.8137859182126693,0.8091429752411754,1.0,0.0,0.0,0.0,0.0,0.0,1.0,0.0,New York
0.7612120559987471,-1.1366202197286408,1.6871192938622424,0.0,1.0,0.0,0.0,0.0,0.0,0.0,1.0,Paris
-1.618856558703166,-0.0502401539404239,-1.6993607922475875,0.0,0.0,0.0,0.0,1.0,0.0,1.0,0.0,New York
-1.3544044904029533,-1.3305067470506171,0.3074422217434228,0.0,1.0,0.0,0.0,0.0,1.0,0.0,0.0,Barcelone
-1.222178456252847,1.1461628221932003,1.4362689171133662,0.0,1.0,0.0,0.0,0.0,1.0,0.0,0.0,Sydney
1.2901161925991722,-1.4782298154864086,-0.4451089085032061,0.0,0.0,0.0,1.0,0.0,0.0,0.0,1.0,Rome
0.5628730047735876,0.6445199022966581,0.8091429752411754,1.0,0.0,0.0,0.0,0.0,1.0,0.0,0.0,Barcelone
-1.618856558703166,-0.4764827576561974,1.310843728738928,1.0,0.0,0.0,0.0,0.0,0.0,0.0,1.0,Bali
1.224003175524119,-0.09871178577091799,-0.1942585317543298,1.0,0.0,0.0,0.0,0.0,1.0,0.0,0.0,Tokyo
-0.29659621720210316,0.9507375129083511,1.310843728738928,0.0,1.0,0.0,0.0,0.0,1.0,0.0,0.0,Bali
1.0917771413740127,-0.24027972635521821,0.056591844994546496,1.0,0.0,0.0,0.0,0.0,0.0,0.0,1.0,Rome
-1.5527435416281128,1.1669363786919835,1.18541854036449,0.0,1.0,0.0,0.0,0.0,0.0,1.0,0.0,Sydney
-1.618856558703166,1.1261586566758535,0.43286741011786095,0.0,0.0,0.0,0.0,1.0,0.0,1.0,0.0,Rio de Janeiro
-0.5610482855023157,-0.6157425252961883,-1.4485104154987114,0.0,0.0,1.0,0.0,0.0,0.0,1.0,0.0,Paris
0.695099038923694,-0.4233947799370848,-0.8213844736265206,0.0,0.0,1.0,0.0,0.0,0.0,0.0,1.0,Le Caire
0.8934380901488533,-0.10486691362240931,-1.4485104154987114,0.0,0.0,1.0,0.0,0.0,0.0,0.0,1.0,Londres
0.8934380901488533,-1.1827836786148256,-0.5705340968776442,1.0,0.0,0.0,0.0,0.0,1.0,0.0,0.0,New York
0.8934380901488533,-0.2972146589815129,-1.072234850375397,0.0,0.0,0.0,0.0,1.0,0.0,0.0,1.0,New York
1.620681277974438,0.25982441157845104,-0.06883334337989165,0.0,0.0,0.0,1.0,0.0,0.0,1.0,0.0,Londres
0.8934380901488533,0.11287073412409591,-0.6959592852520824,0.0,1.0,0.0,0.0,0.0,0.0,1.0,0.0,Tokyo
-0.4949352684272626,0.9515069038897874,0.6837177868667372,1.0,0.0,0.0,0.0,0.0,0.0,0.0,1.0,Sydney
0.10008188524821567,-0.8542537295414768,-0.5705340968776442,0.0,0.0,0.0,1.0,0.0,0.0,0.0,1.0,Barcelone
-1.0238394050276878,-1.0612199035478722,-0.6959592852520824,1.0,0.0,0.0,0.0,0.0,0.0,0.0,1.0,New York
1.157890158449066,1.076917633863923,-0.8213844736265206,0.0,0.0,1.0,0.0,0.0,0.0,1.0,0.0,Londres
0.9595511072239065,-0.7157633528829223,-1.5739356038731493,0.0,0.0,0.0,0.0,1.0,0.0,1.0,0.0,Tokyo
0.6289860218486407,-0.5449585550040382,1.18541854036449,1.0,0.0,0.0,0.0,0.0,0.0,0.0,1.0,Rio de Janeiro
1.4884552438243315,-1.7328982303418619,1.0599933519900517,1.0,0.0,0.0,0.0,0.0,1.0,0.0,0.0,New York
-0.6271613025773689,0.14672393730729816,0.3074422217434228,0.0,0.0,0.0,1.0,0.0,0.0,1.0,0.0,Barcelone
0.43064697062348134,0.25443867470839615,1.4362689171133662,1.0,0.0,0.0,0.0,0.0,1.0,0.0,0.0,Tokyo
1.620681277974438,0.65913833094395,0.056591844994546496,0.0,1.0,0.0,0.0,0.0,0.0,0.0,1.0,Tokyo
1.4884552438243315,0.1767301855833183,0.8091429752411754,0.0,1.0,0.0,0.0,0.0,0.0,0.0,1.0,Rome
-1.2882914733279003,-1.4666889507648626,-1.5739356038731493,0.0,0.0,0.0,0.0,1.0,0.0,0.0,1.0,Bali
0.3645339535484282,1.511623538375497,0.43286741011786095,0.0,0.0,1.0,0.0,0.0,0.0,1.0,0.0,Rio de Janeiro
1.3562292096742252,1.506237801505442,0.5582925984922991,1.0,0.0,0.0,0.0,0.0,0.0,1.0,0.0,Bali
1.157890158449066,-0.6796019767554108,-1.6993607922475875,0.0,1.0,0.0,0.0,0.0,1.0,0.0,0.0,Le Caire
0.033968868173162525,-0.8673333762258958,1.310843728738928,0.0,0.0,0.0,1.0,0.0,1.0,0.0,0.0,New York
0.2984209364733751,-0.5018726600435991,1.4362689171133662,1.0,0.0,0.0,0.0,0.0,0.0,1.0,0.0,Sydney
0.10008188524821567,0.865335113968909,0.9345681636156136,0.0,1.0,0.0,0.0,0.0,1.0,0.0,0.0,Paris
-0.8916133708775814,0.02362138027747187,0.056591844994546496,0.0,1.0,0.0,0.0,0.0,0.0,0.0,1.0,New York
-0.09825716597694376,0.062860320330729,-0.4451089085032061,0.0,0.0,1.0,0.0,0.0,0.0,0.0,1.0,Paris
1.4884552438243315,-0.8350189550055664,1.18541854036449,0.0,0.0,1.0,0.0,0.0,0.0,0.0,1.0,Barcelone
-1.4866305245530596,-1.2197144457237736,0.056591844994546496,0.0,0.0,1.0,0.0,0.0,0.0,0.0,1.0,Le Caire
-0.8255003538025283,1.570866643946101,-0.1942585317543298,0.0,0.0,0.0,0.0,1.0,0.0,0.0,1.0,Sydney
-0.693274319652422,1.1269280476572898,0.5582925984922991,0.0,1.0,0.0,0.0,0.0,0.0,1.0,0.0,Bali
1.0917771413740127,0.7491570757720105,1.18541854036449,0.0,0.0,0.0,0.0,1.0,0.0,0.0,1.0,Londres
-0.8916133708775814,-0.35645776455211675,0.5582925984922991,0.0,0.0,1.0,0.0,0.0,1.0,0.0,0.0,Le Caire
1.0917771413740127,0.3967760062741328,-0.5705340968776442,0.0,0.0,0.0,1.0,0.0,0.0,1.0,0.0,Rome
-0.3627092342771563,-1.2035572351136088,0.8091429752411754,0.0,1.0,0.0,0.0,0.0,0.0,0.0,1.0,Barcelone
1.0256641242989597,-0.7765452404163989,-0.6959592852520824,0.0,0.0,0.0,0.0,1.0,1.0,0.0,0.0,Sydney
0.5628730047735876,0.7714694142336666,-0.4451089085032061,0.0,0.0,0.0,0.0,1.0,1.0,0.0,0.0,Paris
-0.4949352684272626,-1.2720330324614497,-1.197660038749835,0.0,0.0,1.0,0.0,0.0,0.0,0.0,1.0,Sydney
0.9595511072239065,0.5375745558769965,0.9345681636156136,0.0,1.0,0.0,0.0,0.0,1.0,0.0,0.0,Tokyo
-1.156065439177794,-1.216636881798028,-0.9468096620009587,0.0,0.0,0.0,0.0,1.0,0.0,0.0,1.0,New York
-0.7593873367274752,0.029007117147526768,-0.9468096620009587,0.0,0.0,1.0,0.0,0.0,1.0,0.0,0.0,Bali
-1.156065439177794,1.6716568625142711,0.3074422217434228,0.0,0.0,1.0,0.0,0.0,0.0,0.0,1.0,Le Caire
0.2984209364733751,0.41139443492142463,1.4362689171133662,0.0,0.0,1.0,0.0,0.0,0.0,1.0,0.0,New York
-0.693274319652422,-0.12487107913975608,0.43286741011786095,0.0,1.0,0.0,0.0,0.0,0.0,0.0,1.0,Barcelone
-0.5610482855023157,-1.355896649438019,0.3074422217434228,0.0,0.0,0.0,0.0,1.0,0.0,0.0,1.0,Rio de Janeiro
-0.09825716597694376,-1.3566660404194553,0.43286741011786095,0.0,0.0,1.0,0.0,0.0,1.0,0.0,0.0,Rome
-1.5527435416281128,-0.4557092011574142,-1.072234850375397,0.0,0.0,0.0,0.0,1.0,1.0,0.0,0.0,Rome
-0.5610482855023157,0.3906208784226415,-1.3230852271242732,0.0,1.0,0.0,0.0,0.0,0.0,1.0,0.0,Paris
0.43064697062348134,1.2392591309470065,-1.197660038749835,0.0,0.0,0.0,1.0,0.0,1.0,0.0,0.0,Barcelone
0.9595511072239065,0.6845282333313517,1.4362689171133662,0.0,0.0,0.0,0.0,1.0,0.0,1.0,0.0,New York
-0.5610482855023157,-0.7796228043421446,1.0599933519900517,0.0,0.0,1.0,0.0,0.0,0.0,1.0,0.0,Londres
-1.618856558703166,0.8491779033587443,-1.3230852271242732,1.0,0.0,0.0,0.0,0.0,1.0,0.0,0.0,Bali
-0.4288222513522094,-0.7211490897529771,-1.072234850375397,0.0,0.0,0.0,1.0,0.0,0.0,0.0,1.0,Tokyo
-1.222178456252847,1.331586048719376,1.4362689171133662,0.0,0.0,0.0,0.0,1.0,0.0,0.0,1.0,Le Caire
-1.618856558703166,-0.29182892211145794,-1.072234850375397,0.0,0.0,1.0,0.0,0.0,0.0,0.0,1.0,Rome
-0.032144148901890615,0.9738192423514435,0.8091429752411754,0.0,1.0,0.0,0.0,0.0,0.0,1.0,0.0,Bali
1.2901161925991722,-0.8634864213187138,0.6837177868667372,0.0,1.0,0.0,0.0,0.0,1.0,0.0,0.0,New York
0.1661949023232688,1.440839568083347,-1.197660038749835,1.0,0.0,0.0,0.0,0.0,0.0,1.0,0.0,Londres
1.2901161925991722,-0.22104495181930786,-0.6959592852520824,0.0,0.0,1.0,0.0,0.0,0.0,0.0,1.0,Barcelone
1.4223422267492785,1.522395012115607,-1.072234850375397,0.0,1.0,0.0,0.0,0.0,0.0,0.0,1.0,Rio de Janeiro
-0.4288222513522094,0.7522346396977562,0.9345681636156136,0.0,0.0,1.0,0.0,0.0,1.0,0.0,0.0,Sydney
1.5545682608993847,1.3269697028307577,-1.5739356038731493,0.0,0.0,1.0,0.0,0.0,0.0,1.0,0.0,New York
0.8273250730738002,-1.3705150780853108,0.43286741011786095,0.0,0.0,0.0,0.0,1.0,0.0,0.0,1.0,New York
1.3562292096742252,-0.767312548639162,-0.1942585317543298,0.0,0.0,1.0,0.0,0.0,0.0,0.0,1.0,Sydney
-0.7593873367274752,0.6452892932780946,1.4362689171133662,0.0,0.0,1.0,0.0,0.0,1.0,0.0,0.0,Le Caire
-1.5527435416281128,0.5975870524290369,-1.4485104154987114,0.0,0.0,1.0,0.0,0.0,0.0,1.0,0.0,Rome
1.2901161925991722,-0.8319413910798208,-1.072234850375397,1.0,0.0,0.0,0.0,0.0,1.0,0.0,0.0,Tokyo
-1.222178456252847,-1.6213365380335818,1.0599933519900517,1.0,0.0,0.0,0.0,0.0,1.0,0.0,0.0,Rome
-0.6271613025773689,-1.2843432881644323,0.8091429752411754,0.0,0.0,0.0,0.0,1.0,0.0,0.0,1.0,New York
0.1661949023232688,1.1484709951375094,0.056591844994546496,0.0,0.0,1.0,0.0,0.0,1.0,0.0,0.0,Barcelone
-1.222178456252847,-1.5005421539480648,1.6871192938622424,0.0,0.0,0.0,0.0,1.0,0.0,1.0,0.0,Paris
-1.2882914733279003,1.650883306015488,1.0599933519900517,0.0,1.0,0.0,0.0,0.0,0.0,0.0,1.0,Londres
0.033968868173162525,-0.367998629273663,-1.197660038749835,0.0,0.0,1.0,0.0,0.0,1.0,0.0,0.0,Le Caire
-1.156065439177794,-0.5080277878950904,1.18541854036449,0.0,0.0,1.0,0.0,0.0,0.0,1.0,0.0,Sydney
1.0256641242989597,-0.7211490897529771,1.310843728738928,0.0,1.0,0.0,0.0,0.0,0.0,0.0,1.0,Le Caire
-0.16437018305199688,1.2384897399655699,1.0599933519900517,0.0,1.0,0.0,0.0,0.0,0.0,1.0,0.0,Bali
0.10008188524821567,-0.7426920372331968,-0.1942585317543298,1.0,0.0,0.0,0.0,0.0,1.0,0.0,0.0,Le Caire
-0.9577263879526345,-0.7503859470475609,-0.1942585317543298,0.0,0.0,1.0,0.0,0.0,1.0,0.0,0.0,Rome
-1.5527435416281128,1.084611543678287,-1.4485104154987114,1.0,0.0,0.0,0.0,0.0,0.0,1.0,0.0,Bali
0.7612120559987471,-1.6967368542143504,0.9345681636156136,0.0,0.0,0.0,0.0,1.0,0.0,1.0,0.0,Bali
-1.4205175074780065,-0.5280319534124371,1.0599933519900517,0.0,0.0,1.0,0.0,0.0,0.0,1.0,0.0,Barcelone
-1.4205175074780065,-0.9812032414784851,0.6837177868667372,0.0,1.0,0.0,0.0,0.0,1.0,0.0,0.0,Bali
0.1661949023232688,1.5108541473940607,0.056591844994546496,1.0,0.0,0.0,0.0,0.0,1.0,0.0,0.0,Sydney
-1.0899524221027408,0.6352872105194212,-0.31968372012876795,0.0,1.0,0.0,0.0,0.0,1.0,0.0,0.0,Bali
-1.618856558703166,1.318506402034957,0.6837177868667372,1.0,0.0,0.0,0.0,0.0,0.0,1.0,0.0,Paris
-0.9577263879526345,-0.3218351703874781,-0.6959592852520824,0.0,0.0,1.0,0.0,0.0,1.0,0.0,0.0,Barcelone
0.8273250730738002,0.4998743977866123,0.18201703336898464,0.0,0.0,0.0,0.0,1.0,0.0,0.0,1.0,Tokyo
-0.16437018305199688,-1.4759216425420996,-0.6959592852520824,0.0,1.0,0.0,0.0,0.0,1.0,0.0,0.0,New York
1.224003175524119,0.246744764894032,-1.4485104154987114,0.0,0.0,0.0,1.0,0.0,0.0,0.0,1.0,Bali
0.2984209364733751,-1.4312969656187875,0.18201703336898464,0.0,0.0,0.0,1.0,0.0,0.0,0.0,1.0,Rio de Janeiro
1.620681277974438,0.43370677338308067,-0.5705340968776442,0.0,0.0,1.0,0.0,0.0,0.0,0.0,1.0,Paris
-1.156065439177794,0.016696861444544138,1.6871192938622424,0.0,1.0,0.0,0.0,0.0,1.0,0.0,0.0,Sydney
0.1661949023232688,-0.7634655937319799,-1.6993607922475875,0.0,0.0,1.0,0.0,0.0,0.0,0.0,1.0,New York
-0.9577263879526345,1.292347108666119,1.18541854036449,0.0,0.0,0.0,0.0,1.0,0.0,0.0,1.0,Tokyo
1.0917771413740127,-0.2925983130928944,1.5616941054878042,1.0,0.0,0.0,0.0,0.0,0.0,0.0,1.0,Londres
0.43064697062348134,1.381596462512743,-0.6959592852520824,0.0,0.0,0.0,0.0,1.0,1.0,0.0,0.0,Le Caire
-0.3627092342771563,-0.4549398101759778,0.43286741011786095,0.0,1.0,0.0,0.0,0.0,0.0,0.0,1.0,New York
0.43064697062348134,-0.21412043298638014,-0.5705340968776442,0.0,0.0,1.0,0.0,0.0,1.0,0.0,0.0,Rio de Janeiro
1.0917771413740127,1.3061961463319745,1.5616941054878042,0.0,0.0,1.0,0.0,0.0,0.0,0.0,1.0,Tokyo
0.7612120559987471,-0.7019143152170667,1.4362689171133662,0.0,1.0,0.0,0.0,0.0,0.0,1.0,0.0,Rio de Janeiro
-1.5527435416281128,-0.36107411044073523,-1.4485104154987114,0.0,1.0,0.0,0.0,0.0,1.0,0.0,0.0,Tokyo
0.8273250730738002,-0.6334385178692259,-0.6959592852520824,0.0,1.0,0.0,0.0,0.0,1.0,0.0,0.0,Londres
-0.4949352684272626,-0.1310262069912474,0.8091429752411754,0.0,0.0,0.0,1.0,0.0,0.0,0.0,1.0,Rome
0.695099038923694,-1.1927857613734991,0.9345681636156136,0.0,0.0,1.0,0.0,0.0,0.0,0.0,1.0,Barcelone
0.8934380901488533,-0.4010824414754288,0.8091429752411754,1.0,0.0,0.0,0.0,0.0,1.0,0.0,0.0,Londres
-1.3544044904029533,-1.4913094621708278,-0.4451089085032061,0.0,0.0,0.0,0.0,1.0,0.0,0.0,1.0,Barcelone
-0.8916133708775814,0.04516432775769147,1.6871192938622424,0.0,0.0,1.0,0.0,0.0,1.0,0.0,0.0,Londres
1.2901161925991722,0.9399660391682412,-0.9468096620009587,0.0,0.0,1.0,0.0,0.0,0.0,1.0,0.0,Le Caire
-1.5527435416281128,1.4346844402318555,1.5616941054878042,0.0,0.0,1.0,0.0,0.0,1.0,0.0,0.0,Paris
1.4884552438243315,-0.46955823882326964,1.6871192938622424,0.0,0.0,0.0,1.0,0.0,1.0,0.0,0.0,New York
0.7612120559987471,-0.17026514704450452,0.6837177868667372,0.0,0.0,1.0,0.0,0.0,1.0,0.0,0.0,Tokyo
1.4884552438243315,-1.0189033995688694,1.6871192938622424,0.0,1.0,0.0,0.0,0.0,1.0,0.0,0.0,Rio de Janeiro
-1.684969575778219,0.6806812784241696,0.5582925984922991,0.0,0.0,1.0,0.0,0.0,1.0,0.0,0.0,Paris
-0.9577263879526345,-0.19719383139477903,0.5582925984922991,0.0,0.0,1.0,0.0,0.0,1.0,0.0,0.0,New York
0.1661949023232688,-0.9788950685341758,-1.197660038749835,0.0,0.0,1.0,0.0,0.0,0.0,1.0,0.0,Paris
0.49675998769853447,0.4898723150279389,-1.4485104154987114,1.0,0.0,0.0,0.0,0.0,0.0,1.0,0.0,Rio de Janeiro
0.9595511072239065,-0.6803713677368471,-0.4451089085032061,1.0,0.0,0.0,0.0,0.0,0.0,1.0,0.0,Le Caire
0.8273250730738002,-0.672677457922483,0.9345681636156136,0.0,1.0,0.0,0.0,0.0,1.0,0.0,0.0,Barcelone
0.9595511072239065,0.6860670152942245,-0.9468096620009587,0.0,0.0,0.0,0.0,1.0,0.0,1.0,0.0,Le Caire
1.4223422267492785,-0.17718966587743226,-1.4485104154987114,0.0,0.0,0.0,0.0,1.0,1.0,0.0,0.0,Rio de Janeiro
-0.9577263879526345,0.055935801497801266,1.0599933519900517,0.0,1.0,0.0,0.0,0.0,0.0,1.0,0.0,Sydney
-1.684969575778219,-1.5313177932055213,-0.4451089085032061,0.0,0.0,0.0,1.0,0.0,1.0,0.0,0.0,Rio de Janeiro
1.0256641242989597,-0.5149523067280181,1.310843728738928,1.0,0.0,0.0,0.0,0.0,0.0,1.0,0.0,New York
-0.032144148901890615,-0.8765660680031327,1.6871192938622424,0.0,0.0,0.0,0.0,1.0,1.0,0.0,0.0,Le Caire
-1.618856558703166,1.0969217993812697,-1.3230852271242732,0.0,1.0,0.0,0.0,0.0,0.0,0.0,1.0,Le Caire
-0.7593873367274752,0.16826688478751775,-0.9468096620009587,0.0,0.0,1.0,0.0,0.0,1.0,0.0,0.0,Barcelone
1.4223422267492785,-0.3041391778144406,0.5582925984922991,0.0,0.0,0.0,1.0,0.0,0.0,0.0,1.0,Barcelone
1.5545682608993847,0.9199618736508944,-1.072234850375397,0.0,0.0,1.0,0.0,0.0,1.0,0.0,0.0,Paris
-1.0238394050276878,-1.3843641157511661,1.4362689171133662,1.0,0.0,0.0,0.0,0.0,0.0,1.0,0.0,Paris
0.1661949023232688,0.9345803022981863,1.310843728738928,0.0,0.0,0.0,1.0,0.0,1.0,0.0,0.0,Sydney
1.620681277974438,-1.1581631672088604,0.8091429752411754,0.0,1.0,0.0,0.0,0.0,1.0,0.0,0.0,Bali
1.686794295049491,1.5200868391712976,1.310843728738928,0.0,1.0,0.0,0.0,0.0,0.0,0.0,1.0,Tokyo
-0.8916133708775814,-0.5903526229087867,-0.31968372012876795,1.0,0.0,0.0,0.0,0.0,0.0,1.0,0.0,Bali
0.23230791939832193,0.6306708646308027,0.6837177868667372,1.0,0.0,0.0,0.0,0.0,0.0,0.0,1.0,Le Caire
1.5545682608993847,-1.4405296573960245,0.056591844994546496,0.0,0.0,0.0,0.0,1.0,1.0,0.0,0.0,Sydney
0.695099038923694,-1.0165952266245601,-0.31968372012876795,0.0,0.0,0.0,0.0,1.0,0.0,0.0,1.0,Le Caire
1.224003175524119,-0.5503442918740932,1.0599933519900517,0.0,0.0,1.0,0.0,0.0,1.0,0.0,0.0,Rio de Janeiro
1.2901161925991722,0.17365262165757264,1.6871192938622424,0.0,1.0,0.0,0.0,0.0,0.0,0.0,1.0,Bali
0.8934380901488533,-0.27490232051985686,0.9345681636156136,1.0,0.0,0.0,0.0,0.0,1.0,0.0,0.0,Barcelone
0.8934380901488533,-1.1320038738400222,-1.4485104154987114,0.0,0.0,0.0,0.0,1.0,0.0,0.0,1.0,Londres
-0.4288222513522094,1.6201076667580314,0.3074422217434228,0.0,0.0,0.0,1.0,0.0,0.0,0.0,1.0,Tokyo
-1.4866305245530596,0.5221867362482683,1.310843728738928,0.0,1.0,0.0,0.0,0.0,1.0,0.0,0.0,Londres
0.8273250730738002,0.07055423014509314,0.3074422217434228,0.0,0.0,0.0,0.0,1.0,0.0,0.0,1.0,Sydney
1.686794295049491,-1.5513219587228682,0.3074422217434228,0.0,0.0,0.0,1.0,0.0,0.0,1.0,0.0,Paris
-1.4866305245530596,0.5452684656913607,-0.31968372012876795,0.0,1.0,0.0,0.0,0.0,0.0,0.0,1.0,Sydney
-0.16437018305199688,-1.1273875279514038,0.43286741011786095,0.0,0.0,1.0,0.0,0.0,0.0,0.0,1.0,Paris
0.23230791939832193,-1.0081319258287595,1.4362689171133662,0.0,1.0,0.0,0.0,0.0,0.0,0.0,1.0,Tokyo
-1.3544044904029533,0.6222075638350022,-0.06883334337989165,0.0,0.0,0.0,1.0,0.0,0.0,0.0,1.0,Bali
1.686794295049491,-0.37184558418084507,1.4362689171133662,0.0,0.0,0.0,1.0,0.0,1.0,0.0,0.0,Paris
1.2901161925991722,1.6939692009759273,1.6871192938622424,0.0,1.0,0.0,0.0,0.0,0.0,1.0,0.0,Sydney
1.4884552438243315,1.627032185590959,-1.197660038749835,1.0,0.0,0.0,0.0,0.0,0.0,1.0,0.0,Barcelone
1.224003175524119,1.0407562577364116,1.4362689171133662,1.0,0.0,0.0,0.0,0.0,1.0,0.0,0.0,Tokyo
1.686794295049491,0.20135069698928357,-0.31968372012876795,0.0,0.0,0.0,1.0,0.0,1.0,0.0,0.0,Tokyo
-1.4866305245530596,0.3506125473879479,-0.1942585317543298,0.0,1.0,0.0,0.0,0.0,0.0,1.0,0.0,Londres
1.4884552438243315,-0.8296332181355115,1.6871192938622424,0.0,0.0,1.0,0.0,0.0,0.0,1.0,0.0,Bali
1.157890158449066,0.17365262165757264,0.9345681636156136,0.0,1.0,0.0,0.0,0.0,0.0,0.0,1.0,Londres
1.620681277974438,1.3931373272342893,0.18201703336898464,1.0,0.0,0.0,0.0,0.0,1.0,0.0,0.0,Paris
-0.6271613025773689,0.3459962014993294,-0.9468096620009587,0.0,0.0,0.0,0.0,1.0,0.0,1.0,0.0,Bali
-0.3627092342771563,-1.5459362218528132,-0.8213844736265206,1.0,0.0,0.0,0.0,0.0,0.0,0.0,1.0,Londres
1.0917771413740127,-0.5980465327231509,1.0599933519900517,0.0,1.0,0.0,0.0,0.0,0.0,0.0,1.0,Londres
1.4223422267492785,-0.735767518400269,-1.6993607922475875,0.0,1.0,0.0,0.0,0.0,0.0,0.0,1.0,Tokyo
-0.09825716597694376,1.3169676200720841,-1.197660038749835,0.0,0.0,1.0,0.0,0.0,0.0,1.0,0.0,Paris
-0.7593873367274752,0.937657866223932,-0.6959592852520824,0.0,0.0,0.0,0.0,1.0,1.0,0.0,0.0,Londres
1.620681277974438,0.6506750301481494,1.18541854036449,0.0,0.0,0.0,1.0,0.0,1.0,0.0,0.0,Paris
-1.156065439177794,-0.7503859470475609,1.310843728738928,0.0,0.0,1.0,0.0,0.0,0.0,1.0,0.0,Tokyo
0.695099038923694,-0.8434822558013669,-0.8213844736265206,0.0,0.0,1.0,0.0,0.0,0.0,0.0,1.0,Paris
-0.09825716597694376,-0.6588284202566276,-0.06883334337989165,0.0,1.0,0.0,0.0,0.0,1.0,0.0,0.0,Paris
0.23230791939832193,-0.7942412329894365,-1.4485104154987114,1.0,0.0,0.0,0.0,0.0,1.0,0.0,0.0,Rio de Janeiro
1.224003175524119,0.9899764529616082,0.18201703336898464,0.0,0.0,0.0,1.0,0.0,1.0,0.0,0.0,Londres
1.224003175524119,1.041525648717848,-0.4451089085032061,0.0,0.0,1.0,0.0,0.0,1.0,0.0,0.0,Rome
1.5545682608993847,0.37984940468253164,0.5582925984922991,0.0,1.0,0.0,0.0,0.0,0.0,1.0,0.0,Barcelone
-1.5527435416281128,0.3129123892975636,-0.9468096620009587,0.0,1.0,0.0,0.0,0.0,0.0,1.0,0.0,Rome
0.6289860218486407,0.3536901113136936,-0.31968372012876795,0.0,0.0,1.0,0.0,0.0,1.0,0.0,0.0,Barcelone
-1.3544044904029533,-0.30029222290725854,0.18201703336898464,0.0,0.0,1.0,0.0,0.0,1.0,0.0,0.0,Sydney
1.0256641242989597,1.5108541473940607,-1.5739356038731493,0.0,0.0,0.0,1.0,0.0,0.0,0.0,1.0,Rome
1.4884552438243315,-0.054856499829042386,-1.3230852271242732,0.0,1.0,0.0,0.0,0.0,1.0,0.0,0.0,Barcelone
-0.9577263879526345,1.2823450259074456,-0.5705340968776442,0.0,0.0,0.0,0.0,1.0,1.0,0.0,0.0,Londres
1.3562292096742252,1.0030560996460272,0.056591844994546496,0.0,0.0,0.0,1.0,0.0,0.0,1.0,0.0,Bali
-1.4866305245530596,-0.7796228043421446,0.9345681636156136,1.0,0.0,0.0,0.0,0.0,1.0,0.0,0.0,Tokyo
-0.09825716597694376,-1.6313386207922551,1.5616941054878042,0.0,0.0,1.0,0.0,0.0,0.0,0.0,1.0,Barcelone
1.224003175524119,-0.878874240947442,-0.8213844736265206,0.0,0.0,1.0,0.0,0.0,1.0,0.0,0.0,Paris
1.686794295049491,-1.6936592902886047,1.6871192938622424,0.0,1.0,0.0,0.0,0.0,0.0,1.0,0.0,Rio de Janeiro
-1.156065439177794,-1.467458341746299,-0.06883334337989165,0.0,0.0,1.0,0.0,0.0,1.0,0.0,0.0,Londres
-1.3544044904029533,-0.8627170303372773,1.310843728738928,1.0,0.0,0.0,0.0,0.0,0.0,1.0,0.0,Paris
0.1661949023232688,-1.6728857337898215,0.5582925984922991,0.0,0.0,0.0,1.0,0.0,0.0,0.0,1.0,Bali
1.5545682608993847,1.4516110418234567,-1.4485104154987114,0.0,0.0,0.0,1.0,0.0,0.0,1.0,0.0,Sydney
0.695099038923694,0.4483252020303725,1.6871192938622424,0.0,0.0,0.0,0.0,1.0,1.0,0.0,0.0,Barcelone
-1.222178456252847,-1.502850326892374,-0.06883334337989165,0.0,1.0,0.0,0.0,0.0,0.0,1.0,0.0,Londres
0.2984209364733751,-1.22048383670521,1.5616941054878042,0.0,0.0,0.0,1.0,0.0,0.0,1.0,0.0,Paris
1.4884552438243315,-1.094303715749638,0.056591844994546496,0.0,0.0,1.0,0.0,0.0,0.0,0.0,1.0,Tokyo
0.8273250730738002,0.7137650906259354,-1.072234850375397,0.0,0.0,1.0,0.0,0.0,1.0,0.0,0.0,Sydney
-0.3627092342771563,1.5924095914263205,0.8091429752411754,0.0,0.0,1.0,0.0,0.0,1.0,0.0,0.0,Londres
-0.5610482855023157,-0.3987742685311195,1.4362689171133662,0.0,1.0,0.0,0.0,0.0,0.0,1.0,0.0,New York
-0.5610482855023157,0.2198160805437575,-0.4451089085032061,0.0,0.0,0.0,0.0,1.0,0.0,0.0,1.0,Le Caire
-1.222178456252847,1.3923679362528527,-1.4485104154987114,0.0,1.0,0.0,0.0,0.0,0.0,0.0,1.0,Tokyo
-0.09825716597694376,-0.6318997359063531,-1.072234850375397,0.0,0.0,0.0,1.0,0.0,0.0,0.0,1.0,Bali
-1.3544044904029533,1.578560553760465,-0.06883334337989165,0.0,0.0,0.0,0.0,1.0,0.0,1.0,0.0,Bali
-1.618856558703166,-1.3851335067326027,-0.5705340968776442,0.0,0.0,1.0,0.0,0.0,0.0,0.0,1.0,Sydney
1.3562292096742252,0.5337276009698145,-0.31968372012876795,1.0,0.0,0.0,0.0,0.0,0.0,1.0,0.0,Paris
0.8934380901488533,0.08594204977382142,1.0599933519900517,1.0,0.0,0.0,0.0,0.0,1.0,0.0,0.0,Paris
0.9595511072239065,-1.282035115220123,1.4362689171133662,0.0,1.0,0.0,0.0,0.0,0.0,0.0,1.0,New York
0.43064697062348134,-1.33204552901349,-0.5705340968776442,0.0,0.0,0.0,1.0,0.0,0.0,0.0,1.0,Le Caire
-1.0238394050276878,1.2908083267032462,0.5582925984922991,0.0,0.0,1.0,0.0,0.0,0.0,0.0,1.0,Rio de Janeiro
-0.23048320012705004,1.3885209813456707,1.0599933519900517,0.0,0.0,0.0,0.0,1.0,0.0,0.0,1.0,New York
0.8934380901488533,1.70627945667891,1.4362689171133662,0.0,0.0,0.0,0.0,1.0,0.0,1.0,0.0,Tokyo
-1.618856558703166,1.372363770735506,-1.5739356038731493,0.0,0.0,0.0,0.0,1.0,1.0,0.0,0.0,Barcelone
0.9595511072239065,0.3536901113136936,0.056591844994546496,0.0,0.0,0.0,1.0,0.0,0.0,1.0,0.0,Rome
0.3645339535484282,-0.6134343523518792,-1.3230852271242732,0.0,0.0,1.0,0.0,0.0,0.0,0.0,1.0,Bali
0.7612120559987471,-0.6765244128296651,0.3074422217434228,0.0,0.0,0.0,0.0,1.0,1.0,0.0,0.0,Le Caire
-0.16437018305199688,1.5123929293569334,-0.1942585317543298,0.0,0.0,1.0,0.0,0.0,1.0,0.0,0.0,Rio de Janeiro
1.2901161925991722,-0.3749231481065907,-1.5739356038731493,0.0,0.0,0.0,0.0,1.0,1.0,0.0,0.0,Barcelone
-1.684969575778219,-0.2925983130928944,1.6871192938622424,0.0,0.0,0.0,1.0,0.0,0.0,1.0,0.0,Le Caire
-0.4288222513522094,-1.3828253337882934,0.3074422217434228,1.0,0.0,0.0,0.0,0.0,0.0,1.0,0.0,Sydney
-1.618856558703166,-0.5288013443938736,0.056591844994546496,0.0,0.0,0.0,0.0,1.0,1.0,0.0,0.0,Rome
1.0256641242989597,-0.22489190672648993,0.056591844994546496,0.0,0.0,1.0,0.0,0.0,0.0,1.0,0.0,Tokyo
1.157890158449066,1.5608645611874274,-1.4485104154987114,0.0,0.0,1.0,0.0,0.0,1.0,0.0,0.0,Londres
-1.156065439177794,0.22058547152519392,1.310843728738928,0.0,1.0,0.0,0.0,0.0,1.0,0.0,0.0,Sydney
-1.222178456252847,-1.659036696123966,1.18541854036449,1.0,0.0,0.0,0.0,0.0,0.0,0.0,1.0,Paris
0.49675998769853447,0.7199202184774267,0.056591844994546496,0.0,0.0,1.0,0.0,0.0,1.0,0.0,0.0,Tokyo
1.224003175524119,-0.8988784064647888,-0.06883334337989165,0.0,0.0,0.0,1.0,0.0,0.0,1.0,0.0,Rio de Janeiro
0.49675998769853447,-1.506697281799556,-0.9468096620009587,0.0,0.0,0.0,1.0,0.0,1.0,0.0,0.0,Rio de Janeiro
1.5545682608993847,1.3992924550857806,-0.8213844736265206,0.0,0.0,1.0,0.0,0.0,1.0,0.0,0.0,Tokyo
1.686794295049491,0.4090862619771154,-0.1942585317543298,0.0,0.0,0.0,0.0,1.0,0.0,0.0,1.0,Tokyo
1.2901161925991722,0.10979317019835026,-0.8213844736265206,0.0,0.0,1.0,0.0,0.0,0.0,0.0,1.0,Londres
1.0917771413740127,0.9615089866484609,1.6871192938622424,1.0,0.0,0.0,0.0,0.0,0.0,1.0,0.0,Londres
-1.4866305245530596,-0.3026003958515678,-0.4451089085032061,0.0,1.0,0.0,0.0,0.0,0.0,1.0,0.0,Paris
1.0917771413740127,0.3067572614460723,-1.072234850375397,0.0,0.0,0.0,0.0,1.0,1.0,0.0,0.0,Rio de Janeiro
-1.2882914733279003,0.7722388052151029,-0.6959592852520824,0.0,0.0,0.0,0.0,1.0,0.0,1.0,0.0,Londres
0.6289860218486407,1.565480907076046,-0.06883334337989165,0.0,1.0,0.0,0.0,0.0,0.0,1.0,0.0,Sydney
-0.032144148901890615,0.06362971131216541,0.18201703336898464,1.0,0.0,0.0,0.0,0.0,0.0,0.0,1.0,Sydney
-1.4205175074780065,-1.335892483920672,-0.9468096620009587,1.0,0.0,0.0,0.0,0.0,0.0,1.0,0.0,Sydney
1.620681277974438,-0.14333646269423003,1.4362689171133662,0.0,0.0,0.0,1.0,0.0,0.0,1.0,0.0,Londres
0.10008188524821567,-1.092764933786765,1.0599933519900517,0.0,1.0,0.0,0.0,0.0,0.0,1.0,0.0,Paris
-0.032144148901890615,-0.520338043598073,0.18201703336898464,0.0,1.0,0.0,0.0,0.0,0.0,1.0,0.0,Tokyo
-0.6271613025773689,-0.825016872246893,-0.5705340968776442,1.0,0.0,0.0,0.0,0.0,1.0,0.0,0.0,Rio de Janeiro
0.6289860218486407,-1.597485417609053,-0.4451089085032061,0.0,1.0,0.0,0.0,0.0,1.0,0.0,0.0,Tokyo
-0.29659621720210316,0.24828354685690482,-0.6959592852520824,1.0,0.0,0.0,0.0,0.0,0.0,0.0,1.0,Barcelone
-1.3544044904029533,0.5452684656913607,-0.5705340968776442,1.0,0.0,0.0,0.0,0.0,0.0,1.0,0.0,New York
-1.0238394050276878,-0.4618643290089055,-0.1942585317543298,0.0,0.0,0.0,0.0,1.0,1.0,0.0,0.0,Rio de Janeiro
1.157890158449066,1.0592216412908855,-0.4451089085032061,1.0,0.0,0.0,0.0,0.0,0.0,1.0,0.0,Rio de Janeiro
-1.3544044904029533,-0.5680402844471307,1.6871192938622424,0.0,1.0,0.0,0.0,0.0,0.0,1.0,0.0,Rome
-0.8916133708775814,-1.64749583140242,-1.197660038749835,1.0,0.0,0.0,0.0,0.0,1.0,0.0,0.0,New York
0.49675998769853447,-1.4697665146906083,-0.31968372012876795,0.0,1.0,0.0,0.0,0.0,0.0,0.0,1.0,Tokyo
-0.29659621720210316,0.05362762855349202,0.6837177868667372,0.0,1.0,0.0,0.0,0.0,0.0,0.0,1.0,Bali
-1.4866305245530596,-0.38723340380957333,-1.197660038749835,0.0,0.0,1.0,0.0,0.0,0.0,0.0,1.0,Bali
1.4884552438243315,1.0499889495136485,0.8091429752411754,0.0,0.0,1.0,0.0,0.0,0.0,1.0,0.0,New York
0.3645339535484282,0.8907250163563107,-0.5705340968776442,0.0,0.0,0.0,1.0,0.0,0.0,1.0,0.0,Sydney
0.10008188524821567,1.2307958301512059,0.43286741011786095,0.0,1.0,0.0,0.0,0.0,1.0,0.0,0.0,Le Caire
0.23230791939832193,1.3708249887726331,0.3074422217434228,0.0,0.0,0.0,0.0,1.0,0.0,1.0,0.0,Rio de Janeiro
1.620681277974438,0.3075266524275087,-0.31968372012876795,0.0,0.0,0.0,1.0,0.0,0.0,1.0,0.0,New York
-0.5610482855023157,-1.632877402755128,0.5582925984922991,0.0,0.0,0.0,1.0,0.0,0.0,1.0,0.0,Barcelone
1.0256641242989597,-0.4010824414754288,-0.1942585317543298,0.0,1.0,0.0,0.0,0.0,0.0,1.0,0.0,Londres
-0.693274319652422,-0.5149523067280181,1.0599933519900517,0.0,0.0,0.0,1.0,0.0,0.0,0.0,1.0,Le Caire
-0.16437018305199688,-0.4433989454544316,1.4362689171133662,1.0,0.0,0.0,0.0,0.0,0.0,1.0,0.0,Rome
0.5628730047735876,-0.5995853146860237,-1.072234850375397,0.0,0.0,0.0,1.0,0.0,1.0,0.0,0.0,Rio de Janeiro
-0.09825716597694376,0.3829269686082773,-0.8213844736265206,0.0,0.0,0.0,0.0,1.0,0.0,0.0,1.0,Sydney
0.7612120559987471,-1.4020601083242037,-0.31968372012876795,1.0,0.0,0.0,0.0,0.0,0.0,0.0,1.0,New York
-1.222178456252847,1.0738400699381774,-1.6993607922475875,0.0,0.0,0.0,0.0,1.0,0.0,1.0,0.0,Paris
1.157890158449066,-1.0527566027520716,-1.4485104154987114,0.0,1.0,0.0,0.0,0.0,0.0,0.0,1.0,Tokyo
-1.0238394050276878,1.6093361930179215,1.4362689171133662,1.0,0.0,0.0,0.0,0.0,1.0,0.0,0.0,Rio de Janeiro
0.49675998769853447,-0.5734260213171856,-0.4451089085032061,1.0,0.0,0.0,0.0,0.0,0.0,1.0,0.0,Barcelone
-0.16437018305199688,-0.07024431945777067,0.43286741011786095,0.0,1.0,0.0,0.0,0.0,0.0,0.0,1.0,Rio de Janeiro
-0.8916133708775814,0.6352872105194212,0.3074422217434228,0.0,0.0,0.0,0.0,1.0,0.0,1.0,0.0,Sydney
-0.09825716597694376,0.24366720096828634,-0.4451089085032061,0.0,0.0,0.0,1.0,0.0,0.0,1.0,0.0,Sydney
-1.3544044904029533,-1.7098165008987694,1.310843728738928,0.0,0.0,0.0,0.0,1.0,0.0,1.0,0.0,Rome
-0.9577263879526345,-1.5036197178738104,1.6871192938622424,1.0,0.0,0.0,0.0,0.0,0.0,0.0,1.0,Rome
-1.618856558703166,0.22981816330243088,-1.6993607922475875,0.0,0.0,0.0,1.0,0.0,0.0,1.0,0.0,Le Caire
0.7612120559987471,0.3121429983161272,-0.5705340968776442,0.0,0.0,0.0,1.0,0.0,0.0,0.0,1.0,Londres
-0.8255003538025283,-0.43108868975144893,-1.072234850375397,0.0,0.0,1.0,0.0,0.0,1.0,0.0,0.0,Sydney
-1.0238394050276878,-0.9165743990378263,0.18201703336898464,0.0,0.0,0.0,0.0,1.0,0.0,1.0,0.0,Rio de Janeiro
-1.222178456252847,-0.7819309772864539,1.0599933519900517,1.0,0.0,0.0,0.0,0.0,0.0,0.0,1.0,Bali
-1.2882914733279003,0.5806604508374358,0.5582925984922991,1.0,0.0,0.0,0.0,0.0,1.0,0.0,0.0,Paris
0.9595511072239065,0.36830853996098545,-1.3230852271242732,1.0,0.0,0.0,0.0,0.0,0.0,1.0,0.0,Barcelone
0.49675998769853447,-1.2181756637609007,0.056591844994546496,1.0,0.0,0.0,0.0,0.0,0.0,1.0,0.0,Rome
-0.09825716597694376,-0.6180506982404976,-1.072234850375397,0.0,0.0,0.0,0.0,1.0,0.0,0.0,1.0,Sydney
-1.2882914733279003,-0.5572688107070208,0.18201703336898464,0.0,0.0,0.0,0.0,1.0,1.0,0.0,0.0,Le Caire
0.8273250730738002,-0.7688513306020348,1.6871192938622424,0.0,1.0,0.0,0.0,0.0,0.0,1.0,0.0,Sydney
-0.09825716597694376,1.273881725111645,0.5582925984922991,0.0,0.0,0.0,1.0,0.0,0.0,0.0,1.0,Londres
-1.684969575778219,-0.018695123701530914,-1.5739356038731493,0.0,0.0,0.0,1.0,0.0,1.0,0.0,0.0,New York
-1.5527435416281128,-0.2233531247636171,-0.06883334337989165,1.0,0.0,0.0,0.0,0.0,0.0,0.0,1.0,New York
0.10008188524821567,-1.45437869506188,-1.3230852271242732,0.0,0.0,0.0,0.0,1.0,0.0,0.0,1.0,Paris
1.3562292096742252,1.1261586566758535,-0.9468096620009587,0.0,0.0,0.0,0.0,1.0,0.0,1.0,0.0,Bali
-0.23048320012705004,-1.1935551523549355,-1.6993607922475875,0.0,0.0,0.0,0.0,1.0,1.0,0.0,0.0,Rio de Janeiro
0.6289860218486407,-0.20488774120914316,1.0599933519900517,0.0,0.0,0.0,0.0,1.0,0.0,1.0,0.0,Rome
1.2901161925991722,-1.2951147619045422,1.6871192938622424,0.0,0.0,0.0,1.0,0.0,0.0,1.0,0.0,Rio de Janeiro
-0.29659621720210316,0.6768343235169876,1.0599933519900517,1.0,0.0,0.0,0.0,0.0,0.0,0.0,1.0,Barcelone
-1.156065439177794,1.1807854163578388,0.056591844994546496,0.0,0.0,1.0,0.0,0.0,0.0,0.0,1.0,Barcelone
-0.8255003538025283,-0.4680194568603968,1.0599933519900517,1.0,0.0,0.0,0.0,0.0,1.0,0.0,0.0,Rio de Janeiro
-1.0899524221027408,0.24366720096828634,-0.1942585317543298,0.0,0.0,0.0,1.0,0.0,0.0,0.0,1.0,Barcelone
-1.0899524221027408,1.5185480572084247,-0.6959592852520824,0.0,1.0,0.0,0.0,0.0,0.0,0.0,1.0,Sydney
-0.5610482855023157,-1.0527566027520716,-0.9468096620009587,0.0,1.0,0.0,0.0,0.0,0.0,1.0,0.0,Londres
1.686794295049491,-0.8450210377642398,-1.072234850375397,1.0,0.0,0.0,0.0,0.0,0.0,1.0,0.0,Rio de Janeiro
-1.3544044904029533,-1.1366202197286408,0.18201703336898464,0.0,0.0,0.0,0.0,1.0,0.0,0.0,1.0,Barcelone
-0.8916133708775814,0.843022775507253,-1.6993607922475875,0.0,0.0,0.0,1.0,0.0,0.0,0.0,1.0,Londres
-1.156065439177794,0.9122679638365303,0.056591844994546496,0.0,1.0,0.0,0.0,0.0,0.0,1.0,0.0,New York
0.5628730047735876,1.4269905304174915,-1.072234850375397,1.0,0.0,0.0,0.0,0.0,0.0,1.0,0.0,Bali
-1.0238394050276878,-0.8742578950588236,-0.8213844736265206,0.0,0.0,0.0,0.0,1.0,0.0,1.0,0.0,Rio de Janeiro
-0.8916133708775814,0.5652726312087075,1.5616941054878042,1.0,0.0,0.0,0.0,0.0,0.0,1.0,0.0,Londres
0.8934380901488533,-0.4249335618999576,1.6871192938622424,0.0,0.0,1.0,0.0,0.0,1.0,0.0,0.0,Rome
-1.4866305245530596,0.02362138027747187,-1.5739356038731493,1.0,0.0,0.0,0.0,0.0,0.0,0.0,1.0,Tokyo
0.8273250730738002,0.3021409155574538,0.5582925984922991,0.0,0.0,0.0,0.0,1.0,0.0,1.0,0.0,Barcelone
-0.09825716597694376,-1.0581423396221266,-0.31968372012876795,0.0,0.0,0.0,1.0,0.0,0.0,1.0,0.0,Sydney
-1.4866305245530596,1.660115997792725,-0.1942585317543298,0.0,0.0,1.0,0.0,0.0,0.0,1.0,0.0,Barcelone
0.7612120559987471,-0.7157633528829223,-0.5705340968776442,0.0,1.0,0.0,0.0,0.0,0.0,0.0,1.0,Paris
-0.693274319652422,1.682428336254381,0.056591844994546496,0.0,0.0,0.0,0.0,1.0,0.0,1.0,0.0,Tokyo
0.43064697062348134,0.4044699160884969,0.8091429752411754,0.0,0.0,0.0,1.0,0.0,0.0,1.0,0.0,Rio de Janeiro
-0.16437018305199688,-1.3166577093847618,-1.3230852271242732,0.0,0.0,1.0,0.0,0.0,0.0,0.0,1.0,Tokyo
-0.7593873367274752,-0.9888971512928493,-1.5739356038731493,0.0,0.0,1.0,0.0,0.0,1.0,0.0,0.0,Barcelone
-1.618856558703166,-0.8242474812654567,-0.8213844736265206,0.0,0.0,0.0,0.0,1.0,1.0,0.0,0.0,Londres
1.0256641242989597,-1.3205046642919438,-0.6959592852520824,0.0,1.0,0.0,0.0,0.0,0.0,0.0,1.0,Rome
-1.4205175074780065,-1.5705567332587784,-0.5705340968776442,0.0,0.0,0.0,1.0,0.0,0.0,1.0,0.0,Rio de Janeiro
-1.156065439177794,0.9576620317412787,-0.06883334337989165,1.0,0.0,0.0,0.0,0.0,0.0,0.0,1.0,New York
0.3645339535484282,-1.1804755056705165,1.6871192938622424,1.0,0.0,0.0,0.0,0.0,1.0,0.0,0.0,Paris
-1.0238394050276878,-0.8742578950588236,1.18541854036449,0.0,0.0,1.0,0.0,0.0,0.0,0.0,1.0,Tokyo
1.4884552438243315,0.8884168434120014,-1.197660038749835,0.0,1.0,0.0,0.0,0.0,0.0,1.0,0.0,Le Caire
-1.156065439177794,0.5483460296171064,0.056591844994546496,0.0,0.0,1.0,0.0,0.0,0.0,0.0,1.0,Rome
1.0917771413740127,1.3831352444756158,1.0599933519900517,0.0,1.0,0.0,0.0,0.0,0.0,0.0,1.0,Bali
0.8934380901488533,1.1430852582674547,0.056591844994546496,0.0,0.0,1.0,0.0,0.0,0.0,1.0,0.0,New York
-0.9577263879526345,1.1792466343949661,-0.9468096620009587,0.0,1.0,0.0,0.0,0.0,1.0,0.0,0.0,Bali
0.9595511072239065,-0.8388659099127485,-0.6959592852520824,0.0,0.0,1.0,0.0,0.0,0.0,0.0,1.0,Sydney
-1.618856558703166,-1.4959258080594462,0.9345681636156136,0.0,0.0,0.0,0.0,1.0,1.0,0.0,0.0,Rome
1.2901161925991722,-0.9804338504970487,0.8091429752411754,0.0,0.0,0.0,0.0,1.0,0.0,1.0,0.0,Sydney
-1.4866305245530596,-0.10794447754815496,-0.5705340968776442,0.0,0.0,1.0,0.0,0.0,0.0,0.0,1.0,Bali
-0.4288222513522094,-1.6698081698640759,-1.197660038749835,0.0,0.0,0.0,1.0,0.0,1.0,0.0,0.0,Rome
-1.4866305245530596,1.3269697028307577,-1.3230852271242732,0.0,0.0,0.0,0.0,1.0,0.0,0.0,1.0,Paris
0.6289860218486407,1.6185688847951585,0.6837177868667372,0.0,0.0,0.0,1.0,0.0,0.0,1.0,0.0,Tokyo
-0.8916133708775814,-1.1212324000999125,-1.197660038749835,0.0,0.0,0.0,0.0,1.0,0.0,0.0,1.0,Paris
-1.222178456252847,1.1984814089308764,0.6837177868667372,0.0,1.0,0.0,0.0,0.0,0.0,0.0,1.0,Sydney
-0.9577263879526345,0.08671144075525783,-0.6959592852520824,0.0,0.0,0.0,1.0,0.0,1.0,0.0,0.0,Rio de Janeiro
0.5628730047735876,1.1500097771003823,-0.6959592852520824,0.0,1.0,0.0,0.0,0.0,1.0,0.0,0.0,Sydney
-1.5527435416281128,-1.3812865518254205,-1.6993607922475875,0.0,0.0,1.0,0.0,0.0,1.0,0.0,0.0,Paris
0.23230791939832193,-1.305886235644652,0.8091429752411754,0.0,0.0,0.0,1.0,0.0,0.0,0.0,1.0,Londres
0.3645339535484282,1.47238459832224,-1.3230852271242732,0.0,0.0,0.0,0.0,1.0,0.0,1.0,0.0,Le Caire
0.49675998769853447,-0.0233114695901494,-1.197660038749835,0.0,1.0,0.0,0.0,0.0,1.0,0.0,0.0,Sydney
1.157890158449066,1.5177786662269883,1.18541854036449,0.0,0.0,0.0,1.0,0.0,0.0,1.0,0.0,Tokyo
0.9595511072239065,-0.0394686802003141,-0.06883334337989165,0.0,0.0,1.0,0.0,0.0,0.0,1.0,0.0,Bali
-1.222178456252847,0.2844449229844163,1.0599933519900517,0.0,1.0,0.0,0.0,0.0,0.0,1.0,0.0,Tokyo
0.695099038923694,-1.1781673327262072,-0.06883334337989165,1.0,0.0,0.0,0.0,0.0,1.0,0.0,0.0,New York
-1.4205175074780065,0.9568926407598424,0.6837177868667372,0.0,1.0,0.0,0.0,0.0,0.0,1.0,0.0,Rome
-1.4205175074780065,-0.6796019767554108,-0.9468096620009587,0.0,0.0,1.0,0.0,0.0,1.0,0.0,0.0,Rome
-0.3627092342771563,-0.6472875555350813,1.310843728738928,1.0,0.0,0.0,0.0,0.0,1.0,0.0,0.0,Bali
-0.8916133708775814,1.273881725111645,-0.1942585317543298,1.0,0.0,0.0,0.0,0.0,1.0,0.0,0.0,Bali
-1.4205175074780065,1.286961371796064,-1.5739356038731493,1.0,0.0,0.0,0.0,0.0,1.0,0.0,0.0,Paris
0.10008188524821567,0.0359316359804545,1.0599933519900517,0.0,0.0,0.0,0.0,1.0,0.0,0.0,1.0,Londres
0.033968868173162525,0.6137442630392016,0.18201703336898464,0.0,1.0,0.0,0.0,0.0,0.0,0.0,1.0,Rome
-0.16437018305199688,-1.3535884764937096,0.5582925984922991,0.0,1.0,0.0,0.0,0.0,0.0,1.0,0.0,Rio de Janeiro
-1.0238394050276878,0.7922429707324496,-0.06883334337989165,0.0,0.0,0.0,1.0,0.0,1.0,0.0,0.0,Le Caire
-0.16437018305199688,1.682428336254381,0.8091429752411754,0.0,0.0,0.0,1.0,0.0,1.0,0.0,0.0,Le Caire
1.224003175524119,1.4108333198073268,0.056591844994546496,0.0,1.0,0.0,0.0,0.0,0.0,0.0,1.0,Paris
0.695099038923694,-0.5003338780807263,-0.4451089085032061,0.0,0.0,0.0,1.0,0.0,0.0,1.0,0.0,Le Caire
0.49675998769853447,1.4177578386402545,1.6871192938622424,0.0,1.0,0.0,0.0,0.0,1.0,0.0,0.0,Sydney
-1.2882914733279003,0.7260753463289181,-1.4485104154987114,0.0,0.0,0.0,1.0,0.0,0.0,0.0,1.0,Londres
-1.0238394050276878,-1.5890221168132523,-0.06883334337989165,0.0,0.0,1.0,0.0,0.0,0.0,0.0,1.0,Le Caire
0.6289860218486407,-0.6142037433333155,-1.072234850375397,1.0,0.0,0.0,0.0,0.0,1.0,0.0,0.0,Sydney
0.8273250730738002,-0.6265139990362981,-1.197660038749835,0.0,0.0,1.0,0.0,0.0,1.0,0.0,0.0,Sydney
-0.9577263879526345,1.4362232221947284,1.310843728738928,0.0,0.0,0.0,0.0,1.0,1.0,0.0,0.0,Londres
-1.3544044904029533,-1.7152022377688243,0.3074422217434228,0.0,0.0,1.0,0.0,0.0,0.0,1.0,0.0,New York
-1.0899524221027408,1.6170301028322858,-0.6959592852520824,0.0,0.0,1.0,0.0,0.0,0.0,1.0,0.0,New York
-1.618856558703166,1.3100431012391565,-1.5739356038731493,0.0,1.0,0.0,0.0,0.0,0.0,1.0,0.0,Barcelone
-0.4288222513522094,0.596048270466164,-1.5739356038731493,0.0,0.0,1.0,0.0,0.0,1.0,0.0,0.0,Rome
-0.5610482855023157,0.004386605741561512,1.18541854036449,0.0,0.0,1.0,0.0,0.0,0.0,1.0,0.0,Tokyo
-0.29659621720210316,-1.1943245433363718,1.0599933519900517,0.0,1.0,0.0,0.0,0.0,0.0,1.0,0.0,Rio de Janeiro
-1.0899524221027408,0.09825230547680405,0.43286741011786095,0.0,0.0,0.0,0.0,1.0,0.0,1.0,0.0,Paris
0.3645339535484282,-0.6203588711848068,-1.197660038749835,0.0,0.0,0.0,0.0,1.0,0.0,0.0,1.0,Rio de Janeiro
0.8273250730738002,1.0692237240495588,-1.197660038749835,0.0,0.0,0.0,0.0,1.0,1.0,0.0,0.0,Londres
0.8273250730738002,0.6845282333313517,-1.5739356038731493,0.0,0.0,0.0,1.0,0.0,0.0,0.0,1.0,Bali
0.8273250730738002,0.3283002089262919,-0.4451089085032061,1.0,0.0,0.0,0.0,0.0,0.0,0.0,1.0,Rio de Janeiro
-0.3627092342771563,-0.39954365951255594,0.8091429752411754,0.0,0.0,1.0,0.0,0.0,0.0,0.0,1.0,Bali
0.695099038923694,1.6670405166256528,-0.06883334337989165,0.0,1.0,0.0,0.0,0.0,0.0,0.0,1.0,Bali
-0.4949352684272626,0.8461003394329987,1.0599933519900517,0.0,0.0,1.0,0.0,0.0,1.0,0.0,0.0,Barcelone
-0.23048320012705004,1.0407562577364116,-0.6959592852520824,0.0,0.0,1.0,0.0,0.0,0.0,1.0,0.0,Rio de Janeiro
-0.6271613025773689,0.6191299999092565,-0.8213844736265206,0.0,1.0,0.0,0.0,0.0,0.0,1.0,0.0,Rio de Janeiro
0.3645339535484282,-0.561115765614203,0.8091429752411754,0.0,1.0,0.0,0.0,0.0,1.0,0.0,0.0,Barcelone
-0.4288222513522094,-1.6651918239754573,-0.4451089085032061,0.0,0.0,0.0,0.0,1.0,0.0,1.0,0.0,Le Caire
1.224003175524119,-0.5572688107070208,1.4362689171133662,0.0,0.0,0.0,1.0,0.0,0.0,0.0,1.0,Le Caire
1.157890158449066,0.4475558110489361,1.5616941054878042,0.0,0.0,1.0,0.0,0.0,1.0,0.0,0.0,Londres
-1.5527435416281128,0.9630477686113337,-1.072234850375397,0.0,0.0,0.0,1.0,0.0,0.0,1.0,0.0,Sydney
-1.618856558703166,1.4916193728581502,1.310843728738928,0.0,1.0,0.0,0.0,0.0,0.0,1.0,0.0,Paris
1.0917771413740127,1.5416297866515172,-1.6993607922475875,0.0,0.0,1.0,0.0,0.0,0.0,0.0,1.0,Rome
0.695099038923694,-1.714432846787388,-1.3230852271242732,0.0,0.0,0.0,1.0,0.0,1.0,0.0,0.0,Paris
0.7612120559987471,0.538343946858433,1.5616941054878042,0.0,0.0,0.0,1.0,0.0,0.0,0.0,1.0,Londres
-0.8255003538025283,-1.0881485878981467,0.5582925984922991,0.0,0.0,1.0,0.0,0.0,1.0,0.0,0.0,Paris
-0.23048320012705004,0.5337276009698145,1.18541854036449,0.0,0.0,0.0,0.0,1.0,0.0,0.0,1.0,New York
-1.4205175074780065,-0.4872542313963072,-0.1942585317543298,0.0,0.0,0.0,0.0,1.0,0.0,1.0,0.0,Rome
0.2984209364733751,1.4477640869162747,1.310843728738928,0.0,0.0,1.0,0.0,0.0,1.0,0.0,0.0,Bali
1.0917771413740127,-0.4118539152155386,-0.31968372012876795,1.0,0.0,0.0,0.0,0.0,1.0,0.0,0.0,Bali
-1.0238394050276878,-0.9673542038126297,0.18201703336898464,0.0,0.0,0.0,0.0,1.0,0.0,1.0,0.0,Rome
-1.618856558703166,-1.4774604245049723,-0.06883334337989165,1.0,0.0,0.0,0.0,0.0,0.0,0.0,1.0,Rio de Janeiro
-0.693274319652422,-0.8227086993025838,0.9345681636156136,0.0,0.0,1.0,0.0,0.0,0.0,0.0,1.0,Tokyo
-1.4866305245530596,0.6352872105194212,-0.9468096620009587,1.0,0.0,0.0,0.0,0.0,0.0,0.0,1.0,Londres
-0.3627092342771563,-1.5897915077946887,-1.4485104154987114,1.0,0.0,0.0,0.0,0.0,0.0,1.0,0.0,Rome
-1.5527435416281128,1.6693486895699619,-1.5739356038731493,0.0,1.0,0.0,0.0,0.0,0.0,1.0,0.0,Bali
-1.618856558703166,-0.5118747428022724,-0.9468096620009587,1.0,0.0,0.0,0.0,0.0,0.0,0.0,1.0,Londres
0.9595511072239065,-1.272802423442886,1.18541854036449,0.0,0.0,1.0,0.0,0.0,0.0,0.0,1.0,Tokyo
1.686794295049491,0.6114360900948923,0.18201703336898464,0.0,1.0,0.0,0.0,0.0,0.0,0.0,1.0,Le Caire
1.157890158449066,0.07670935799658445,-1.197660038749835,0.0,0.0,0.0,0.0,1.0,0.0,0.0,1.0,Londres
-0.6271613025773689,0.24289780998684993,-0.31968372012876795,0.0,1.0,0.0,0.0,0.0,0.0,0.0,1.0,Tokyo
-0.6271613025773689,-0.713455179938613,-0.1942585317543298,0.0,1.0,0.0,0.0,0.0,0.0,0.0,1.0,Le Caire
-0.23048320012705004,-1.52516266535403,-0.4451089085032061,0.0,0.0,0.0,1.0,0.0,1.0,0.0,0.0,New York
-1.2882914733279003,0.6883751882385337,0.5582925984922991,0.0,1.0,0.0,0.0,0.0,1.0,0.0,0.0,Le Caire
1.0917771413740127,-0.4118539152155386,0.5582925984922991,0.0,0.0,1.0,0.0,0.0,0.0,1.0,0.0,Londres
0.8934380901488533,-0.0394686802003141,-0.1942585317543298,0.0,0.0,0.0,0.0,1.0,1.0,0.0,0.0,Paris
0.23230791939832193,1.5624033431503004,0.3074422217434228,0.0,0.0,0.0,0.0,1.0,0.0,0.0,1.0,Bali
0.695099038923694,0.32522264500054626,0.3074422217434228,0.0,0.0,0.0,1.0,0.0,0.0,1.0,0.0,Paris
0.9595511072239065,0.5591175033572162,-0.6959592852520824,0.0,0.0,0.0,1.0,0.0,0.0,0.0,1.0,Le Caire
1.2901161925991722,-0.44032138152868594,-1.072234850375397,0.0,0.0,0.0,1.0,0.0,0.0,1.0,0.0,Rome
1.157890158449066,1.6370342683496326,-1.3230852271242732,0.0,0.0,0.0,0.0,1.0,1.0,0.0,0.0,Londres
1.224003175524119,-0.9519663841839013,-1.197660038749835,0.0,1.0,0.0,0.0,0.0,0.0,0.0,1.0,Rio de Janeiro
-0.16437018305199688,1.275420507074518,-0.06883334337989165,0.0,1.0,0.0,0.0,0.0,1.0,0.0,0.0,Sydney
-0.4949352684272626,-1.0227503544760514,-0.4451089085032061,0.0,0.0,0.0,1.0,0.0,0.0,0.0,1.0,Bali
-0.3627092342771563,-0.5211074345795094,0.3074422217434228,0.0,1.0,0.0,0.0,0.0,1.0,0.0,0.0,Paris
-1.222178456252847,-0.5064890059322176,0.6837177868667372,0.0,0.0,0.0,0.0,1.0,0.0,0.0,1.0,Barcelone
-0.032144148901890615,-1.5820975979803247,1.4362689171133662,0.0,0.0,0.0,1.0,0.0,1.0,0.0,0.0,Tokyo
0.9595511072239065,0.09440535056962197,0.43286741011786095,0.0,1.0,0.0,0.0,0.0,0.0,1.0,0.0,Paris
1.686794295049491,-0.6042016605746422,-0.4451089085032061,0.0,0.0,1.0,0.0,0.0,0.0,1.0,0.0,New York
0.8273250730738002,0.6545219850553315,0.18201703336898464,1.0,0.0,0.0,0.0,0.0,0.0,0.0,1.0,Sydney
0.5628730047735876,0.9553538587969695,0.5582925984922991,0.0,0.0,0.0,1.0,0.0,0.0,0.0,1.0,Barcelone
-0.29659621720210316,-0.45186224625023214,0.5582925984922991,0.0,0.0,1.0,0.0,0.0,0.0,1.0,0.0,New York
-1.618856558703166,-1.0089013168101961,0.9345681636156136,1.0,0.0,0.0,0.0,0.0,0.0,1.0,0.0,Rio de Janeiro
1.157890158449066,1.6501139150340516,-1.072234850375397,0.0,0.0,0.0,0.0,1.0,1.0,0.0,0.0,Le Caire
-0.032144148901890615,-0.2833656213156574,1.5616941054878042,0.0,1.0,0.0,0.0,0.0,0.0,1.0,0.0,Sydney
0.8934380901488533,-1.170473422911843,-0.8213844736265206,0.0,0.0,0.0,1.0,0.0,0.0,0.0,1.0,Barcelone
1.5545682608993847,1.0161357463304463,-1.197660038749835,0.0,1.0,0.0,0.0,0.0,1.0,0.0,0.0,Barcelone
0.7612120559987471,-0.2518205910767644,-0.1942585317543298,1.0,0.0,0.0,0.0,0.0,0.0,1.0,0.0,Tokyo
1.2901161925991722,0.7368468200690279,-0.8213844736265206,1.0,0.0,0.0,0.0,0.0,0.0,0.0,1.0,Rome
-1.684969575778219,1.3992924550857806,-1.197660038749835,0.0,0.0,1.0,0.0,0.0,0.0,1.0,0.0,Paris
0.8934380901488533,1.4785397261737312,0.8091429752411754,0.0,1.0,0.0,0.0,0.0,1.0,0.0,0.0,Bali
1.5545682608993847,-1.282035115220123,0.18201703336898464,0.0,1.0,0.0,0.0,0.0,1.0,0.0,0.0,Rome
-1.4205175074780065,0.8137859182126693,-0.5705340968776442,0.0,0.0,0.0,0.0,1.0,1.0,0.0,0.0,Tokyo
1.620681277974438,0.3698473219238583,-0.1942585317543298,0.0,0.0,1.0,0.0,0.0,0.0,1.0,0.0,Barcelone
-0.23048320012705004,0.2352039001724858,0.18201703336898464,0.0,0.0,0.0,0.0,1.0,0.0,1.0,0.0,Rio de Janeiro
0.10008188524821567,-0.8857987597803698,-0.9468096620009587,0.0,0.0,0.0,0.0,1.0,1.0,0.0,0.0,Rio de Janeiro
-1.4205175074780065,-0.7342287364373962,0.9345681636156136,0.0,0.0,1.0,0.0,0.0,1.0,0.0,0.0,Rio de Janeiro
1.224003175524119,1.556248215298809,-0.8213844736265206,1.0,0.0,0.0,0.0,0.0,1.0,0.0,0.0,Tokyo
1.2901161925991722,-0.709608225031431,1.18541854036449,0.0,0.0,0.0,0.0,1.0,0.0,1.0,0.0,Rome
0.033968868173162525,1.1561649049518736,1.18541854036449,1.0,0.0,0.0,0.0,0.0,0.0,0.0,1.0,Bali
1.4884552438243315,-0.3956967046053739,0.6837177868667372,0.0,0.0,1.0,0.0,0.0,0.0,0.0,1.0,Rome
-1.0238394050276878,-1.6790408616413128,-0.4451089085032061,0.0,1.0,0.0,0.0,0.0,0.0,1.0,0.0,New York
1.2901161925991722,0.3729248858496039,0.43286741011786095,0.0,0.0,0.0,0.0,1.0,0.0,0.0,1.0,Le Caire
1.0917771413740127,0.8922637983191836,0.18201703336898464,0.0,0.0,1.0,0.0,0.0,1.0,0.0,0.0,Paris
1.2901161925991722,0.10363804234685894,0.6837177868667372,0.0,0.0,0.0,1.0,0.0,0.0,1.0,0.0,Barcelone
0.5628730047735876,-1.0250585274203607,0.9345681636156136,0.0,0.0,0.0,1.0,0.0,1.0,0.0,0.0,New York
0.23230791939832193,0.34907376542507507,-0.6959592852520824,0.0,0.0,1.0,0.0,0.0,0.0,0.0,1.0,New York
1.686794295049491,-0.525723780468128,-1.3230852271242732,0.0,0.0,0.0,0.0,1.0,1.0,0.0,0.0,New York
-1.222178456252847,0.5968176614476005,1.5616941054878042,1.0,0.0,0.0,0.0,0.0,1.0,0.0,0.0,Tokyo
0.6289860218486407,0.8422533845258167,0.9345681636156136,0.0,0.0,1.0,0.0,0.0,0.0,1.0,0.0,Bali
0.8273250730738002,-0.7403838642888875,-1.197660038749835,0.0,0.0,1.0,0.0,0.0,0.0,1.0,0.0,Sydney
-0.5610482855023157,1.0907666715297784,0.056591844994546496,0.0,0.0,0.0,1.0,0.0,0.0,1.0,0.0,Sydney
1.0256641242989597,-0.036391116274568445,0.6837177868667372,0.0,0.0,0.0,1.0,0.0,1.0,0.0,0.0,Le Caire
1.4223422267492785,1.39082915428998,-0.06883334337989165,0.0,0.0,1.0,0.0,0.0,0.0,1.0,0.0,New York
-0.23048320012705004,0.4614048487147916,-1.072234850375397,0.0,0.0,0.0,0.0,1.0,0.0,1.0,0.0,New York
0.033968868173162525,1.5631727341317367,-0.31968372012876795,0.0,1.0,0.0,0.0,0.0,0.0,0.0,1.0,Sydney
-0.8916133708775814,-1.6690387788826395,-0.8213844736265206,0.0,0.0,0.0,1.0,0.0,0.0,1.0,0.0,Barcelone
-0.8916133708775814,-0.5588075926698937,-0.1942585317543298,0.0,0.0,0.0,1.0,0.0,0.0,0.0,1.0,New York
-0.29659621720210316,0.9822825431472441,0.5582925984922991,0.0,0.0,1.0,0.0,0.0,1.0,0.0,0.0,Tokyo
1.686794295049491,1.0099806184789548,0.3074422217434228,0.0,0.0,0.0,0.0,1.0,0.0,1.0,0.0,Rome
1.0917771413740127,-1.2004796711878631,-0.5705340968776442,1.0,0.0,0.0,0.0,0.0,0.0,0.0,1.0,Rome
1.3562292096742252,-0.7888554961193815,0.6837177868667372,0.0,0.0,0.0,1.0,0.0,1.0,0.0,0.0,New York
0.49675998769853447,1.5139317113198063,-0.31968372012876795,0.0,0.0,0.0,0.0,1.0,0.0,0.0,1.0,Le Caire
-1.5527435416281128,1.2484918227242434,-0.06883334337989165,0.0,0.0,1.0,0.0,0.0,0.0,0.0,1.0,Barcelone
0.8934380901488533,0.17365262165757264,0.5582925984922991,1.0,0.0,0.0,0.0,0.0,0.0,0.0,1.0,Sydney
-0.6271613025773689,-0.7626962027505435,-1.5739356038731493,0.0,0.0,0.0,0.0,1.0,1.0,0.0,0.0,Bali
-1.222178456252847,0.48371718717644757,-1.3230852271242732,0.0,0.0,1.0,0.0,0.0,0.0,0.0,1.0,Tokyo
1.620681277974438,-0.4926399682663621,-1.6993607922475875,0.0,1.0,0.0,0.0,0.0,0.0,1.0,0.0,Londres
1.4884552438243315,0.744540729883392,0.3074422217434228,0.0,1.0,0.0,0.0,0.0,0.0,0.0,1.0,Rio de Janeiro
-1.0238394050276878,-1.744439095063408,0.5582925984922991,0.0,0.0,0.0,0.0,1.0,0.0,0.0,1.0,Rome
0.5628730047735876,-1.288959634053051,0.8091429752411754,0.0,1.0,0.0,0.0,0.0,0.0,0.0,1.0,Le Caire
1.686794295049491,0.049011282664873534,-0.31968372012876795,1.0,0.0,0.0,0.0,0.0,0.0,0.0,1.0,Rio de Janeiro
0.1661949023232688,-0.2241225157450535,-1.072234850375397,1.0,0.0,0.0,0.0,0.0,1.0,0.0,0.0,Barcelone
-1.4205175074780065,1.5093153654311877,0.9345681636156136,0.0,0.0,0.0,0.0,1.0,0.0,1.0,0.0,Rome
0.23230791939832193,-0.8573312934672225,1.6871192938622424,0.0,0.0,0.0,1.0,0.0,0.0,1.0,0.0,Sydney
1.620681277974438,0.6152830450020744,-0.4451089085032061,0.0,0.0,0.0,0.0,1.0,1.0,0.0,0.0,Paris
1.0917771413740127,1.5762523808161557,-0.1942585317543298,0.0,0.0,1.0,0.0,0.0,1.0,0.0,0.0,Le Caire
0.9595511072239065,0.35445950229513,0.9345681636156136,0.0,0.0,1.0,0.0,0.0,1.0,0.0,0.0,Bali
1.224003175524119,-0.20950408709776164,1.310843728738928,0.0,0.0,0.0,0.0,1.0,1.0,0.0,0.0,Barcelone
-1.618856558703166,0.6029727892990918,0.43286741011786095,0.0,0.0,0.0,1.0,0.0,0.0,1.0,0.0,Rome
0.8273250730738002,0.6306708646308027,-0.1942585317543298,0.0,0.0,0.0,0.0,1.0,0.0,0.0,1.0,Bali
-1.4205175074780065,-0.6342079088506624,-1.197660038749835,0.0,0.0,1.0,0.0,0.0,0.0,0.0,1.0,New York
1.4223422267492785,-1.0165952266245601,-0.06883334337989165,0.0,0.0,0.0,1.0,0.0,0.0,1.0,0.0,Rio de Janeiro
0.5628730047735876,-0.7803921953235811,0.43286741011786095,0.0,0.0,0.0,1.0,0.0,0.0,0.0,1.0,Barcelone
0.10008188524821567,1.100768754288452,1.6871192938622424,0.0,0.0,1.0,0.0,0.0,0.0,1.0,0.0,Rio de Janeiro
0.695099038923694,1.3677474248468875,1.18541854036449,1.0,0.0,0.0,0.0,0.0,1.0,0.0,0.0,Tokyo
0.3645339535484282,-0.3579965465149896,-0.5705340968776442,0.0,0.0,0.0,1.0,0.0,0.0,0.0,1.0,Bali
1.3562292096742252,-0.6034322695932057,-0.6959592852520824,1.0,0.0,0.0,0.0,0.0,1.0,0.0,0.0,Paris
1.4223422267492785,1.697046764901673,-0.6959592852520824,0.0,0.0,1.0,0.0,0.0,0.0,1.0,0.0,Sydney
-0.3627092342771563,0.7714694142336666,-1.6993607922475875,1.0,0.0,0.0,0.0,0.0,0.0,0.0,1.0,New York
1.2901161925991722,-0.6303609539434802,-0.5705340968776442,0.0,0.0,1.0,0.0,0.0,1.0,0.0,0.0,Rio de Janeiro
-1.222178456252847,-0.9050335343162801,-1.3230852271242732,0.0,0.0,0.0,0.0,1.0,0.0,0.0,1.0,Le Caire
-1.5527435416281128,1.5162398842641156,0.6837177868667372,0.0,0.0,1.0,0.0,0.0,1.0,0.0,0.0,Bali
1.4223422267492785,0.2998327426131446,1.0599933519900517,0.0,0.0,0.0,0.0,1.0,0.0,1.0,0.0,Le Caire
1.620681277974438,1.6570384338669792,0.43286741011786095,0.0,1.0,0.0,0.0,0.0,1.0,0.0,0.0,Paris
0.23230791939832193,0.16134236595459,1.6871192938622424,0.0,1.0,0.0,0.0,0.0,1.0,0.0,0.0,Tokyo
-1.0899524221027408,0.8814923245790738,0.18201703336898464,0.0,0.0,0.0,1.0,0.0,0.0,0.0,1.0,Sydney
-1.0899524221027408,1.5724054259089737,-0.5705340968776442,0.0,1.0,0.0,0.0,0.0,1.0,0.0,0.0,Londres
0.10008188524821567,-0.4834072764891251,1.18541854036449,1.0,0.0,0.0,0.0,0.0,1.0,0.0,0.0,Paris
0.7612120559987471,-0.2295082526151084,1.6871192938622424,0.0,0.0,0.0,0.0,1.0,1.0,0.0,0.0,Le Caire
-0.693274319652422,-1.2035572351136088,-0.5705340968776442,0.0,0.0,0.0,0.0,1.0,0.0,1.0,0.0,Rome
-0.8916133708775814,1.1784772434135296,1.6871192938622424,1.0,0.0,0.0,0.0,0.0,0.0,0.0,1.0,Rome
1.4884552438243315,0.6860670152942245,0.43286741011786095,0.0,0.0,0.0,1.0,0.0,0.0,0.0,1.0,Sydney
-1.0238394050276878,0.6175912179463836,1.18541854036449,0.0,0.0,0.0,0.0,1.0,0.0,0.0,1.0,Tokyo
-1.0238394050276878,0.5714277590601988,-1.197660038749835,0.0,0.0,0.0,1.0,0.0,0.0,0.0,1.0,Barcelone
0.9595511072239065,-1.659036696123966,1.5616941054878042,0.0,1.0,0.0,0.0,0.0,0.0,1.0,0.0,Rio de Janeiro
1.224003175524119,-0.3110636966473683,1.0599933519900517,0.0,0.0,1.0,0.0,0.0,0.0,0.0,1.0,Londres
1.4884552438243315,-0.5388034271525469,-0.5705340968776442,0.0,0.0,0.0,1.0,0.0,1.0,0.0,0.0,Barcelone
0.9595511072239065,0.5875849696703636,0.43286741011786095,0.0,0.0,1.0,0.0,0.0,1.0,0.0,0.0,Paris
-0.5610482855023157,-1.237410438296811,0.9345681636156136,1.0,0.0,0.0,0.0,0.0,0.0,0.0,1.0,Barcelone
0.10008188524821567,1.476231553229422,-1.6993607922475875,0.0,0.0,0.0,0.0,1.0,0.0,1.0,0.0,Sydney
0.1661949023232688,1.2838838078703183,-0.9468096620009587,0.0,0.0,0.0,1.0,0.0,1.0,0.0,0.0,Tokyo
-0.5610482855023157,-1.1866306335220078,-0.1942585317543298,0.0,0.0,0.0,0.0,1.0,1.0,0.0,0.0,Barcelone
-0.16437018305199688,-1.4243724467858598,0.18201703336898464,1.0,0.0,0.0,0.0,0.0,0.0,1.0,0.0,Sydney
0.5628730047735876,0.9584314227227152,-1.197660038749835,0.0,0.0,1.0,0.0,0.0,1.0,0.0,0.0,Le Caire
-0.8255003538025283,-1.238949220259684,1.18541854036449,0.0,0.0,0.0,0.0,1.0,0.0,1.0,0.0,Rome
-1.4205175074780065,0.4206271266986616,-0.06883334337989165,0.0,0.0,0.0,0.0,1.0,0.0,0.0,1.0,Rio de Janeiro
-0.23048320012705004,-0.6788325857739743,1.4362689171133662,0.0,1.0,0.0,0.0,0.0,0.0,1.0,0.0,Rio de Janeiro
-0.9577263879526345,0.3960066152926964,-1.6993607922475875,0.0,1.0,0.0,0.0,0.0,1.0,0.0,0.0,Rome
0.033968868173162525,-1.7152022377688243,0.9345681636156136,0.0,0.0,1.0,0.0,0.0,0.0,0.0,1.0,Rio de Janeiro
-1.0899524221027408,1.4493028688791474,1.5616941054878042,0.0,0.0,1.0,0.0,0.0,1.0,0.0,0.0,Bali
-0.8255003538025283,-0.5688096754285671,1.4362689171133662,0.0,0.0,1.0,0.0,0.0,0.0,0.0,1.0,Le Caire
1.5545682608993847,-0.7850085412121995,-0.06883334337989165,0.0,1.0,0.0,0.0,0.0,1.0,0.0,0.0,Londres
-0.16437018305199688,0.8084001813426144,-1.5739356038731493,0.0,0.0,0.0,0.0,1.0,0.0,0.0,1.0,Le Caire
0.5628730047735876,-0.014848168794348844,0.3074422217434228,0.0,0.0,1.0,0.0,0.0,0.0,0.0,1.0,Tokyo
-1.618856558703166,-0.6211282621662433,0.6837177868667372,0.0,1.0,0.0,0.0,0.0,0.0,0.0,1.0,Rome
1.3562292096742252,-1.456686868006189,-1.5739356038731493,1.0,0.0,0.0,0.0,0.0,1.0,0.0,0.0,Rio de Janeiro
-1.3544044904029533,1.443147741027656,0.43286741011786095,0.0,0.0,0.0,1.0,0.0,1.0,0.0,0.0,Barcelone
-1.4205175074780065,-1.2535676489069758,1.0599933519900517,0.0,0.0,0.0,1.0,0.0,1.0,0.0,0.0,Rome
1.0256641242989597,-1.7298206664161162,-0.4451089085032061,1.0,0.0,0.0,0.0,0.0,1.0,0.0,0.0,Paris
0.5628730047735876,0.9022658810778569,0.3074422217434228,0.0,0.0,1.0,0.0,0.0,0.0,1.0,0.0,New York
1.0256641242989597,-0.7865473231750724,0.8091429752411754,0.0,0.0,1.0,0.0,0.0,1.0,0.0,0.0,Rio de Janeiro
-0.9577263879526345,-1.235102265352502,1.0599933519900517,0.0,0.0,0.0,1.0,0.0,1.0,0.0,0.0,Sydney
0.10008188524821567,-0.3803088849766456,1.310843728738928,0.0,1.0,0.0,0.0,0.0,1.0,0.0,0.0,Rio de Janeiro
0.2984209364733751,1.3454350863852316,0.3074422217434228,0.0,0.0,1.0,0.0,0.0,0.0,1.0,0.0,Rio de Janeiro
-1.5527435416281128,-0.6118955703890063,1.5616941054878042,1.0,0.0,0.0,0.0,0.0,0.0,0.0,1.0,Sydney
1.4884552438243315,0.28059796807723425,1.18541854036449,1.0,0.0,0.0,0.0,0.0,0.0,1.0,0.0,New York
-0.8916133708775814,1.623185230683777,0.5582925984922991,0.0,0.0,1.0,0.0,0.0,1.0,0.0,0.0,Rio de Janeiro
-1.4866305245530596,0.06055214738641975,0.8091429752411754,0.0,0.0,0.0,0.0,1.0,0.0,0.0,1.0,Sydney
0.2984209364733751,1.4369926131761648,0.3074422217434228,0.0,0.0,0.0,0.0,1.0,0.0,0.0,1.0,Le Caire
0.43064697062348134,-0.9650460308683204,0.5582925984922991,1.0,0.0,0.0,0.0,0.0,1.0,0.0,0.0,Barcelone
0.9595511072239065,-0.9204213539450085,0.5582925984922991,0.0,0.0,1.0,0.0,0.0,0.0,0.0,1.0,Le Caire
-0.9577263879526345,-1.6890429443999861,-0.1942585317543298,0.0,0.0,0.0,0.0,1.0,0.0,0.0,1.0,New York
-0.7593873367274752,-0.8711803311330779,1.6871192938622424,0.0,0.0,0.0,1.0,0.0,1.0,0.0,0.0,Rio de Janeiro
-0.3627092342771563,1.0738400699381774,-1.6993607922475875,0.0,0.0,0.0,1.0,0.0,1.0,0.0,0.0,Paris
0.7612120559987471,-0.8365577369684393,-0.8213844736265206,0.0,0.0,0.0,0.0,1.0,0.0,0.0,1.0,Rome
-1.2882914733279003,0.3698473219238583,-0.6959592852520824,0.0,1.0,0.0,0.0,0.0,1.0,0.0,0.0,Rome
1.157890158449066,0.3498431564065115,0.18201703336898464,1.0,0.0,0.0,0.0,0.0,0.0,1.0,0.0,Paris
1.686794295049491,-0.7280736085859049,1.5616941054878042,0.0,0.0,0.0,0.0,1.0,1.0,0.0,0.0,Barcelone
-0.3627092342771563,-0.7750064584535261,-0.1942585317543298,1.0,0.0,0.0,0.0,0.0,0.0,1.0,0.0,Tokyo
-0.6271613025773689,0.13133611767856987,1.0599933519900517,1.0,0.0,0.0,0.0,0.0,1.0,0.0,0.0,Paris
-1.2882914733279003,0.8284043468599611,0.5582925984922991,0.0,0.0,0.0,0.0,1.0,0.0,1.0,0.0,Paris
0.2984209364733751,0.34214924659214735,1.0599933519900517,0.0,0.0,1.0,0.0,0.0,0.0,0.0,1.0,Bali
-0.7593873367274752,-0.6226670441291161,-0.06883334337989165,0.0,0.0,0.0,1.0,0.0,1.0,0.0,0.0,New York
0.1661949023232688,-1.3312761380320537,1.18541854036449,0.0,0.0,1.0,0.0,0.0,0.0,0.0,1.0,Barcelone
-1.3544044904029533,-0.12794864306550174,0.6837177868667372,1.0,0.0,0.0,0.0,0.0,0.0,1.0,0.0,Paris
-1.5527435416281128,-0.012539995850039601,-1.6993607922475875,0.0,0.0,1.0,0.0,0.0,0.0,0.0,1.0,Tokyo
1.3562292096742252,-0.825016872246893,-0.6959592852520824,0.0,0.0,1.0,0.0,0.0,0.0,1.0,0.0,Rio de Janeiro
-1.0899524221027408,-0.12179351521401043,-1.4485104154987114,0.0,0.0,0.0,1.0,0.0,1.0,0.0,0.0,Rome
-1.618856558703166,1.2307958301512059,-0.5705340968776442,0.0,0.0,0.0,0.0,1.0,1.0,0.0,0.0,Tokyo
-1.5527435416281128,-0.23566338046659974,1.310843728738928,0.0,0.0,1.0,0.0,0.0,0.0,0.0,1.0,Tokyo
-1.4866305245530596,0.8407146025629438,-1.072234850375397,1.0,0.0,0.0,0.0,0.0,0.0,0.0,1.0,New York
-0.29659621720210316,0.38831270547833224,1.5616941054878042,1.0,0.0,0.0,0.0,0.0,0.0,0.0,1.0,Sydney
1.4884552438243315,0.3167593442047457,1.310843728738928,0.0,0.0,0.0,1.0,0.0,0.0,1.0,0.0,Paris
1.0256641242989597,-1.255875821851285,1.310843728738928,0.0,0.0,0.0,0.0,1.0,0.0,0.0,1.0,Barcelone
0.9595511072239065,0.2259712083952488,-1.072234850375397,0.0,0.0,0.0,1.0,0.0,1.0,0.0,0.0,New York
1.0917771413740127,-0.42570295288139404,-0.31968372012876795,1.0,0.0,0.0,0.0,0.0,0.0,0.0,1.0,Paris
0.1661949023232688,0.9799743702029348,0.43286741011786095,0.0,0.0,0.0,1.0,0.0,0.0,0.0,1.0,Sydney
-1.4205175074780065,0.5137234354524678,1.6871192938622424,1.0,0.0,0.0,0.0,0.0,0.0,0.0,1.0,Le Caire
-0.4949352684272626,-0.4118539152155386,1.0599933519900517,0.0,0.0,0.0,1.0,0.0,0.0,0.0,1.0,Le Caire
-0.5610482855023157,-0.3287596892204059,0.9345681636156136,0.0,0.0,1.0,0.0,0.0,0.0,1.0,0.0,Le Caire
-1.3544044904029533,0.8676432869132182,-1.6993607922475875,0.0,0.0,0.0,1.0,0.0,0.0,0.0,1.0,New York
0.6289860218486407,-0.6642141571266824,1.6871192938622424,0.0,1.0,0.0,0.0,0.0,1.0,0.0,0.0,Rome
0.8273250730738002,-1.5405504849827583,-0.8213844736265206,0.0,0.0,0.0,0.0,1.0,0.0,1.0,0.0,Tokyo
0.23230791939832193,-0.9319622186665546,-0.6959592852520824,0.0,0.0,0.0,0.0,1.0,0.0,1.0,0.0,Tokyo
-0.4949352684272626,-1.6667306059383302,-0.06883334337989165,1.0,0.0,0.0,0.0,0.0,0.0,0.0,1.0,Londres
-0.8916133708775814,0.636825992482294,-0.1942585317543298,0.0,0.0,1.0,0.0,0.0,0.0,0.0,1.0,New York
-0.8255003538025283,-1.363590559252383,0.43286741011786095,1.0,0.0,0.0,0.0,0.0,0.0,0.0,1.0,Tokyo
-0.29659621720210316,-0.29413709505576724,0.6837177868667372,0.0,1.0,0.0,0.0,0.0,1.0,0.0,0.0,Tokyo
-1.618856558703166,-1.4997727629666284,0.43286741011786095,0.0,0.0,1.0,0.0,0.0,1.0,0.0,0.0,Rome
-1.2882914733279003,-1.2227920096495193,1.5616941054878042,0.0,1.0,0.0,0.0,0.0,0.0,1.0,0.0,Tokyo
-0.23048320012705004,-0.07486066534638916,-1.072234850375397,0.0,0.0,1.0,0.0,0.0,0.0,1.0,0.0,Sydney
0.5628730047735876,1.3215839659607027,-0.4451089085032061,0.0,1.0,0.0,0.0,0.0,1.0,0.0,0.0,Paris
-0.032144148901890615,1.510084756412624,-0.1942585317543298,0.0,0.0,0.0,0.0,1.0,1.0,0.0,0.0,Paris
-0.7593873367274752,0.3221450810748006,1.4362689171133662,0.0,1.0,0.0,0.0,0.0,0.0,0.0,1.0,Sydney
-0.23048320012705004,1.0045948816089,1.0599933519900517,0.0,0.0,1.0,0.0,0.0,1.0,0.0,0.0,Tokyo
-1.0238394050276878,0.4575578938076095,0.6837177868667372,0.0,0.0,1.0,0.0,0.0,0.0,1.0,0.0,Bali
0.3645339535484282,1.2207937473925323,-1.197660038749835,0.0,0.0,0.0,0.0,1.0,0.0,1.0,0.0,Rio de Janeiro
-0.4949352684272626,-1.3389700478464177,1.4362689171133662,0.0,0.0,1.0,0.0,0.0,1.0,0.0,0.0,Barcelone
1.0256641242989597,-0.646518164553645,-0.1942585317543298,0.0,1.0,0.0,0.0,0.0,1.0,0.0,0.0,Barcelone
0.1661949023232688,-1.2866514611087416,-1.072234850375397,0.0,0.0,1.0,0.0,0.0,0.0,0.0,1.0,Le Caire
1.224003175524119,1.2154080105224776,-1.3230852271242732,0.0,0.0,0.0,0.0,1.0,0.0,1.0,0.0,Rio de Janeiro
0.8273250730738002,0.85225546728449,-0.5705340968776442,0.0,0.0,0.0,1.0,0.0,0.0,1.0,0.0,Bali
-0.29659621720210316,0.46525180362197366,0.18201703336898464,1.0,0.0,0.0,0.0,0.0,0.0,1.0,0.0,Paris
0.23230791939832193,1.2692653792230266,0.18201703336898464,0.0,0.0,0.0,0.0,1.0,0.0,0.0,1.0,New York
1.620681277974438,0.7437713389019556,0.6837177868667372,1.0,0.0,0.0,0.0,0.0,1.0,0.0,0.0,Rome
0.2984209364733751,-0.941964301425228,-0.5705340968776442,0.0,1.0,0.0,0.0,0.0,0.0,1.0,0.0,Le Caire
-1.5527435416281128,1.3954455001785984,0.056591844994546496,0.0,0.0,1.0,0.0,0.0,0.0,0.0,1.0,Londres
-0.3627092342771563,-1.4536093040804434,-0.1942585317543298,0.0,1.0,0.0,0.0,0.0,1.0,0.0,0.0,Tokyo
-0.8255003538025283,-0.9327316096479911,-0.6959592852520824,1.0,0.0,0.0,0.0,0.0,0.0,1.0,0.0,Rome
-0.09825716597694376,0.05362762855349202,-1.3230852271242732,0.0,0.0,0.0,0.0,1.0,1.0,0.0,0.0,Londres
-0.4288222513522094,0.839175820600071,-0.5705340968776442,0.0,0.0,0.0,1.0,0.0,1.0,0.0,0.0,Londres
1.2901161925991722,-0.6757550218482287,-0.5705340968776442,0.0,0.0,1.0,0.0,0.0,1.0,0.0,0.0,Barcelone
-1.3544044904029533,-1.4828461613750272,-0.4451089085032061,0.0,0.0,1.0,0.0,0.0,1.0,0.0,0.0,Sydney
0.43064697062348134,-0.32491273431322376,0.9345681636156136,0.0,0.0,1.0,0.0,0.0,0.0,0.0,1.0,Sydney
1.2901161925991722,-0.6257446080548618,0.056591844994546496,0.0,1.0,0.0,0.0,0.0,0.0,1.0,0.0,Barcelone
1.224003175524119,0.22674059937668523,-0.4451089085032061,0.0,0.0,0.0,1.0,0.0,0.0,1.0,0.0,Rio de Janeiro
1.2901161925991722,-0.0233114695901494,-0.1942585317543298,1.0,0.0,0.0,0.0,0.0,0.0,0.0,1.0,Londres
1.686794295049491,-1.4166785369714956,0.056591844994546496,0.0,0.0,0.0,0.0,1.0,1.0,0.0,0.0,Rio de Janeiro
0.9595511072239065,0.7437713389019556,0.43286741011786095,0.0,1.0,0.0,0.0,0.0,0.0,1.0,0.0,Paris
-0.5610482855023157,0.29752456966883534,-1.4485104154987114,0.0,1.0,0.0,0.0,0.0,0.0,0.0,1.0,Sydney
-0.8916133708775814,-0.7396144733074511,0.3074422217434228,0.0,0.0,1.0,0.0,0.0,0.0,1.0,0.0,Sydney
-1.2882914733279003,-1.744439095063408,0.5582925984922991,0.0,0.0,0.0,0.0,1.0,0.0,0.0,1.0,Paris
0.10008188524821567,1.3562065601253412,0.056591844994546496,1.0,0.0,0.0,0.0,0.0,0.0,1.0,0.0,Rome
-0.6271613025773689,-0.12487107913975608,0.3074422217434228,0.0,1.0,0.0,0.0,0.0,1.0,0.0,0.0,Le Caire
-1.3544044904029533,0.3259920359819827,-0.5705340968776442,0.0,1.0,0.0,0.0,0.0,0.0,1.0,0.0,Barcelone
1.5545682608993847,1.5993341102592482,-0.9468096620009587,1.0,0.0,0.0,0.0,0.0,0.0,0.0,1.0,Sydney
-0.16437018305199688,0.17442201263900906,0.6837177868667372,1.0,0.0,0.0,0.0,0.0,1.0,0.0,0.0,Barcelone
1.224003175524119,-0.03485233431169561,0.9345681636156136,0.0,0.0,0.0,1.0,0.0,0.0,0.0,1.0,Barcelone
-0.5610482855023157,-0.06178101866197011,-0.06883334337989165,0.0,1.0,0.0,0.0,0.0,0.0,1.0,0.0,Rome
-0.4949352684272626,0.6537525940738951,0.8091429752411754,1.0,0.0,0.0,0.0,0.0,1.0,0.0,0.0,Rome
-1.4205175074780065,0.731461083198973,-0.06883334337989165,0.0,0.0,0.0,0.0,1.0,0.0,1.0,0.0,Rome
1.5545682608993847,-0.7557716839176157,-0.4451089085032061,0.0,0.0,0.0,1.0,0.0,0.0,0.0,1.0,Sydney
-0.4949352684272626,-1.6736551247712579,1.18541854036449,0.0,1.0,0.0,0.0,0.0,0.0,0.0,1.0,Le Caire
1.2901161925991722,1.7093570206046556,1.310843728738928,0.0,0.0,1.0,0.0,0.0,0.0,1.0,0.0,Tokyo
1.0256641242989597,-0.4549398101759778,-0.6959592852520824,0.0,1.0,0.0,0.0,0.0,0.0,0.0,1.0,New York
1.4884552438243315,0.0359316359804545,1.4362689171133662,0.0,0.0,0.0,0.0,1.0,1.0,0.0,0.0,Sydney
-0.4288222513522094,-0.06178101866197011,0.6837177868667372,1.0,0.0,0.0,0.0,0.0,0.0,1.0,0.0,Rome
-0.032144148901890615,0.1013298694025497,0.5582925984922991,0.0,0.0,0.0,1.0,0.0,0.0,0.0,1.0,Barcelone
1.0917771413740127,-0.7373063003631418,-1.197660038749835,1.0,0.0,0.0,0.0,0.0,0.0,1.0,0.0,New York
-0.5610482855023157,-0.8557925115043497,-1.197660038749835,0.0,0.0,0.0,0.0,1.0,0.0,0.0,1.0,Le Caire
-1.2882914733279003,-1.4782298154864086,0.43286741011786095,1.0,0.0,0.0,0.0,0.0,0.0,1.0,0.0,Bali
0.7612120559987471,1.216177401503914,-1.6993607922475875,0.0,0.0,1.0,0.0,0.0,0.0,1.0,0.0,Tokyo
-0.23048320012705004,0.5814298418188721,-1.072234850375397,0.0,0.0,0.0,0.0,1.0,1.0,0.0,0.0,Londres
0.695099038923694,0.41216382590286105,1.6871192938622424,0.0,0.0,1.0,0.0,0.0,0.0,1.0,0.0,Sydney
1.620681277974438,1.0876891076040327,-0.9468096620009587,0.0,0.0,1.0,0.0,0.0,0.0,0.0,1.0,Barcelone
0.033968868173162525,-1.155854994264551,-0.6959592852520824,0.0,1.0,0.0,0.0,0.0,1.0,0.0,0.0,New York
-1.618856558703166,1.6647323436813435,-1.4485104154987114,0.0,0.0,1.0,0.0,0.0,1.0,0.0,0.0,Rome
-0.09825716597694376,1.1930956720608215,0.18201703336898464,0.0,0.0,0.0,0.0,1.0,1.0,0.0,0.0,Barcelone
1.224003175524119,-0.20488774120914316,0.9345681636156136,1.0,0.0,0.0,0.0,0.0,0.0,1.0,0.0,Londres
0.43064697062348134,0.9722804603885706,-0.5705340968776442,0.0,0.0,0.0,1.0,0.0,0.0,0.0,1.0,Barcelone
0.3645339535484282,-0.524184998505255,0.43286741011786095,0.0,0.0,0.0,1.0,0.0,1.0,0.0,0.0,Bali
-1.4866305245530596,-0.6134343523518792,1.310843728738928,0.0,0.0,0.0,1.0,0.0,1.0,0.0,0.0,Sydney
-1.0238394050276878,0.1274891627713878,-1.6993607922475875,0.0,0.0,0.0,1.0,0.0,1.0,0.0,0.0,Sydney
0.695099038923694,0.1382606365114976,-0.9468096620009587,1.0,0.0,0.0,0.0,0.0,0.0,0.0,1.0,Tokyo
-1.618856558703166,-1.2581839947955942,0.43286741011786095,0.0,0.0,0.0,1.0,0.0,0.0,0.0,1.0,Paris
-1.3544044904029533,1.6939692009759273,-1.072234850375397,0.0,1.0,0.0,0.0,0.0,0.0,0.0,1.0,Rome
-1.0899524221027408,-1.4212948828601142,1.310843728738928,0.0,1.0,0.0,0.0,0.0,0.0,1.0,0.0,Le Caire
0.033968868173162525,0.09286656860674915,0.18201703336898464,0.0,1.0,0.0,0.0,0.0,1.0,0.0,0.0,Le Caire
0.3645339535484282,-1.472844078616354,1.0599933519900517,0.0,0.0,1.0,0.0,0.0,1.0,0.0,0.0,Rome
-0.5610482855023157,0.017466252425980554,0.6837177868667372,0.0,0.0,1.0,0.0,0.0,0.0,0.0,1.0,Rio de Janeiro
0.695099038923694,-1.4451460032846428,-1.4485104154987114,0.0,0.0,1.0,0.0,0.0,1.0,0.0,0.0,Paris
-1.222178456252847,-0.9935134971814678,-1.4485104154987114,1.0,0.0,0.0,0.0,0.0,1.0,0.0,0.0,Londres
-1.618856558703166,-0.6849877136254656,0.8091429752411754,0.0,0.0,0.0,0.0,1.0,1.0,0.0,0.0,Barcelone
-0.6271613025773689,-1.272802423442886,-0.8213844736265206,1.0,0.0,0.0,0.0,0.0,1.0,0.0,0.0,Le Caire
-0.8916133708775814,1.466998861452185,-1.5739356038731493,0.0,0.0,1.0,0.0,0.0,0.0,1.0,0.0,Londres
0.10008188524821567,-0.11717716932539193,0.18201703336898464,0.0,0.0,0.0,1.0,0.0,0.0,1.0,0.0,Tokyo
-1.5527435416281128,1.1107708370471252,-0.06883334337989165,1.0,0.0,0.0,0.0,0.0,1.0,0.0,0.0,Londres
0.6289860218486407,-1.6028711544791079,-0.1942585317543298,0.0,0.0,0.0,1.0,0.0,1.0,0.0,0.0,Sydney
0.49675998769853447,-0.789624887100818,0.8091429752411754,0.0,0.0,0.0,1.0,0.0,1.0,0.0,0.0,Barcelone
0.033968868173162525,-0.825016872246893,-0.31968372012876795,0.0,0.0,1.0,0.0,0.0,0.0,0.0,1.0,Rio de Janeiro
1.2901161925991722,1.336971785589431,1.0599933519900517,1.0,0.0,0.0,0.0,0.0,0.0,0.0,1.0,Tokyo
-0.8255003538025283,-0.9004171884276616,-1.6993607922475875,0.0,1.0,0.0,0.0,0.0,0.0,1.0,0.0,Tokyo
-0.7593873367274752,1.4585355606563843,-0.06883334337989165,1.0,0.0,0.0,0.0,0.0,0.0,0.0,1.0,Tokyo
0.695099038923694,-1.1489304754316234,-0.31968372012876795,1.0,0.0,0.0,0.0,0.0,0.0,1.0,0.0,Paris
0.695099038923694,-0.5903526229087867,-0.8213844736265206,1.0,0.0,0.0,0.0,0.0,0.0,1.0,0.0,Le Caire
-1.0899524221027408,-1.395135589491276,-1.3230852271242732,0.0,0.0,0.0,1.0,0.0,0.0,0.0,1.0,Sydney
-0.4288222513522094,-0.9912053242371586,-0.8213844736265206,1.0,0.0,0.0,0.0,0.0,1.0,0.0,0.0,Rome
0.695099038923694,0.8768759786904553,-0.8213844736265206,0.0,0.0,0.0,0.0,1.0,1.0,0.0,0.0,New York
-1.3544044904029533,-0.878874240947442,0.056591844994546496,1.0,0.0,0.0,0.0,0.0,0.0,0.0,1.0,New York
1.620681277974438,0.7876266248438312,1.5616941054878042,0.0,0.0,0.0,0.0,1.0,0.0,1.0,0.0,Tokyo
-0.8916133708775814,1.1600118598590556,-0.06883334337989165,0.0,0.0,1.0,0.0,0.0,0.0,1.0,0.0,Sydney
-0.7593873367274752,-1.3605129953266373,-1.3230852271242732,0.0,0.0,0.0,1.0,0.0,0.0,0.0,1.0,Rio de Janeiro
-1.222178456252847,0.33599411874065604,0.3074422217434228,1.0,0.0,0.0,0.0,0.0,0.0,1.0,0.0,Sydney
-0.8255003538025283,0.17596079460188188,1.310843728738928,0.0,0.0,0.0,1.0,0.0,0.0,1.0,0.0,Tokyo
1.3562292096742252,1.04537260362503,1.18541854036449,0.0,0.0,0.0,0.0,1.0,1.0,0.0,0.0,Londres
0.695099038923694,1.2808062439445727,1.5616941054878042,0.0,0.0,0.0,0.0,1.0,0.0,1.0,0.0,Londres
-1.618856558703166,0.6614465038882593,0.3074422217434228,0.0,0.0,1.0,0.0,0.0,1.0,0.0,0.0,Barcelone
-1.4205175074780065,1.5200868391712976,-1.072234850375397,0.0,0.0,0.0,0.0,1.0,0.0,1.0,0.0,Barcelone
1.4884552438243315,-0.6888346685326477,1.4362689171133662,0.0,0.0,0.0,1.0,0.0,0.0,1.0,0.0,Paris
-1.4205175074780065,-1.1812448966519529,-0.8213844736265206,1.0,0.0,0.0,0.0,0.0,1.0,0.0,0.0,Paris
-1.3544044904029533,0.3167593442047457,-1.197660038749835,0.0,0.0,1.0,0.0,0.0,0.0,1.0,0.0,Tokyo
-0.4949352684272626,0.3706167129052947,1.18541854036449,0.0,1.0,0.0,0.0,0.0,0.0,0.0,1.0,Le Caire
-1.4866305245530596,-0.2764411024827297,0.3074422217434228,0.0,1.0,0.0,0.0,0.0,1.0,0.0,0.0,Bali
-0.3627092342771563,-0.14410585367566645,0.056591844994546496,0.0,0.0,0.0,1.0,0.0,1.0,0.0,0.0,Londres
-0.6271613025773689,-1.229716528482447,-1.5739356038731493,0.0,1.0,0.0,0.0,0.0,0.0,0.0,1.0,Le Caire
-0.3627092342771563,0.30521847948319947,0.43286741011786095,0.0,0.0,1.0,0.0,0.0,0.0,0.0,1.0,Le Caire
0.9595511072239065,-0.5941995778159688,0.056591844994546496,0.0,0.0,1.0,0.0,0.0,1.0,0.0,0.0,Rio de Janeiro
-1.156065439177794,1.7093570206046556,-1.197660038749835,1.0,0.0,0.0,0.0,0.0,0.0,0.0,1.0,Rio de Janeiro
-0.6271613025773689,1.3362023946079946,0.6837177868667372,1.0,0.0,0.0,0.0,0.0,0.0,0.0,1.0,Tokyo
0.1661949023232688,1.3939067182157256,-1.5739356038731493,0.0,1.0,0.0,0.0,0.0,0.0,0.0,1.0,Barcelone
0.6289860218486407,-0.6126649613704427,-0.6959592852520824,0.0,0.0,1.0,0.0,0.0,0.0,0.0,1.0,New York
-0.032144148901890615,0.5344969919512509,0.6837177868667372,0.0,0.0,0.0,1.0,0.0,1.0,0.0,0.0,New York
-0.09825716597694376,-0.9311928276851182,-1.4485104154987114,1.0,0.0,0.0,0.0,0.0,0.0,1.0,0.0,Londres
0.3645339535484282,0.07286240308940238,-0.6959592852520824,1.0,0.0,0.0,0.0,0.0,0.0,0.0,1.0,Rome
-0.4949352684272626,0.21212217072939335,0.9345681636156136,0.0,0.0,1.0,0.0,0.0,1.0,0.0,0.0,New York
1.224003175524119,-1.2397186112411203,0.18201703336898464,1.0,0.0,0.0,0.0,0.0,0.0,1.0,0.0,Barcelone
1.0256641242989597,-1.17970611468908,1.18541854036449,0.0,0.0,0.0,0.0,1.0,0.0,1.0,0.0,Sydney
1.686794295049491,0.35445950229513,-0.06883334337989165,0.0,0.0,1.0,0.0,0.0,0.0,0.0,1.0,New York
-0.3627092342771563,1.130775002564472,-1.072234850375397,0.0,0.0,0.0,1.0,0.0,1.0,0.0,0.0,Sydney
0.8273250730738002,-1.4320663566002239,-1.3230852271242732,0.0,0.0,1.0,0.0,0.0,0.0,1.0,0.0,Paris
-0.3627092342771563,-0.390310967735319,-0.4451089085032061,0.0,0.0,0.0,0.0,1.0,0.0,0.0,1.0,Londres
-1.4866305245530596,1.524703185059916,0.8091429752411754,0.0,0.0,1.0,0.0,0.0,1.0,0.0,0.0,Rome
0.8934380901488533,-0.8334801730426936,1.4362689171133662,0.0,1.0,0.0,0.0,0.0,0.0,1.0,0.0,Le Caire
1.2901161925991722,-0.9688929857755025,0.18201703336898464,1.0,0.0,0.0,0.0,0.0,0.0,1.0,0.0,Paris
1.0917771413740127,1.0553746863837035,-1.6993607922475875,1.0,0.0,0.0,0.0,0.0,0.0,1.0,0.0,Le Caire
0.8273250730738002,-0.893492669594734,-1.6993607922475875,0.0,0.0,0.0,0.0,1.0,0.0,0.0,1.0,Sydney
1.157890158449066,-1.52516266535403,-0.9468096620009587,0.0,0.0,1.0,0.0,0.0,0.0,1.0,0.0,Rio de Janeiro
-0.4288222513522094,1.6878140731244358,-0.5705340968776442,0.0,0.0,0.0,0.0,1.0,0.0,1.0,0.0,Londres
-0.7593873367274752,1.2546469505757347,-0.06883334337989165,1.0,0.0,0.0,0.0,0.0,0.0,1.0,0.0,Rome
-0.29659621720210316,0.8384064296186345,0.056591844994546496,0.0,0.0,0.0,1.0,0.0,0.0,0.0,1.0,New York
1.0917771413740127,1.0015173176831544,-1.072234850375397,1.0,0.0,0.0,0.0,0.0,0.0,1.0,0.0,Rio de Janeiro
-1.0238394050276878,-1.0542953847149446,0.6837177868667372,0.0,0.0,1.0,0.0,0.0,0.0,1.0,0.0,Paris
-1.0238394050276878,1.3654392519025782,-0.8213844736265206,0.0,0.0,1.0,0.0,0.0,1.0,0.0,0.0,Sydney
-1.5527435416281128,1.1738608975249112,0.18201703336898464,0.0,0.0,0.0,1.0,0.0,1.0,0.0,0.0,Rio de Janeiro
1.2901161925991722,-1.7082777189358966,-1.072234850375397,1.0,0.0,0.0,0.0,0.0,0.0,0.0,1.0,Barcelone
-0.8916133708775814,0.9261170015023857,-1.3230852271242732,0.0,0.0,0.0,0.0,1.0,1.0,0.0,0.0,Le Caire
-1.0899524221027408,-0.9581215120353928,0.3074422217434228,0.0,0.0,1.0,0.0,0.0,0.0,1.0,0.0,Londres
-0.16437018305199688,1.2815756349260092,0.18201703336898464,0.0,1.0,0.0,0.0,0.0,1.0,0.0,0.0,New York
-1.5527435416281128,0.2405896370425407,0.8091429752411754,1.0,0.0,0.0,0.0,0.0,1.0,0.0,0.0,Rome
-0.4949352684272626,1.1723221155620382,1.6871192938622424,0.0,0.0,1.0,0.0,0.0,1.0,0.0,0.0,Sydney
1.0917771413740127,0.18288531343480963,0.8091429752411754,0.0,0.0,0.0,0.0,1.0,1.0,0.0,0.0,Barcelone
-1.0238394050276878,0.15595662908453511,0.9345681636156136,1.0,0.0,0.0,0.0,0.0,1.0,0.0,0.0,Sydney
-1.5527435416281128,1.3577453420882142,-0.1942585317543298,0.0,1.0,0.0,0.0,0.0,0.0,1.0,0.0,Rome
0.8273250730738002,-1.4405296573960245,-0.1942585317543298,0.0,1.0,0.0,0.0,0.0,0.0,1.0,0.0,Bali
1.4884552438243315,-1.4836155523564636,-0.9468096620009587,0.0,0.0,1.0,0.0,0.0,0.0,1.0,0.0,Le Caire
-0.23048320012705004,1.1769384614506568,-0.06883334337989165,0.0,0.0,0.0,0.0,1.0,0.0,1.0,0.0,Londres
-1.5527435416281128,-0.555730028744148,-0.5705340968776442,0.0,1.0,0.0,0.0,0.0,0.0,0.0,1.0,Barcelone
-0.23048320012705004,1.517009275245552,0.3074422217434228,0.0,1.0,0.0,0.0,0.0,0.0,1.0,0.0,Paris
0.1661949023232688,-0.7373063003631418,-0.6959592852520824,0.0,0.0,0.0,0.0,1.0,0.0,0.0,1.0,Rome
0.7612120559987471,-0.1694957560630681,1.0599933519900517,0.0,0.0,0.0,1.0,0.0,1.0,0.0,0.0,Barcelone
-0.3627092342771563,-0.08870970301224461,0.8091429752411754,0.0,0.0,0.0,0.0,1.0,0.0,1.0,0.0,Tokyo
-1.222178456252847,-1.021980963494615,-1.5739356038731493,0.0,0.0,1.0,0.0,0.0,0.0,1.0,0.0,Tokyo
1.4884552438243315,-1.659036696123966,-0.31968372012876795,1.0,0.0,0.0,0.0,0.0,1.0,0.0,0.0,Le Caire
-0.09825716597694376,1.0884584985854693,1.18541854036449,0.0,0.0,1.0,0.0,0.0,0.0,0.0,1.0,Londres
1.2901161925991722,-1.058911730603563,1.6871192938622424,0.0,0.0,0.0,1.0,0.0,0.0,1.0,0.0,Tokyo
-0.4949352684272626,-0.7057612701242488,0.43286741011786095,0.0,0.0,1.0,0.0,0.0,0.0,1.0,0.0,Barcelone
1.4884552438243315,0.9068822269664755,-0.1942585317543298,1.0,0.0,0.0,0.0,0.0,0.0,0.0,1.0,Le Caire
-1.684969575778219,-0.7942412329894365,1.4362689171133662,1.0,0.0,0.0,0.0,0.0,0.0,0.0,1.0,Rome
-0.29659621720210316,-1.2381798292782475,-1.072234850375397,1.0,0.0,0.0,0.0,0.0,0.0,1.0,0.0,Londres
-0.29659621720210316,0.08055631290376652,-0.06883334337989165,1.0,0.0,0.0,0.0,0.0,0.0,1.0,0.0,New York
1.0917771413740127,-1.5467056128342496,-1.4485104154987114,0.0,0.0,0.0,0.0,1.0,0.0,1.0,0.0,Rome
0.9595511072239065,1.028446002033429,-1.6993607922475875,0.0,0.0,0.0,0.0,1.0,0.0,0.0,1.0,Tokyo
1.5545682608993847,1.2400285219284428,1.310843728738928,0.0,0.0,0.0,1.0,0.0,0.0,0.0,1.0,Rio de Janeiro
0.23230791939832193,0.39985357019987844,-0.9468096620009587,0.0,0.0,0.0,1.0,0.0,0.0,1.0,0.0,Barcelone
0.3645339535484282,-1.1058445804711843,0.43286741011786095,0.0,0.0,0.0,0.0,1.0,0.0,1.0,0.0,Sydney
-0.3627092342771563,1.008441836516082,-1.3230852271242732,0.0,0.0,1.0,0.0,0.0,0.0,1.0,0.0,Tokyo
-0.032144148901890615,-1.6967368542143504,-0.9468096620009587,1.0,0.0,0.0,0.0,0.0,0.0,0.0,1.0,Sydney
-1.0899524221027408,1.2915777176846825,-0.31968372012876795,0.0,0.0,0.0,0.0,1.0,0.0,0.0,1.0,New York
-1.0899524221027408,0.43216799142020784,1.310843728738928,0.0,0.0,1.0,0.0,0.0,1.0,0.0,0.0,Rio de Janeiro
-0.16437018305199688,0.9415048211311141,1.4362689171133662,0.0,0.0,0.0,1.0,0.0,1.0,0.0,0.0,Rio de Janeiro
1.157890158449066,-1.2804963332572503,-0.4451089085032061,1.0,0.0,0.0,0.0,0.0,0.0,1.0,0.0,Barcelone
1.0917771413740127,0.789165406806704,0.43286741011786095,0.0,0.0,0.0,0.0,1.0,1.0,0.0,0.0,Tokyo
0.8273250730738002,-0.9673542038126297,-1.197660038749835,0.0,0.0,0.0,1.0,0.0,1.0,0.0,0.0,Sydney
0.23230791939832193,-0.36492106534791735,-0.4451089085032061,1.0,0.0,0.0,0.0,0.0,0.0,1.0,0.0,New York
1.0917771413740127,0.3213756900933642,0.8091429752411754,1.0,0.0,0.0,0.0,0.0,1.0,0.0,0.0,Londres
-0.7593873367274752,-0.8757966770216964,-0.5705340968776442,0.0,0.0,1.0,0.0,0.0,0.0,1.0,0.0,Londres
0.2984209364733751,-1.116616054211294,-1.3230852271242732,0.0,0.0,0.0,1.0,0.0,1.0,0.0,0.0,Le Caire
1.2901161925991722,1.5008520646353871,1.0599933519900517,1.0,0.0,0.0,0.0,0.0,1.0,0.0,0.0,Rome
1.5545682608993847,-0.12871803404693816,1.6871192938622424,0.0,0.0,1.0,0.0,0.0,0.0,1.0,0.0,Paris
0.9595511072239065,1.6762732084028897,-1.197660038749835,0.0,0.0,0.0,1.0,0.0,0.0,1.0,0.0,Bali
-1.3544044904029533,1.1592424688776193,-0.4451089085032061,0.0,0.0,0.0,1.0,0.0,1.0,0.0,0.0,Rio de Janeiro
-1.618856558703166,0.38985148744120507,-0.9468096620009587,0.0,1.0,0.0,0.0,0.0,1.0,0.0,0.0,Rome
-0.16437018305199688,0.6968384890343343,-1.197660038749835,0.0,0.0,1.0,0.0,0.0,0.0,1.0,0.0,Bali
-0.693274319652422,1.6655017346627798,0.3074422217434228,0.0,0.0,0.0,0.0,1.0,1.0,0.0,0.0,Bali
1.620681277974438,0.16980566675039058,0.18201703336898464,0.0,1.0,0.0,0.0,0.0,0.0,1.0,0.0,Paris
-1.5527435416281128,-0.011770604868603188,-0.6959592852520824,0.0,0.0,0.0,0.0,1.0,0.0,1.0,0.0,Le Caire
-0.8916133708775814,0.5060295256381036,-0.8213844736265206,0.0,0.0,0.0,0.0,1.0,0.0,1.0,0.0,Rio de Janeiro
-0.4288222513522094,-0.5665015024842579,1.18541854036449,0.0,1.0,0.0,0.0,0.0,0.0,0.0,1.0,Londres
0.695099038923694,1.4285293123803642,-0.8213844736265206,1.0,0.0,0.0,0.0,0.0,0.0,1.0,0.0,Paris
-0.3627092342771563,-0.004846086035675459,1.0599933519900517,0.0,1.0,0.0,0.0,0.0,1.0,0.0,0.0,Rio de Janeiro
-0.4949352684272626,1.3254309208678847,-1.4485104154987114,1.0,0.0,0.0,0.0,0.0,0.0,0.0,1.0,Rome
1.0256641242989597,0.5937400975218549,0.18201703336898464,0.0,1.0,0.0,0.0,0.0,0.0,1.0,0.0,New York
-1.5527435416281128,-0.9873583693299764,0.8091429752411754,0.0,0.0,1.0,0.0,0.0,0.0,0.0,1.0,Rome
0.43064697062348134,0.322914472056237,0.8091429752411754,0.0,0.0,1.0,0.0,0.0,0.0,0.0,1.0,Le Caire
1.3562292096742252,1.5354746588000259,-0.5705340968776442,1.0,0.0,0.0,0.0,0.0,0.0,1.0,0.0,Rio de Janeiro
0.2984209364733751,0.4683293675477193,0.5582925984922991,1.0,0.0,0.0,0.0,0.0,0.0,0.0,1.0,Rio de Janeiro
-1.618856558703166,0.6222075638350022,0.5582925984922991,0.0,0.0,0.0,1.0,0.0,1.0,0.0,0.0,Rio de Janeiro
-0.3627092342771563,-0.6134343523518792,-1.5739356038731493,0.0,1.0,0.0,0.0,0.0,0.0,0.0,1.0,Rome
1.0917771413740127,1.1430852582674547,0.8091429752411754,0.0,1.0,0.0,0.0,0.0,1.0,0.0,0.0,Le Caire
-0.9577263879526345,-0.9850501963856672,-1.072234850375397,0.0,1.0,0.0,0.0,0.0,0.0,1.0,0.0,New York
1.4223422267492785,1.037678693810666,0.43286741011786095,0.0,1.0,0.0,0.0,0.0,0.0,0.0,1.0,Sydney
1.5545682608993847,0.8622575500431634,0.6837177868667372,0.0,1.0,0.0,0.0,0.0,1.0,0.0,0.0,Rome
-0.8255003538025283,-1.5297790112426486,0.3074422217434228,0.0,0.0,0.0,0.0,1.0,0.0,1.0,0.0,Londres
0.23230791939832193,-1.7075083279544603,0.8091429752411754,0.0,0.0,0.0,0.0,1.0,0.0,1.0,0.0,Paris
1.0256641242989597,-1.1597019491717333,-0.1942585317543298,0.0,0.0,0.0,1.0,0.0,0.0,0.0,1.0,Barcelone
0.2984209364733751,1.030754174977738,-1.072234850375397,0.0,1.0,0.0,0.0,0.0,1.0,0.0,0.0,Tokyo
-0.7593873367274752,-1.4497623491732614,0.8091429752411754,0.0,0.0,0.0,1.0,0.0,1.0,0.0,0.0,Bali
0.8934380901488533,1.3754413346612517,0.9345681636156136,0.0,0.0,0.0,0.0,1.0,0.0,1.0,0.0,Londres
0.2984209364733751,1.463151906545003,1.5616941054878042,0.0,0.0,0.0,1.0,0.0,1.0,0.0,0.0,Paris
0.1661949023232688,-0.8242474812654567,1.6871192938622424,0.0,0.0,0.0,0.0,1.0,0.0,0.0,1.0,Rio de Janeiro
1.0917771413740127,0.49756622484230306,-0.6959592852520824,0.0,0.0,0.0,1.0,0.0,1.0,0.0,0.0,New York
-0.29659621720210316,-1.6290304478479458,1.5616941054878042,1.0,0.0,0.0,0.0,0.0,0.0,0.0,1.0,Rio de Janeiro
1.620681277974438,0.9545844678155331,0.6837177868667372,0.0,0.0,0.0,1.0,0.0,0.0,0.0,1.0,Rome
1.0917771413740127,1.216177401503914,1.5616941054878042,0.0,0.0,0.0,1.0,0.0,1.0,0.0,0.0,Londres
1.224003175524119,-1.5274708382983393,1.4362689171133662,0.0,0.0,1.0,0.0,0.0,0.0,1.0,0.0,Barcelone
0.8273250730738002,-0.18411418471035998,0.8091429752411754,0.0,0.0,0.0,0.0,1.0,0.0,0.0,1.0,Le Caire
0.695099038923694,-0.9796644595156123,0.43286741011786095,0.0,0.0,0.0,1.0,0.0,1.0,0.0,0.0,Paris
1.4223422267492785,1.5308583129114073,-1.6993607922475875,0.0,0.0,0.0,1.0,0.0,0.0,0.0,1.0,Barcelone
-1.0238394050276878,1.6177994938137221,-1.5739356038731493,0.0,1.0,0.0,0.0,0.0,0.0,0.0,1.0,New York
-1.3544044904029533,-0.7657737666762892,-0.9468096620009587,1.0,0.0,0.0,0.0,0.0,0.0,0.0,1.0,Rome
-0.6271613025773689,-0.49648692317354415,1.5616941054878042,0.0,0.0,0.0,1.0,0.0,0.0,0.0,1.0,Londres
0.5628730047735876,1.076917633863923,1.18541854036449,1.0,0.0,0.0,0.0,0.0,1.0,0.0,0.0,Bali
0.6289860218486407,0.1013298694025497,-1.3230852271242732,0.0,1.0,0.0,0.0,0.0,0.0,0.0,1.0,Rome
-0.09825716597694376,-0.3918497496981918,-0.4451089085032061,0.0,0.0,1.0,0.0,0.0,0.0,0.0,1.0,Paris
1.0917771413740127,1.6578078248484158,-0.5705340968776442,0.0,0.0,0.0,1.0,0.0,0.0,1.0,0.0,Londres
-0.693274319652422,0.6445199022966581,-0.06883334337989165,0.0,0.0,1.0,0.0,0.0,0.0,1.0,0.0,Le Caire
0.8934380901488533,0.7145344816073719,1.5616941054878042,0.0,1.0,0.0,0.0,0.0,0.0,1.0,0.0,Rio de Janeiro
-0.693274319652422,-0.17103453802594093,-0.9468096620009587,0.0,0.0,0.0,0.0,1.0,1.0,0.0,0.0,Paris
0.033968868173162525,1.426221139436055,1.4362689171133662,0.0,0.0,1.0,0.0,0.0,1.0,0.0,0.0,Le Caire
-1.5527435416281128,1.6301097495167047,0.5582925984922991,0.0,0.0,1.0,0.0,0.0,0.0,1.0,0.0,New York
0.2984209364733751,-1.6182589741078361,-0.6959592852520824,0.0,1.0,0.0,0.0,0.0,1.0,0.0,0.0,Barcelone
-1.2882914733279003,-1.3105025815332705,-1.072234850375397,0.0,1.0,0.0,0.0,0.0,0.0,0.0,1.0,Bali
1.620681277974438,0.4021617431441877,0.5582925984922991,1.0,0.0,0.0,0.0,0.0,0.0,1.0,0.0,Rome
1.157890158449066,-0.3672292382922266,0.3074422217434228,0.0,1.0,0.0,0.0,0.0,0.0,0.0,1.0,Le Caire
-0.09825716597694376,1.4462253049534017,0.9345681636156136,0.0,1.0,0.0,0.0,0.0,0.0,0.0,1.0,Le Caire
-1.2882914733279003,-1.4336051385630968,-0.6959592852520824,0.0,0.0,1.0,0.0,0.0,0.0,1.0,0.0,Rome
-1.2882914733279003,0.883800497523383,1.5616941054878042,0.0,0.0,0.0,1.0,0.0,1.0,0.0,0.0,Rome
-0.29659621720210316,1.0969217993812697,0.3074422217434228,0.0,1.0,0.0,0.0,0.0,1.0,0.0,0.0,Tokyo
1.5545682608993847,0.2521305017640869,1.4362689171133662,0.0,0.0,1.0,0.0,0.0,1.0,0.0,0.0,Londres
-1.5527435416281128,0.15903419301028077,0.6837177868667372,0.0,0.0,0.0,1.0,0.0,0.0,0.0,1.0,Barcelone
-0.8916133708775814,-0.33645359903477,0.8091429752411754,0.0,0.0,0.0,0.0,1.0,0.0,1.0,0.0,Bali
1.4884552438243315,-0.8965702335204796,-0.9468096620009587,0.0,1.0,0.0,0.0,0.0,0.0,0.0,1.0,Rome
-0.09825716597694376,0.3067572614460723,-1.197660038749835,0.0,0.0,0.0,1.0,0.0,1.0,0.0,0.0,Sydney
1.686794295049491,1.2577245145014804,0.8091429752411754,0.0,0.0,1.0,0.0,0.0,0.0,1.0,0.0,Rio de Janeiro
1.157890158449066,0.3344553367777832,-1.5739356038731493,0.0,0.0,0.0,0.0,1.0,0.0,1.0,0.0,Barcelone
1.224003175524119,1.3000410184804831,0.18201703336898464,0.0,0.0,0.0,0.0,1.0,0.0,1.0,0.0,Paris
1.620681277974438,-0.1848835756917964,1.6871192938622424,1.0,0.0,0.0,0.0,0.0,0.0,1.0,0.0,Le Caire
-0.693274319652422,1.5200868391712976,-1.197660038749835,0.0,0.0,0.0,1.0,0.0,1.0,0.0,0.0,Barcelone
-0.9577263879526345,1.0661461601238131,1.0599933519900517,0.0,0.0,0.0,0.0,1.0,0.0,0.0,1.0,Rome
-0.8916133708775814,0.10056047842111329,-0.6959592852520824,0.0,1.0,0.0,0.0,0.0,1.0,0.0,0.0,Le Caire
1.4223422267492785,0.5991258343919097,-1.4485104154987114,1.0,0.0,0.0,0.0,0.0,1.0,0.0,0.0,Le Caire
-1.0238394050276878,-1.1735509868375886,-1.4485104154987114,1.0,0.0,0.0,0.0,0.0,0.0,0.0,1.0,Tokyo
-0.032144148901890615,-0.4603255470460327,-0.6959592852520824,0.0,1.0,0.0,0.0,0.0,0.0,1.0,0.0,New York
0.5628730047735876,0.215199734655139,-1.3230852271242732,0.0,1.0,0.0,0.0,0.0,0.0,1.0,0.0,Sydney
-0.5610482855023157,-1.4997727629666284,-1.072234850375397,0.0,0.0,0.0,0.0,1.0,0.0,1.0,0.0,Tokyo
-1.5527435416281128,-1.2381798292782475,0.8091429752411754,1.0,0.0,0.0,0.0,0.0,0.0,0.0,1.0,Tokyo
1.4223422267492785,-0.973509331664121,-0.5705340968776442,0.0,0.0,0.0,1.0,0.0,0.0,0.0,1.0,Sydney
-0.7593873367274752,1.2269488752440239,1.18541854036449,0.0,0.0,1.0,0.0,0.0,0.0,1.0,0.0,Barcelone
-1.618856558703166,1.4777703351922948,0.056591844994546496,0.0,1.0,0.0,0.0,0.0,0.0,1.0,0.0,New York
-1.4866305245530596,-0.6565202473123183,0.3074422217434228,0.0,1.0,0.0,0.0,0.0,1.0,0.0,0.0,Paris
0.695099038923694,-1.0489096478448896,-1.197660038749835,1.0,0.0,0.0,0.0,0.0,1.0,0.0,0.0,Rome
0.9595511072239065,-1.5274708382983393,0.6837177868667372,1.0,0.0,0.0,0.0,0.0,0.0,1.0,0.0,Rome
0.43064697062348134,1.6124137569436672,1.5616941054878042,0.0,1.0,0.0,0.0,0.0,0.0,0.0,1.0,Tokyo
1.3562292096742252,1.3915985452714164,-1.5739356038731493,0.0,0.0,1.0,0.0,0.0,1.0,0.0,0.0,Sydney
1.620681277974438,1.5400910046886442,0.6837177868667372,0.0,0.0,1.0,0.0,0.0,0.0,1.0,0.0,Rome
-0.5610482855023157,-0.22643068868936275,1.4362689171133662,0.0,0.0,1.0,0.0,0.0,0.0,0.0,1.0,Le Caire
0.5628730047735876,0.29367761476165327,1.0599933519900517,0.0,0.0,1.0,0.0,0.0,1.0,0.0,0.0,Paris
-1.4205175074780065,0.9561232497784059,-0.6959592852520824,0.0,0.0,0.0,0.0,1.0,1.0,0.0,0.0,Le Caire
0.033968868173162525,-0.5641933295399486,-0.8213844736265206,0.0,1.0,0.0,0.0,0.0,0.0,0.0,1.0,Barcelone
0.6289860218486407,-1.300500498774597,-0.31968372012876795,0.0,0.0,0.0,1.0,0.0,0.0,0.0,1.0,Rio de Janeiro
-0.3627092342771563,-0.9481194292767193,1.6871192938622424,0.0,0.0,1.0,0.0,0.0,1.0,0.0,0.0,Paris
1.0917771413740127,0.9784355882400619,0.8091429752411754,1.0,0.0,0.0,0.0,0.0,0.0,1.0,0.0,New York
1.686794295049491,-1.412062191082877,0.5582925984922991,0.0,0.0,1.0,0.0,0.0,0.0,1.0,0.0,Le Caire
0.695099038923694,-0.8057820977109826,-1.4485104154987114,0.0,0.0,1.0,0.0,0.0,1.0,0.0,0.0,Paris
-0.5610482855023157,1.346204477366668,-0.31968372012876795,0.0,0.0,1.0,0.0,0.0,0.0,1.0,0.0,Sydney
1.3562292096742252,-1.6021017634976715,-1.3230852271242732,0.0,1.0,0.0,0.0,0.0,0.0,1.0,0.0,Londres
1.2901161925991722,0.012849906537362068,-1.3230852271242732,0.0,1.0,0.0,0.0,0.0,1.0,0.0,0.0,Barcelone
-1.4866305245530596,1.636264877368196,0.9345681636156136,0.0,0.0,0.0,0.0,1.0,0.0,0.0,1.0,Tokyo
0.8934380901488533,-0.6257446080548618,1.0599933519900517,0.0,0.0,0.0,0.0,1.0,0.0,0.0,1.0,Londres
0.3645339535484282,0.9676641144999522,0.18201703336898464,1.0,0.0,0.0,0.0,0.0,0.0,0.0,1.0,New York
-0.5610482855023157,-0.578042367205804,1.310843728738928,0.0,0.0,1.0,0.0,0.0,1.0,0.0,0.0,Rome
1.224003175524119,1.520856230152734,0.6837177868667372,0.0,0.0,0.0,0.0,1.0,0.0,1.0,0.0,Barcelone
0.49675998769853447,-0.1040975226409729,1.0599933519900517,1.0,0.0,0.0,0.0,0.0,1.0,0.0,0.0,Paris
-0.3627092342771563,1.5423991776329535,-0.9468096620009587,0.0,1.0,0.0,0.0,0.0,0.0,0.0,1.0,Le Caire
-0.4949352684272626,-0.6388242547392808,-1.4485104154987114,0.0,1.0,0.0,0.0,0.0,1.0,0.0,0.0,Rio de Janeiro
1.4223422267492785,-0.2710553656126748,-1.197660038749835,0.0,0.0,1.0,0.0,0.0,0.0,1.0,0.0,Londres
-0.09825716597694376,0.0036172147601250975,0.056591844994546496,0.0,0.0,0.0,1.0,0.0,0.0,1.0,0.0,Barcelone
0.5628730047735876,-1.4589950409504984,-0.9468096620009587,0.0,0.0,0.0,1.0,0.0,0.0,1.0,0.0,Sydney
-0.16437018305199688,-0.5118747428022724,1.310843728738928,0.0,0.0,0.0,0.0,1.0,0.0,0.0,1.0,Londres
0.5628730047735876,-1.510544236706738,-0.1942585317543298,0.0,0.0,0.0,1.0,0.0,1.0,0.0,0.0,Rome
1.2901161925991722,-1.3497415215865276,0.9345681636156136,0.0,0.0,0.0,0.0,1.0,1.0,0.0,0.0,Paris
0.10008188524821567,-0.49571753219210773,0.43286741011786095,0.0,0.0,1.0,0.0,0.0,0.0,1.0,0.0,Barcelone
-1.222178456252847,1.6354954863867597,1.310843728738928,1.0,0.0,0.0,0.0,0.0,0.0,0.0,1.0,Bali
1.157890158449066,-0.4280111258257033,-0.06883334337989165,1.0,0.0,0.0,0.0,0.0,0.0,0.0,1.0,Rome
-0.8255003538025283,-1.3428170027535997,0.18201703336898464,0.0,0.0,0.0,0.0,1.0,0.0,1.0,0.0,Londres
0.695099038923694,0.28675309592872555,-0.06883334337989165,0.0,0.0,0.0,0.0,1.0,0.0,0.0,1.0,Bali
0.43064697062348134,1.476231553229422,-0.6959592852520824,0.0,0.0,1.0,0.0,0.0,0.0,1.0,0.0,Rio de Janeiro
1.4223422267492785,-1.2527982579255394,-1.197660038749835,0.0,1.0,0.0,0.0,0.0,0.0,0.0,1.0,Londres
0.1661949023232688,-1.0489096478448896,0.6837177868667372,1.0,0.0,0.0,0.0,0.0,1.0,0.0,0.0,Sydney
-0.4949352684272626,-1.6467264404209834,-0.5705340968776442,0.0,1.0,0.0,0.0,0.0,0.0,1.0,0.0,Barcelone
1.224003175524119,-0.7180715258272314,0.9345681636156136,0.0,0.0,1.0,0.0,0.0,0.0,1.0,0.0,Bali
-0.693274319652422,-1.1404671746358228,1.4362689171133662,1.0,0.0,0.0,0.0,0.0,0.0,0.0,1.0,Le Caire
-1.222178456252847,-0.9304234367036818,0.9345681636156136,0.0,0.0,1.0,0.0,0.0,0.0,1.0,0.0,New York
1.157890158449066,-1.6790408616413128,-1.197660038749835,0.0,0.0,0.0,1.0,0.0,1.0,0.0,0.0,Barcelone
-0.29659621720210316,-0.709608225031431,-0.31968372012876795,1.0,0.0,0.0,0.0,0.0,1.0,0.0,0.0,Sydney
-0.7593873367274752,0.5614256763015254,-1.6993607922475875,0.0,1.0,0.0,0.0,0.0,0.0,1.0,0.0,Sydney
-1.222178456252847,-0.8742578950588236,-1.3230852271242732,0.0,0.0,1.0,0.0,0.0,1.0,0.0,0.0,Rome
-0.693274319652422,-1.0473708658820167,-1.3230852271242732,0.0,0.0,0.0,1.0,0.0,0.0,1.0,0.0,Barcelone
0.033968868173162525,-0.3664598473107902,1.0599933519900517,0.0,0.0,0.0,1.0,0.0,0.0,1.0,0.0,Rome
-1.4205175074780065,-0.12333229717688325,-1.6993607922475875,0.0,0.0,0.0,1.0,0.0,0.0,0.0,1.0,Londres
-0.29659621720210316,-1.1827836786148256,0.6837177868667372,0.0,0.0,1.0,0.0,0.0,1.0,0.0,0.0,New York
1.0917771413740127,0.3967760062741328,0.8091429752411754,0.0,0.0,1.0,0.0,0.0,0.0,1.0,0.0,Tokyo
0.8934380901488533,-0.0994811767523544,0.9345681636156136,0.0,0.0,1.0,0.0,0.0,0.0,0.0,1.0,Paris
1.224003175524119,1.2838838078703183,0.3074422217434228,0.0,0.0,0.0,0.0,1.0,1.0,0.0,0.0,Londres
1.4884552438243315,0.9307333473910042,-1.4485104154987114,0.0,0.0,1.0,0.0,0.0,1.0,0.0,0.0,Rome
0.10008188524821567,0.23751207311679504,-1.5739356038731493,0.0,0.0,0.0,0.0,1.0,0.0,1.0,0.0,Londres
-0.16437018305199688,-0.524184998505255,-1.5739356038731493,0.0,0.0,1.0,0.0,0.0,0.0,0.0,1.0,Londres
1.4223422267492785,-0.38800279479100974,0.3074422217434228,0.0,0.0,1.0,0.0,0.0,0.0,0.0,1.0,Rio de Janeiro
-1.0899524221027408,0.7214590004402995,-1.4485104154987114,0.0,0.0,0.0,0.0,1.0,0.0,0.0,1.0,Le Caire
0.7612120559987471,0.5491154205985428,1.5616941054878042,0.0,1.0,0.0,0.0,0.0,0.0,1.0,0.0,Bali
-0.8916133708775814,-0.24720424518814593,1.18541854036449,0.0,0.0,1.0,0.0,0.0,0.0,0.0,1.0,Paris
1.686794295049491,1.5031602375796964,-0.5705340968776442,1.0,0.0,0.0,0.0,0.0,1.0,0.0,0.0,Le Caire
-1.0899524221027408,1.5031602375796964,1.18541854036449,0.0,0.0,0.0,0.0,1.0,1.0,0.0,0.0,Tokyo
0.7612120559987471,-0.7811615863050174,-0.8213844736265206,1.0,0.0,0.0,0.0,0.0,0.0,0.0,1.0,Sydney
-0.8255003538025283,0.01131112457448924,1.0599933519900517,1.0,0.0,0.0,0.0,0.0,0.0,1.0,0.0,Sydney
1.0917771413740127,0.5037213526937944,-1.072234850375397,0.0,0.0,0.0,1.0,0.0,1.0,0.0,0.0,Rome
0.5628730047735876,-0.8057820977109826,-0.8213844736265206,0.0,0.0,0.0,1.0,0.0,0.0,0.0,1.0,Bali
-0.4288222513522094,-0.4549398101759778,-0.8213844736265206,0.0,0.0,0.0,1.0,0.0,0.0,1.0,0.0,Barcelone
0.2984209364733751,-1.0019767979772682,-0.9468096620009587,0.0,0.0,0.0,1.0,0.0,1.0,0.0,0.0,New York
-0.09825716597694376,-1.0773771141580368,-1.072234850375397,0.0,1.0,0.0,0.0,0.0,0.0,0.0,1.0,Londres
-1.0899524221027408,-0.6072792245003878,-1.5739356038731493,0.0,0.0,0.0,1.0,0.0,0.0,1.0,0.0,Tokyo
-0.4949352684272626,0.5275724731183232,0.43286741011786095,0.0,0.0,1.0,0.0,0.0,1.0,0.0,0.0,Londres
-1.684969575778219,1.153087341026128,0.5582925984922991,0.0,0.0,0.0,0.0,1.0,0.0,0.0,1.0,Le Caire
1.0917771413740127,0.510645871526722,-0.5705340968776442,0.0,0.0,0.0,0.0,1.0,0.0,0.0,1.0,Londres
1.157890158449066,0.3929290513669507,-1.072234850375397,0.0,0.0,0.0,1.0,0.0,1.0,0.0,0.0,Tokyo
1.686794295049491,-0.38877218577244615,-1.5739356038731493,0.0,0.0,0.0,1.0,0.0,1.0,0.0,0.0,New York
-0.7593873367274752,0.7383856020319007,1.0599933519900517,0.0,0.0,0.0,0.0,1.0,1.0,0.0,0.0,Paris
-0.5610482855023157,-1.1027670165454386,-1.197660038749835,0.0,1.0,0.0,0.0,0.0,1.0,0.0,0.0,New York
1.3562292096742252,1.506237801505442,0.43286741011786095,1.0,0.0,0.0,0.0,0.0,0.0,1.0,0.0,Barcelone
1.0256641242989597,-0.004076695054239045,0.056591844994546496,0.0,0.0,0.0,0.0,1.0,1.0,0.0,0.0,Tokyo
0.3645339535484282,0.9084210089293483,1.310843728738928,1.0,0.0,0.0,0.0,0.0,1.0,0.0,0.0,Rome
0.10008188524821567,-0.09563422184517234,-1.197660038749835,0.0,0.0,1.0,0.0,0.0,0.0,0.0,1.0,Bali
-1.3544044904029533,-0.16564880115588604,0.5582925984922991,0.0,1.0,0.0,0.0,0.0,0.0,1.0,0.0,Le Caire
-0.29659621720210316,1.691661028031618,0.3074422217434228,1.0,0.0,0.0,0.0,0.0,1.0,0.0,0.0,Bali
-0.23048320012705004,-1.2758799873686317,1.4362689171133662,0.0,0.0,0.0,0.0,1.0,1.0,0.0,0.0,Le Caire
0.5628730047735876,-1.5605546505001051,-0.4451089085032061,1.0,0.0,0.0,0.0,0.0,1.0,0.0,0.0,New York
-1.684969575778219,1.0569134683465762,0.056591844994546496,0.0,0.0,0.0,0.0,1.0,1.0,0.0,0.0,Paris
1.157890158449066,0.5991258343919097,0.18201703336898464,0.0,1.0,0.0,0.0,0.0,1.0,0.0,0.0,Barcelone
-1.0238394050276878,1.100768754288452,-0.1942585317543298,0.0,1.0,0.0,0.0,0.0,1.0,0.0,0.0,Paris
1.620681277974438,0.8991883171521112,-0.4451089085032061,0.0,1.0,0.0,0.0,0.0,1.0,0.0,0.0,Londres
-1.222178456252847,-0.0771688382906984,0.6837177868667372,1.0,0.0,0.0,0.0,0.0,0.0,0.0,1.0,Londres
-1.222178456252847,0.28675309592872555,-0.31968372012876795,1.0,0.0,0.0,0.0,0.0,0.0,0.0,1.0,Rome
0.7612120559987471,-0.7880861051379452,0.8091429752411754,0.0,1.0,0.0,0.0,0.0,0.0,1.0,0.0,Paris
0.6289860218486407,0.31983690813049137,0.9345681636156136,1.0,0.0,0.0,0.0,0.0,0.0,0.0,1.0,New York
-1.0238394050276878,-0.2818268393527846,-0.31968372012876795,1.0,0.0,0.0,0.0,0.0,0.0,0.0,1.0,Sydney
-1.5527435416281128,1.3992924550857806,-0.6959592852520824,0.0,1.0,0.0,0.0,0.0,1.0,0.0,0.0,Paris
-1.4205175074780065,-1.6574979141610933,0.3074422217434228,0.0,0.0,1.0,0.0,0.0,0.0,1.0,0.0,Londres
-0.23048320012705004,1.6331873134424504,-1.3230852271242732,0.0,0.0,0.0,1.0,0.0,1.0,0.0,0.0,Barcelone
0.2984209364733751,1.1630894237848013,-1.072234850375397,0.0,0.0,0.0,1.0,0.0,0.0,0.0,1.0,Barcelone
0.8934380901488533,-1.586713943868943,-0.6959592852520824,0.0,1.0,0.0,0.0,0.0,1.0,0.0,0.0,Londres
-0.032144148901890615,-0.6126649613704427,-1.197660038749835,0.0,0.0,0.0,0.0,1.0,0.0,0.0,1.0,Rio de Janeiro
-1.4205175074780065,0.6299014736493663,-1.5739356038731493,0.0,0.0,1.0,0.0,0.0,0.0,0.0,1.0,New York
-0.032144148901890615,-0.9858195873671036,1.18541854036449,0.0,0.0,1.0,0.0,0.0,0.0,1.0,0.0,Bali
-1.684969575778219,-0.2649002377611835,-0.5705340968776442,1.0,0.0,0.0,0.0,0.0,0.0,1.0,0.0,Londres
-1.5527435416281128,-1.4274500107116055,-1.3230852271242732,1.0,0.0,0.0,0.0,0.0,1.0,0.0,0.0,Barcelone
-0.6271613025773689,-1.292806588960233,0.43286741011786095,0.0,0.0,1.0,0.0,0.0,1.0,0.0,0.0,Londres
0.10008188524821567,-1.0112094897545052,0.3074422217434228,1.0,0.0,0.0,0.0,0.0,0.0,0.0,1.0,Rio de Janeiro
1.620681277974438,0.2844449229844163,0.8091429752411754,1.0,0.0,0.0,0.0,0.0,1.0,0.0,0.0,Paris
0.5628730047735876,-0.6395936457207172,-0.5705340968776442,0.0,0.0,0.0,0.0,1.0,0.0,0.0,1.0,Rio de Janeiro
-0.032144148901890615,1.3285084847936304,1.5616941054878042,1.0,0.0,0.0,0.0,0.0,0.0,1.0,0.0,Rome
0.7612120559987471,1.1323137845273448,1.310843728738928,0.0,0.0,0.0,1.0,0.0,1.0,0.0,0.0,Londres
-1.5527435416281128,1.0330623479220473,0.18201703336898464,0.0,0.0,0.0,1.0,0.0,0.0,0.0,1.0,Bali
-0.6271613025773689,-0.3410699449233885,1.4362689171133662,0.0,0.0,0.0,0.0,1.0,0.0,0.0,1.0,Londres
-1.3544044904029533,1.409294537844454,-0.8213844736265206,0.0,0.0,1.0,0.0,0.0,1.0,0.0,0.0,Londres
0.8273250730738002,-0.6788325857739743,-0.9468096620009587,0.0,1.0,0.0,0.0,0.0,0.0,0.0,1.0,Tokyo
-1.156065439177794,0.116717689031278,1.18541854036449,0.0,0.0,1.0,0.0,0.0,1.0,0.0,0.0,Londres
-0.16437018305199688,1.405447582937272,-0.8213844736265206,0.0,0.0,0.0,0.0,1.0,1.0,0.0,0.0,Bali
-0.3627092342771563,0.26521014844850593,-1.197660038749835,1.0,0.0,0.0,0.0,0.0,1.0,0.0,0.0,Le Caire
-0.9577263879526345,-0.9388867374994824,1.18541854036449,0.0,0.0,0.0,1.0,0.0,1.0,0.0,0.0,Tokyo
-0.16437018305199688,1.220024356411096,1.310843728738928,0.0,0.0,1.0,0.0,0.0,0.0,0.0,1.0,New York
1.157890158449066,1.100768754288452,1.4362689171133662,0.0,1.0,0.0,0.0,0.0,1.0,0.0,0.0,Tokyo
-0.6271613025773689,-1.0173646176059965,-1.072234850375397,0.0,1.0,0.0,0.0,0.0,1.0,0.0,0.0,Tokyo
-1.618856558703166,1.46161312458213,0.9345681636156136,0.0,0.0,0.0,0.0,1.0,1.0,0.0,0.0,Tokyo
-1.3544044904029533,1.037678693810666,-1.5739356038731493,0.0,0.0,0.0,1.0,0.0,0.0,0.0,1.0,Rio de Janeiro
-1.4205175074780065,1.6208770577394678,1.0599933519900517,0.0,0.0,0.0,1.0,0.0,1.0,0.0,0.0,Sydney
1.2901161925991722,0.6837588423499152,-0.31968372012876795,1.0,0.0,0.0,0.0,0.0,1.0,0.0,0.0,Paris
-0.8255003538025283,-0.32414334333178735,-1.3230852271242732,1.0,0.0,0.0,0.0,0.0,0.0,0.0,1.0,Bali
-1.684969575778219,-1.3743620329924928,-1.4485104154987114,1.0,0.0,0.0,0.0,0.0,0.0,1.0,0.0,Tokyo
-1.3544044904029533,0.05670519247923768,-1.3230852271242732,1.0,0.0,0.0,0.0,0.0,0.0,0.0,1.0,Barcelone
1.686794295049491,1.39082915428998,0.18201703336898464,0.0,0.0,0.0,1.0,0.0,0.0,0.0,1.0,Sydney
0.6289860218486407,0.4852559691393204,0.5582925984922991,0.0,0.0,0.0,1.0,0.0,0.0,0.0,1.0,Paris
0.6289860218486407,-0.6495957284793906,1.0599933519900517,0.0,1.0,0.0,0.0,0.0,0.0,1.0,0.0,Londres
1.686794295049491,-0.7249960446601592,-1.3230852271242732,0.0,0.0,0.0,1.0,0.0,1.0,0.0,0.0,Londres
0.6289860218486407,0.33522472775921963,0.6837177868667372,0.0,0.0,0.0,1.0,0.0,0.0,0.0,1.0,Bali
0.43064697062348134,0.9830519341286804,-0.9468096620009587,1.0,0.0,0.0,0.0,0.0,0.0,1.0,0.0,Londres
1.2901161925991722,1.5454767415586992,0.6837177868667372,0.0,0.0,0.0,0.0,1.0,0.0,1.0,0.0,Bali
-0.29659621720210316,0.17442201263900906,1.0599933519900517,0.0,0.0,0.0,1.0,0.0,1.0,0.0,0.0,Tokyo
0.3645339535484282,-1.2089429719836637,1.0599933519900517,0.0,0.0,0.0,1.0,0.0,0.0,0.0,1.0,Le Caire
-1.5527435416281128,-0.5811199311315497,-1.197660038749835,0.0,1.0,0.0,0.0,0.0,0.0,1.0,0.0,Le Caire
0.695099038923694,1.6393424412939417,1.5616941054878042,0.0,0.0,0.0,0.0,1.0,1.0,0.0,0.0,Paris
0.8273250730738002,-1.3528190855122733,1.0599933519900517,0.0,0.0,0.0,1.0,0.0,1.0,0.0,0.0,Sydney
0.23230791939832193,-1.4536093040804434,-1.3230852271242732,0.0,0.0,0.0,0.0,1.0,0.0,1.0,0.0,Barcelone
-1.156065439177794,0.43293738240164426,1.4362689171133662,0.0,0.0,0.0,1.0,0.0,1.0,0.0,0.0,Paris
0.10008188524821567,-1.1620101221160424,-1.5739356038731493,0.0,0.0,1.0,0.0,0.0,0.0,0.0,1.0,Barcelone
0.9595511072239065,1.2246407022997146,0.9345681636156136,0.0,1.0,0.0,0.0,0.0,0.0,0.0,1.0,Tokyo
-1.4866305245530596,-1.2127899268908457,-0.5705340968776442,0.0,0.0,1.0,0.0,0.0,0.0,1.0,0.0,Rio de Janeiro
-0.09825716597694376,-0.314141260573114,1.4362689171133662,0.0,1.0,0.0,0.0,0.0,0.0,1.0,0.0,Bali
-0.09825716597694376,0.937657866223932,0.9345681636156136,0.0,0.0,0.0,0.0,1.0,1.0,0.0,0.0,Bali
-1.0899524221027408,0.7029936168858256,1.5616941054878042,0.0,0.0,0.0,1.0,0.0,0.0,0.0,1.0,Sydney
0.6289860218486407,-0.7850085412121995,0.056591844994546496,0.0,0.0,0.0,1.0,0.0,0.0,0.0,1.0,Londres
0.7612120559987471,-0.4072375693269201,-0.31968372012876795,0.0,0.0,1.0,0.0,0.0,0.0,0.0,1.0,Paris
0.6289860218486407,-1.0004380160143955,-0.5705340968776442,0.0,0.0,1.0,0.0,0.0,1.0,0.0,0.0,Londres
-1.156065439177794,-0.2964452680000765,-1.5739356038731493,0.0,0.0,1.0,0.0,0.0,0.0,1.0,0.0,Le Caire
-0.8916133708775814,0.610666699113456,0.6837177868667372,0.0,0.0,0.0,1.0,0.0,0.0,1.0,0.0,New York
-1.0899524221027408,-0.0879403120308082,-0.6959592852520824,0.0,0.0,0.0,1.0,0.0,0.0,0.0,1.0,Paris
0.3645339535484282,1.4746927712665492,1.5616941054878042,0.0,0.0,0.0,0.0,1.0,1.0,0.0,0.0,Sydney
-0.16437018305199688,0.09517474155105839,-0.5705340968776442,0.0,0.0,1.0,0.0,0.0,0.0,1.0,0.0,Londres
1.4223422267492785,1.0530665134393942,-1.5739356038731493,0.0,0.0,0.0,1.0,0.0,0.0,1.0,0.0,Bali
-1.3544044904029533,-1.573634297184524,-1.072234850375397,1.0,0.0,0.0,0.0,0.0,1.0,0.0,0.0,Londres
1.157890158449066,-0.3910803587167554,-0.4451089085032061,1.0,0.0,0.0,0.0,0.0,1.0,0.0,0.0,Rio de Janeiro
0.3645339535484282,0.5660420221901439,0.3074422217434228,0.0,1.0,0.0,0.0,0.0,0.0,0.0,1.0,Paris
1.4884552438243315,-0.9473500382952829,1.310843728738928,0.0,1.0,0.0,0.0,0.0,1.0,0.0,0.0,Paris
-1.0899524221027408,-0.8165535714510925,-1.6993607922475875,0.0,0.0,0.0,1.0,0.0,0.0,0.0,1.0,Barcelone
1.620681277974438,1.4939275458024595,-1.072234850375397,0.0,1.0,0.0,0.0,0.0,1.0,0.0,0.0,Londres
-1.618856558703166,1.4123721017701996,1.5616941054878042,0.0,0.0,0.0,0.0,1.0,0.0,1.0,0.0,New York
0.8273250730738002,0.5260336911554504,-1.5739356038731493,0.0,1.0,0.0,0.0,0.0,1.0,0.0,0.0,Rio de Janeiro
0.43064697062348134,-0.26259206481687425,0.9345681636156136,0.0,1.0,0.0,0.0,0.0,0.0,1.0,0.0,Barcelone
1.0917771413740127,1.2615714694086624,0.3074422217434228,0.0,0.0,0.0,1.0,0.0,0.0,1.0,0.0,Bali
0.695099038923694,-0.43185808073288534,-0.1942585317543298,0.0,0.0,1.0,0.0,0.0,0.0,0.0,1.0,Sydney
1.0256641242989597,-0.9150356170749535,-1.6993607922475875,1.0,0.0,0.0,0.0,0.0,0.0,1.0,0.0,Paris
1.686794295049491,0.9553538587969695,-1.4485104154987114,0.0,0.0,0.0,0.0,1.0,0.0,1.0,0.0,New York
0.49675998769853447,-1.235102265352502,1.310843728738928,0.0,0.0,0.0,0.0,1.0,0.0,1.0,0.0,Le Caire
1.4884552438243315,1.1184647468614892,-1.3230852271242732,0.0,0.0,0.0,0.0,1.0,1.0,0.0,0.0,Rome
-1.5527435416281128,-1.4513011311361341,1.310843728738928,0.0,0.0,0.0,0.0,1.0,0.0,0.0,1.0,Paris
-1.3544044904029533,0.030545899110399597,0.5582925984922991,0.0,0.0,0.0,1.0,0.0,0.0,0.0,1.0,New York
1.4223422267492785,-1.6751939067341308,1.18541854036449,0.0,0.0,1.0,0.0,0.0,0.0,0.0,1.0,New York
1.4884552438243315,-0.0663973645505886,-1.197660038749835,0.0,0.0,1.0,0.0,0.0,0.0,1.0,0.0,Rio de Janeiro
-1.0238394050276878,-1.694428681270041,-0.1942585317543298,0.0,0.0,0.0,0.0,1.0,0.0,0.0,1.0,New York
1.0917771413740127,0.4090862619771154,1.310843728738928,1.0,0.0,0.0,0.0,0.0,0.0,0.0,1.0,Londres
-0.693274319652422,0.224432426432376,1.6871192938622424,1.0,0.0,0.0,0.0,0.0,0.0,0.0,1.0,Rio de Janeiro
-1.618856558703166,0.8337900837300161,1.6871192938622424,0.0,0.0,0.0,1.0,0.0,0.0,0.0,1.0,Sydney
0.7612120559987471,1.6370342683496326,0.6837177868667372,0.0,0.0,1.0,0.0,0.0,0.0,0.0,1.0,New York
0.033968868173162525,1.093844235455524,-1.5739356038731493,1.0,0.0,0.0,0.0,0.0,1.0,0.0,0.0,New York
1.157890158449066,0.018235643407416968,0.9345681636156136,0.0,0.0,1.0,0.0,0.0,0.0,0.0,1.0,Le Caire
-1.0899524221027408,-0.5303401263567464,0.18201703336898464,1.0,0.0,0.0,0.0,0.0,1.0,0.0,0.0,New York
-1.5527435416281128,-0.22181434280074427,1.0599933519900517,0.0,1.0,0.0,0.0,0.0,0.0,0.0,1.0,Bali
-0.29659621720210316,-0.029466597441640714,-1.072234850375397,0.0,0.0,1.0,0.0,0.0,1.0,0.0,0.0,Sydney
-1.222178456252847,1.171552724580602,0.056591844994546496,0.0,0.0,0.0,1.0,0.0,1.0,0.0,0.0,Sydney
0.43064697062348134,0.3336859457963468,-1.5739356038731493,0.0,1.0,0.0,0.0,0.0,0.0,1.0,0.0,Rio de Janeiro
1.4223422267492785,1.0999993633070153,1.6871192938622424,0.0,1.0,0.0,0.0,0.0,1.0,0.0,0.0,Le Caire
1.620681277974438,-0.15872428232295832,0.8091429752411754,0.0,0.0,0.0,0.0,1.0,0.0,1.0,0.0,Londres
-0.3627092342771563,-1.4589950409504984,1.5616941054878042,0.0,0.0,0.0,0.0,1.0,0.0,1.0,0.0,Rome
-1.222178456252847,-0.4056987873640473,1.310843728738928,0.0,0.0,0.0,1.0,0.0,0.0,0.0,1.0,Sydney
0.8934380901488533,0.9222700465952037,-0.6959592852520824,0.0,1.0,0.0,0.0,0.0,0.0,1.0,0.0,Tokyo
0.9595511072239065,1.6385730503125053,-1.4485104154987114,0.0,0.0,0.0,0.0,1.0,0.0,1.0,0.0,Rio de Janeiro
-0.5610482855023157,0.2752122312071793,0.18201703336898464,0.0,0.0,1.0,0.0,0.0,0.0,1.0,0.0,New York
1.4884552438243315,-0.7034530971799396,-1.072234850375397,0.0,0.0,1.0,0.0,0.0,0.0,1.0,0.0,Paris
-0.693274319652422,1.6062586290921759,-1.4485104154987114,1.0,0.0,0.0,0.0,0.0,0.0,0.0,1.0,Tokyo
0.49675998769853447,0.09671352351393123,-0.6959592852520824,0.0,0.0,1.0,0.0,0.0,0.0,1.0,0.0,Rome
0.23230791939832193,1.65473026092267,0.3074422217434228,1.0,0.0,0.0,0.0,0.0,1.0,0.0,0.0,Londres
1.5545682608993847,0.5883543606517999,-0.6959592852520824,0.0,1.0,0.0,0.0,0.0,1.0,0.0,0.0,Londres
-1.0899524221027408,-0.34337811786769773,-0.31968372012876795,0.0,0.0,0.0,0.0,1.0,1.0,0.0,0.0,Tokyo
1.224003175524119,0.09363595958818556,-0.6959592852520824,1.0,0.0,0.0,0.0,0.0,0.0,1.0,0.0,Londres
0.10008188524821567,-1.0065931438658868,-0.06883334337989165,0.0,1.0,0.0,0.0,0.0,0.0,0.0,1.0,Rio de Janeiro
0.3645339535484282,1.6001035012406846,-0.06883334337989165,0.0,0.0,0.0,1.0,0.0,1.0,0.0,0.0,Sydney
1.4884552438243315,1.2361815670212608,-0.1942585317543298,1.0,0.0,0.0,0.0,0.0,0.0,1.0,0.0,Londres
-0.9577263879526345,-0.31183308762880474,0.5582925984922991,0.0,1.0,0.0,0.0,0.0,0.0,0.0,1.0,Rome
-1.0238394050276878,-1.1689346409489703,-0.5705340968776442,1.0,0.0,0.0,0.0,0.0,0.0,1.0,0.0,Rio de Janeiro
-1.222178456252847,-0.21950616985643503,-0.6959592852520824,0.0,0.0,0.0,1.0,0.0,1.0,0.0,0.0,Paris
-1.4866305245530596,0.8830311065419466,1.6871192938622424,0.0,0.0,0.0,0.0,1.0,0.0,0.0,1.0,Rome
1.5545682608993847,-0.6003547056674601,0.8091429752411754,0.0,0.0,1.0,0.0,0.0,1.0,0.0,0.0,Bali
-0.29659621720210316,1.435453831213292,-1.3230852271242732,1.0,0.0,0.0,0.0,0.0,0.0,1.0,0.0,Sydney
1.686794295049491,-0.5134135247651452,1.0599933519900517,1.0,0.0,0.0,0.0,0.0,1.0,0.0,0.0,Londres
1.157890158449066,-0.5965077507602781,-1.6993607922475875,0.0,1.0,0.0,0.0,0.0,0.0,0.0,1.0,Rio de Janeiro
-0.032144148901890615,0.6776037144984239,-0.4451089085032061,1.0,0.0,0.0,0.0,0.0,0.0,0.0,1.0,Londres
-0.29659621720210316,0.25366928372695974,-0.06883334337989165,0.0,0.0,0.0,0.0,1.0,1.0,0.0,0.0,Le Caire
-1.0899524221027408,0.3821575776268409,-0.5705340968776442,0.0,1.0,0.0,0.0,0.0,0.0,1.0,0.0,Rome
0.2984209364733751,0.002847823778688683,-1.5739356038731493,0.0,0.0,1.0,0.0,0.0,1.0,0.0,0.0,Sydney
-1.156065439177794,0.08363387682951218,0.6837177868667372,1.0,0.0,0.0,0.0,0.0,1.0,0.0,0.0,Le Caire
-1.222178456252847,0.5260336911554504,0.18201703336898464,0.0,0.0,0.0,0.0,1.0,0.0,0.0,1.0,Paris
0.1661949023232688,0.009772342611616412,0.43286741011786095,0.0,1.0,0.0,0.0,0.0,0.0,0.0,1.0,New York
0.7612120559987471,0.9922846259059174,1.18541854036449,0.0,0.0,0.0,0.0,1.0,0.0,0.0,1.0,Paris
-1.222178456252847,-0.1256404701211925,-1.5739356038731493,0.0,0.0,0.0,1.0,0.0,0.0,1.0,0.0,Barcelone
-1.684969575778219,-0.5534218557998388,-0.6959592852520824,0.0,0.0,1.0,0.0,0.0,0.0,1.0,0.0,Barcelone
1.0256641242989597,-0.6272833900177346,0.9345681636156136,1.0,0.0,0.0,0.0,0.0,0.0,1.0,0.0,Le Caire
0.695099038923694,0.21135277974795694,0.8091429752411754,1.0,0.0,0.0,0.0,0.0,0.0,0.0,1.0,Sydney
-1.156065439177794,0.059013365423546925,0.8091429752411754,0.0,0.0,0.0,1.0,0.0,0.0,1.0,0.0,Rome
1.620681277974438,0.9491987309454782,0.9345681636156136,0.0,1.0,0.0,0.0,0.0,1.0,0.0,0.0,Rome
-0.4288222513522094,1.0222908741819376,0.5582925984922991,0.0,0.0,1.0,0.0,0.0,0.0,0.0,1.0,New York
1.2901161925991722,-0.982742023441358,0.9345681636156136,1.0,0.0,0.0,0.0,0.0,1.0,0.0,0.0,Londres
0.5628730047735876,-1.4920788531522642,-0.5705340968776442,0.0,0.0,0.0,1.0,0.0,0.0,1.0,0.0,Paris
-0.4288222513522094,1.089997280548342,-0.8213844736265206,0.0,0.0,1.0,0.0,0.0,0.0,1.0,0.0,Sydney
1.224003175524119,-1.0758383321951641,-1.072234850375397,0.0,1.0,0.0,0.0,0.0,0.0,1.0,0.0,Londres
-0.032144148901890615,-1.1712428138932796,0.8091429752411754,0.0,0.0,0.0,0.0,1.0,0.0,1.0,0.0,Sydney
-0.23048320012705004,-1.3020392807374699,1.0599933519900517,0.0,1.0,0.0,0.0,0.0,1.0,0.0,0.0,Sydney
-0.4288222513522094,-1.6582673051425296,0.5582925984922991,0.0,0.0,1.0,0.0,0.0,0.0,0.0,1.0,Tokyo
0.5628730047735876,1.6408812232568146,0.3074422217434228,1.0,0.0,0.0,0.0,0.0,1.0,0.0,0.0,Sydney
0.23230791939832193,0.25905502059701463,-1.6993607922475875,0.0,0.0,0.0,1.0,0.0,0.0,0.0,1.0,Paris
-1.684969575778219,-0.36953741123653583,-1.5739356038731493,0.0,0.0,1.0,0.0,0.0,0.0,1.0,0.0,Le Caire
-0.23048320012705004,-0.5965077507602781,0.9345681636156136,0.0,0.0,0.0,1.0,0.0,1.0,0.0,0.0,Barcelone
0.49675998769853447,-0.02485025155302223,0.18201703336898464,0.0,0.0,1.0,0.0,0.0,0.0,0.0,1.0,New York
0.3645339535484282,-0.11025265049246422,1.0599933519900517,0.0,1.0,0.0,0.0,0.0,1.0,0.0,0.0,New York
-1.5527435416281128,0.9584314227227152,-0.31968372012876795,0.0,1.0,0.0,0.0,0.0,0.0,0.0,1.0,Barcelone
0.1661949023232688,-0.3372229900162064,1.0599933519900517,0.0,0.0,0.0,1.0,0.0,1.0,0.0,0.0,Rome
1.5545682608993847,-0.051009544921860314,-0.31968372012876795,0.0,0.0,1.0,0.0,0.0,0.0,0.0,1.0,New York
0.9595511072239065,1.0907666715297784,-0.6959592852520824,0.0,0.0,0.0,0.0,1.0,1.0,0.0,0.0,Rome
-1.0238394050276878,-1.7082777189358966,0.056591844994546496,0.0,0.0,0.0,0.0,1.0,0.0,0.0,1.0,Sydney
0.23230791939832193,-1.6536509592539113,-0.1942585317543298,0.0,0.0,1.0,0.0,0.0,1.0,0.0,0.0,Tokyo
-0.8916133708775814,-0.04716259001467824,-0.5705340968776442,1.0,0.0,0.0,0.0,0.0,0.0,1.0,0.0,Rome
-1.5527435416281128,-1.3528190855122733,0.9345681636156136,0.0,0.0,0.0,1.0,0.0,1.0,0.0,0.0,Sydney
-0.032144148901890615,-1.3512803035494003,1.310843728738928,0.0,0.0,1.0,0.0,0.0,1.0,0.0,0.0,Rio de Janeiro
0.10008188524821567,-1.3697456871038742,0.9345681636156136,0.0,0.0,0.0,0.0,1.0,0.0,1.0,0.0,Barcelone
-1.618856558703166,-0.4564785921388506,-0.5705340968776442,0.0,0.0,0.0,0.0,1.0,0.0,1.0,0.0,Londres
0.7612120559987471,1.386982199382798,1.4362689171133662,0.0,0.0,0.0,1.0,0.0,0.0,0.0,1.0,Bali
-1.4866305245530596,-0.7865473231750724,0.43286741011786095,0.0,0.0,0.0,0.0,1.0,0.0,1.0,0.0,Bali
-1.0899524221027408,-0.0033073040728026307,1.310843728738928,1.0,0.0,0.0,0.0,0.0,0.0,1.0,0.0,Paris
-0.29659621720210316,-0.735767518400269,0.18201703336898464,1.0,0.0,0.0,0.0,0.0,0.0,0.0,1.0,Rio de Janeiro
-1.684969575778219,0.8307125198042704,1.0599933519900517,0.0,0.0,1.0,0.0,0.0,0.0,0.0,1.0,Le Caire
-1.0899524221027408,-0.7465389921403788,-1.4485104154987114,0.0,0.0,1.0,0.0,0.0,0.0,1.0,0.0,Sydney
0.033968868173162525,-0.9150356170749535,1.18541854036449,0.0,0.0,0.0,1.0,0.0,0.0,1.0,0.0,Paris
1.2901161925991722,0.8345594747114525,-1.072234850375397,0.0,0.0,0.0,0.0,1.0,0.0,1.0,0.0,Sydney
-1.684969575778219,-1.1266181369699675,0.9345681636156136,0.0,0.0,0.0,1.0,0.0,0.0,1.0,0.0,Paris
1.157890158449066,0.21366095269226618,-0.5705340968776442,0.0,0.0,0.0,0.0,1.0,0.0,1.0,0.0,Barcelone
1.686794295049491,0.17211383969469982,-0.1942585317543298,0.0,0.0,0.0,0.0,1.0,0.0,1.0,0.0,Rome
0.8273250730738002,-0.3287596892204059,-1.5739356038731493,1.0,0.0,0.0,0.0,0.0,1.0,0.0,0.0,Londres
-0.23048320012705004,1.0653767691423768,0.6837177868667372,0.0,0.0,0.0,0.0,1.0,1.0,0.0,0.0,Rio de Janeiro
0.033968868173162525,-0.8234780902840202,-0.6959592852520824,0.0,0.0,1.0,0.0,0.0,1.0,0.0,0.0,Barcelone
-0.6271613025773689,0.8822617155605101,1.0599933519900517,0.0,0.0,0.0,0.0,1.0,0.0,1.0,0.0,Tokyo
0.2984209364733751,0.13210550866000628,1.310843728738928,0.0,1.0,0.0,0.0,0.0,0.0,0.0,1.0,New York
1.224003175524119,0.47602327736208344,0.9345681636156136,0.0,0.0,0.0,0.0,1.0,1.0,0.0,0.0,Bali
-0.29659621720210316,0.040547981869072984,-1.5739356038731493,0.0,0.0,1.0,0.0,0.0,1.0,0.0,0.0,Rio de Janeiro
0.10008188524821567,1.2992716274990468,0.8091429752411754,0.0,0.0,1.0,0.0,0.0,0.0,0.0,1.0,Rome
-0.032144148901890615,-0.524184998505255,-0.5705340968776442,1.0,0.0,0.0,0.0,0.0,1.0,0.0,0.0,Bali
0.695099038923694,-1.4405296573960245,0.43286741011786095,0.0,1.0,0.0,0.0,0.0,0.0,0.0,1.0,Sydney
1.686794295049491,0.8699514598575275,0.9345681636156136,0.0,0.0,1.0,0.0,0.0,0.0,1.0,0.0,Barcelone
1.2901161925991722,-0.5980465327231509,1.310843728738928,0.0,1.0,0.0,0.0,0.0,1.0,0.0,0.0,Londres
-1.618856558703166,1.3577453420882142,-1.4485104154987114,0.0,0.0,0.0,1.0,0.0,0.0,1.0,0.0,Barcelone
-0.09825716597694376,-1.3605129953266373,1.310843728738928,1.0,0.0,0.0,0.0,0.0,1.0,0.0,0.0,Barcelone
0.695099038923694,1.4839254630437861,0.43286741011786095,0.0,0.0,0.0,0.0,1.0,0.0,1.0,0.0,Bali
-0.8255003538025283,-1.5759424701288334,1.310843728738928,0.0,0.0,0.0,0.0,1.0,1.0,0.0,0.0,Bali
-1.0238394050276878,1.2900389357218096,-0.8213844736265206,0.0,0.0,0.0,0.0,1.0,0.0,1.0,0.0,Rio de Janeiro
1.3562292096742252,0.14364637338155248,-0.31968372012876795,0.0,0.0,0.0,0.0,1.0,0.0,1.0,0.0,Paris
0.033968868173162525,1.396214891160035,1.0599933519900517,0.0,0.0,0.0,1.0,0.0,0.0,0.0,1.0,Londres
-0.4288222513522094,-0.7288429995673412,0.8091429752411754,0.0,0.0,0.0,0.0,1.0,0.0,1.0,0.0,New York
-1.4866305245530596,-0.036391116274568445,-0.4451089085032061,0.0,0.0,1.0,0.0,0.0,0.0,0.0,1.0,Rio de Janeiro
-1.684969575778219,-1.5797894250360154,0.43286741011786095,0.0,0.0,1.0,0.0,0.0,0.0,0.0,1.0,Rome
0.695099038923694,0.2952163967245261,0.18201703336898464,0.0,0.0,0.0,0.0,1.0,1.0,0.0,0.0,Rome
1.4223422267492785,1.405447582937272,0.8091429752411754,0.0,0.0,0.0,1.0,0.0,1.0,0.0,0.0,Bali
0.49675998769853447,-0.1479528085828485,1.310843728738928,0.0,0.0,1.0,0.0,0.0,0.0,1.0,0.0,Paris
1.4223422267492785,0.29752456966883534,1.6871192938622424,0.0,0.0,0.0,0.0,1.0,1.0,0.0,0.0,Rio de Janeiro
1.224003175524119,0.9222700465952037,0.056591844994546496,0.0,0.0,1.0,0.0,0.0,1.0,0.0,0.0,Bali
-0.8255003538025283,1.5216256211341703,-0.5705340968776442,1.0,0.0,0.0,0.0,0.0,0.0,0.0,1.0,Le Caire
-1.618856558703166,1.1376995213973997,-1.6993607922475875,1.0,0.0,0.0,0.0,0.0,0.0,0.0,1.0,Londres
-0.693274319652422,-0.01946451468296733,0.18201703336898464,0.0,0.0,0.0,0.0,1.0,0.0,1.0,0.0,Sydney
-1.222178456252847,1.51316232033837,-1.197660038749835,0.0,0.0,0.0,0.0,1.0,0.0,1.0,0.0,Londres
-0.4949352684272626,0.09902169645824047,1.5616941054878042,0.0,0.0,1.0,0.0,0.0,0.0,1.0,0.0,New York
0.49675998769853447,-0.13410377091699305,-1.4485104154987114,0.0,0.0,0.0,0.0,1.0,0.0,1.0,0.0,Tokyo
1.4884552438243315,0.8599493770988541,1.4362689171133662,0.0,0.0,0.0,0.0,1.0,1.0,0.0,0.0,Barcelone
-1.4866305245530596,-0.8373271279498756,-1.072234850375397,0.0,0.0,0.0,0.0,1.0,0.0,1.0,0.0,New York
1.3562292096742252,-0.30106161388869496,-0.1942585317543298,0.0,1.0,0.0,0.0,0.0,0.0,1.0,0.0,Paris
-0.23048320012705004,1.5477849145030085,-0.8213844736265206,0.0,0.0,0.0,0.0,1.0,0.0,1.0,0.0,Rome
0.49675998769853447,-0.39415792264250105,-1.3230852271242732,0.0,1.0,0.0,0.0,0.0,0.0,0.0,1.0,Sydney
-0.23048320012705004,0.3167593442047457,1.5616941054878042,0.0,0.0,0.0,0.0,1.0,0.0,1.0,0.0,Rio de Janeiro
1.4884552438243315,1.1800160253764025,0.8091429752411754,0.0,0.0,1.0,0.0,0.0,0.0,1.0,0.0,Rio de Janeiro
-1.222178456252847,-1.4689971237091717,0.3074422217434228,0.0,1.0,0.0,0.0,0.0,1.0,0.0,0.0,Sydney
0.5628730047735876,0.5352663829326874,1.0599933519900517,0.0,0.0,1.0,0.0,0.0,1.0,0.0,0.0,Paris
-0.032144148901890615,-0.004846086035675459,0.3074422217434228,0.0,1.0,0.0,0.0,0.0,1.0,0.0,0.0,Barcelone
0.3645339535484282,-1.1889388064663169,-0.06883334337989165,1.0,0.0,0.0,0.0,0.0,1.0,0.0,0.0,Le Caire
0.8273250730738002,-1.1712428138932796,1.0599933519900517,1.0,0.0,0.0,0.0,0.0,1.0,0.0,0.0,Paris
-1.2882914733279003,1.2892695447403733,-1.072234850375397,0.0,0.0,0.0,1.0,0.0,0.0,0.0,1.0,Tokyo
-0.9577263879526345,-1.3628211682709466,-0.6959592852520824,1.0,0.0,0.0,0.0,0.0,1.0,0.0,0.0,Rome
-0.8255003538025283,-0.6649835481081189,1.310843728738928,0.0,0.0,1.0,0.0,0.0,0.0,1.0,0.0,Bali
1.620681277974438,0.10056047842111329,-0.4451089085032061,0.0,0.0,0.0,1.0,0.0,0.0,1.0,0.0,Sydney
0.8934380901488533,1.3046573643691015,1.18541854036449,0.0,0.0,0.0,1.0,0.0,1.0,0.0,0.0,Le Caire
0.3645339535484282,-1.233563483389629,-0.1942585317543298,1.0,0.0,0.0,0.0,0.0,0.0,1.0,0.0,Bali
-1.3544044904029533,0.2028894789521564,0.9345681636156136,0.0,0.0,1.0,0.0,0.0,0.0,1.0,0.0,Le Caire
0.5628730047735876,-1.6121038462563448,1.0599933519900517,0.0,1.0,0.0,0.0,0.0,0.0,0.0,1.0,Bali
-0.8916133708775814,0.8314819107857068,0.3074422217434228,0.0,0.0,1.0,0.0,0.0,1.0,0.0,0.0,Le Caire
0.1661949023232688,0.9038046630407297,-1.3230852271242732,0.0,1.0,0.0,0.0,0.0,0.0,0.0,1.0,Barcelone
0.5628730047735876,0.7583897675492475,-1.3230852271242732,0.0,1.0,0.0,0.0,0.0,1.0,0.0,0.0,Paris
0.6289860218486407,0.8991883171521112,0.18201703336898464,0.0,1.0,0.0,0.0,0.0,0.0,0.0,1.0,Le Caire
1.4884552438243315,-0.9781256775527395,0.5582925984922991,0.0,0.0,1.0,0.0,0.0,0.0,1.0,0.0,Rome
1.157890158449066,-0.1256404701211925,0.9345681636156136,0.0,1.0,0.0,0.0,0.0,0.0,1.0,0.0,Bali
1.3562292096742252,1.0492195585322122,0.9345681636156136,0.0,0.0,1.0,0.0,0.0,0.0,0.0,1.0,Rio de Janeiro
0.2984209364733751,-1.0989200616382566,1.310843728738928,1.0,0.0,0.0,0.0,0.0,0.0,0.0,1.0,Rio de Janeiro
-0.4949352684272626,-0.4503234642873593,0.43286741011786095,1.0,0.0,0.0,0.0,0.0,0.0,1.0,0.0,Rome
0.10008188524821567,-0.6942204054027026,-1.197660038749835,0.0,0.0,0.0,1.0,0.0,0.0,0.0,1.0,New York
-0.8255003538025283,-0.6796019767554108,1.0599933519900517,1.0,0.0,0.0,0.0,0.0,1.0,0.0,0.0,Bali
-0.4288222513522094,-0.6118955703890063,-0.5705340968776442,1.0,0.0,0.0,0.0,0.0,1.0,0.0,0.0,Rio de Janeiro
-0.693274319652422,1.4462253049534017,-1.5739356038731493,0.0,0.0,0.0,0.0,1.0,0.0,1.0,0.0,Paris
1.157890158449066,1.6447281781639966,-0.5705340968776442,0.0,0.0,1.0,0.0,0.0,1.0,0.0,0.0,New York
-0.3627092342771563,0.7499264667534469,-0.06883334337989165,0.0,0.0,1.0,0.0,0.0,0.0,0.0,1.0,Sydney
-0.4949352684272626,-1.690581726362859,1.18541854036449,0.0,0.0,1.0,0.0,0.0,1.0,0.0,0.0,Rome
-0.3627092342771563,1.7055100656974733,-0.6959592852520824,0.0,0.0,0.0,1.0,0.0,1.0,0.0,0.0,Paris
1.157890158449066,-1.694428681270041,0.5582925984922991,0.0,0.0,0.0,0.0,1.0,1.0,0.0,0.0,Tokyo
-0.6271613025773689,-0.9996686250329591,-1.3230852271242732,0.0,1.0,0.0,0.0,0.0,0.0,1.0,0.0,Londres
-1.222178456252847,-0.029466597441640714,1.0599933519900517,0.0,0.0,0.0,1.0,0.0,0.0,1.0,0.0,Barcelone
0.7612120559987471,0.12825855375282422,0.5582925984922991,0.0,0.0,0.0,0.0,1.0,0.0,1.0,0.0,Londres
1.224003175524119,1.4854642450066589,-0.06883334337989165,0.0,0.0,0.0,1.0,0.0,1.0,0.0,0.0,New York
1.3562292096742252,-1.0158258356431238,0.18201703336898464,0.0,0.0,0.0,0.0,1.0,0.0,0.0,1.0,Paris
-0.6271613025773689,-0.8650252032815866,0.3074422217434228,0.0,0.0,1.0,0.0,0.0,1.0,0.0,0.0,Paris
-1.2882914733279003,-0.2171979969121258,-0.06883334337989165,0.0,1.0,0.0,0.0,0.0,0.0,1.0,0.0,Rio de Janeiro
0.695099038923694,1.3839046354570523,-1.197660038749835,0.0,0.0,1.0,0.0,0.0,0.0,0.0,1.0,Rio de Janeiro
1.4884552438243315,0.4729457134363378,-0.9468096620009587,0.0,0.0,1.0,0.0,0.0,0.0,1.0,0.0,Sydney
0.6289860218486407,-0.4626337199903419,-0.31968372012876795,0.0,1.0,0.0,0.0,0.0,0.0,0.0,1.0,New York
-0.29659621720210316,-1.5713261242402148,-0.4451089085032061,0.0,0.0,1.0,0.0,0.0,0.0,0.0,1.0,Londres
0.43064697062348134,0.9792049792214984,1.6871192938622424,0.0,0.0,0.0,0.0,1.0,0.0,0.0,1.0,Paris
1.686794295049491,0.2098139977850841,-0.9468096620009587,0.0,0.0,0.0,1.0,0.0,0.0,1.0,0.0,Rome
-0.09825716597694376,-0.5318789083196193,1.5616941054878042,0.0,0.0,0.0,0.0,1.0,0.0,1.0,0.0,Rome
-0.9577263879526345,-1.044293301956271,0.3074422217434228,0.0,1.0,0.0,0.0,0.0,1.0,0.0,0.0,Barcelone
-1.3544044904029533,-0.5888138409459138,-0.9468096620009587,0.0,0.0,0.0,1.0,0.0,0.0,0.0,1.0,New York
0.033968868173162525,0.3159899532233093,1.310843728738928,1.0,0.0,0.0,0.0,0.0,1.0,0.0,0.0,Barcelone
0.8273250730738002,1.1415464763045817,1.6871192938622424,0.0,0.0,0.0,1.0,0.0,1.0,0.0,0.0,New York
-0.5610482855023157,0.28521431396585273,0.18201703336898464,0.0,0.0,0.0,1.0,0.0,0.0,1.0,0.0,Paris
-1.4205175074780065,-0.6303609539434802,0.8091429752411754,1.0,0.0,0.0,0.0,0.0,1.0,0.0,0.0,Barcelone
0.43064697062348134,-1.530548402224085,-0.8213844736265206,0.0,0.0,0.0,0.0,1.0,0.0,1.0,0.0,Le Caire
1.3562292096742252,-0.7865473231750724,-1.4485104154987114,0.0,1.0,0.0,0.0,0.0,1.0,0.0,0.0,Tokyo
-1.5527435416281128,-1.5536301316671772,1.5616941054878042,0.0,0.0,0.0,1.0,0.0,0.0,0.0,1.0,New York
-1.5527435416281128,-0.2964452680000765,1.6871192938622424,0.0,1.0,0.0,0.0,0.0,0.0,0.0,1.0,Rome
-0.09825716597694376,-0.1956550494319062,0.9345681636156136,0.0,0.0,1.0,0.0,0.0,1.0,0.0,0.0,Tokyo
0.10008188524821567,1.6170301028322858,0.3074422217434228,1.0,0.0,0.0,0.0,0.0,1.0,0.0,0.0,Bali
1.157890158449066,1.0476807765693392,-1.3230852271242732,0.0,0.0,1.0,0.0,0.0,1.0,0.0,0.0,Paris
1.4884552438243315,1.5200868391712976,-1.4485104154987114,0.0,1.0,0.0,0.0,0.0,0.0,0.0,1.0,Le Caire
1.0256641242989597,0.6475974662224038,-1.3230852271242732,0.0,0.0,0.0,1.0,0.0,1.0,0.0,0.0,Rome
1.4884552438243315,-0.771159503546344,-0.31968372012876795,0.0,0.0,1.0,0.0,0.0,0.0,1.0,0.0,Rio de Janeiro
0.9595511072239065,1.0522971224579578,0.056591844994546496,1.0,0.0,0.0,0.0,0.0,1.0,0.0,0.0,Tokyo
-0.29659621720210316,-1.4574562589876257,0.5582925984922991,0.0,0.0,0.0,1.0,0.0,0.0,1.0,0.0,Barcelone
-0.16437018305199688,0.7945511436767589,-0.06883334337989165,0.0,0.0,1.0,0.0,0.0,0.0,0.0,1.0,Londres
-1.222178456252847,-0.6703692849781738,1.5616941054878042,0.0,0.0,1.0,0.0,0.0,0.0,1.0,0.0,Bali
-1.618856558703166,0.11440951608696875,-0.5705340968776442,0.0,1.0,0.0,0.0,0.0,1.0,0.0,0.0,Le Caire
1.4223422267492785,-1.6467264404209834,-0.6959592852520824,0.0,1.0,0.0,0.0,0.0,0.0,1.0,0.0,Rome
-1.0899524221027408,0.6006646163547825,1.6871192938622424,0.0,0.0,0.0,1.0,0.0,0.0,0.0,1.0,Bali
-0.23048320012705004,-1.6721163428083852,0.3074422217434228,0.0,0.0,1.0,0.0,0.0,0.0,1.0,0.0,Londres
1.224003175524119,0.018235643407416968,-0.4451089085032061,0.0,0.0,0.0,0.0,1.0,1.0,0.0,0.0,Londres
-0.09825716597694376,-1.1604713401531697,-0.9468096620009587,0.0,0.0,0.0,1.0,0.0,1.0,0.0,0.0,Rio de Janeiro
-0.29659621720210316,-1.5282402292797757,1.5616941054878042,0.0,0.0,0.0,1.0,0.0,0.0,0.0,1.0,Bali
1.4884552438243315,-0.48956240434061643,0.8091429752411754,0.0,0.0,1.0,0.0,0.0,0.0,1.0,0.0,Rome
-0.3627092342771563,-0.25489815500251006,0.9345681636156136,0.0,0.0,0.0,1.0,0.0,1.0,0.0,0.0,Londres
0.8273250730738002,1.5770217717975923,-0.1942585317543298,0.0,0.0,1.0,0.0,0.0,0.0,0.0,1.0,Londres
-0.4949352684272626,0.9545844678155331,0.5582925984922991,0.0,1.0,0.0,0.0,0.0,0.0,0.0,1.0,Paris
-0.693274319652422,-0.33953116296051566,-0.06883334337989165,0.0,0.0,1.0,0.0,0.0,1.0,0.0,0.0,Barcelone
-1.684969575778219,-0.14641402661997568,-0.1942585317543298,1.0,0.0,0.0,0.0,0.0,0.0,1.0,0.0,Londres
1.686794295049491,0.9715110694071342,0.6837177868667372,0.0,1.0,0.0,0.0,0.0,0.0,0.0,1.0,Barcelone
1.224003175524119,-0.42108660699277556,1.0599933519900517,0.0,0.0,0.0,1.0,0.0,0.0,1.0,0.0,Rio de Janeiro
0.7612120559987471,-1.5520913497043045,1.18541854036449,0.0,0.0,0.0,0.0,1.0,0.0,0.0,1.0,Rio de Janeiro
1.4223422267492785,1.4108333198073268,-0.5705340968776442,0.0,0.0,0.0,0.0,1.0,1.0,0.0,0.0,Rio de Janeiro
1.686794295049491,0.5675808041530167,0.6837177868667372,1.0,0.0,0.0,0.0,0.0,0.0,0.0,1.0,Rio de Janeiro
-1.5527435416281128,0.3606146301466213,1.18541854036449,0.0,0.0,1.0,0.0,0.0,0.0,0.0,1.0,Tokyo
-1.222178456252847,0.5752747139673808,0.8091429752411754,0.0,1.0,0.0,0.0,0.0,0.0,1.0,0.0,New York
-0.8255003538025283,0.5014131797494851,0.3074422217434228,0.0,1.0,0.0,0.0,0.0,0.0,1.0,0.0,New York
-1.156065439177794,1.489311199913841,-1.3230852271242732,0.0,0.0,1.0,0.0,0.0,1.0,0.0,0.0,Londres
-1.618856558703166,-1.6528815682724747,-1.6993607922475875,1.0,0.0,0.0,0.0,0.0,0.0,0.0,1.0,New York
0.8273250730738002,1.569327861983228,-0.4451089085032061,0.0,1.0,0.0,0.0,0.0,0.0,1.0,0.0,Sydney
0.1661949023232688,0.7053017898301349,-1.3230852271242732,0.0,1.0,0.0,0.0,0.0,1.0,0.0,0.0,Tokyo
-1.0899524221027408,-0.8781048499660056,-0.31968372012876795,0.0,0.0,0.0,1.0,0.0,0.0,0.0,1.0,Tokyo
-0.7593873367274752,0.08209509486663935,0.8091429752411754,0.0,1.0,0.0,0.0,0.0,0.0,0.0,1.0,Rio de Janeiro
-0.29659621720210316,-0.22566129770792634,-0.5705340968776442,0.0,0.0,1.0,0.0,0.0,0.0,0.0,1.0,Barcelone
-0.3627092342771563,0.10363804234685894,1.310843728738928,1.0,0.0,0.0,0.0,0.0,0.0,1.0,0.0,Londres
-0.4949352684272626,-0.8519455565971675,1.310843728738928,0.0,0.0,0.0,0.0,1.0,0.0,0.0,1.0,Rome
-0.5610482855023157,1.2761898980559543,0.9345681636156136,0.0,0.0,0.0,1.0,0.0,0.0,1.0,0.0,Barcelone
0.033968868173162525,-0.7719288945277805,-1.4485104154987114,0.0,0.0,1.0,0.0,0.0,1.0,0.0,0.0,Londres
-1.0899524221027408,1.4754621622479855,1.5616941054878042,1.0,0.0,0.0,0.0,0.0,0.0,1.0,0.0,Bali
0.1661949023232688,-1.543628048908504,-0.6959592852520824,1.0,0.0,0.0,0.0,0.0,1.0,0.0,0.0,Rio de Janeiro
1.686794295049491,1.5670196890389188,0.18201703336898464,0.0,1.0,0.0,0.0,0.0,0.0,1.0,0.0,Paris
-0.09825716597694376,-0.9258070908150633,-0.31968372012876795,0.0,1.0,0.0,0.0,0.0,0.0,0.0,1.0,Londres
1.157890158449066,-1.418986709915805,-1.5739356038731493,0.0,1.0,0.0,0.0,0.0,0.0,1.0,0.0,Tokyo
-1.4866305245530596,-1.5228544924097207,0.056591844994546496,1.0,0.0,0.0,0.0,0.0,1.0,0.0,0.0,Le Caire
-0.693274319652422,-0.23489398948516332,-1.072234850375397,0.0,0.0,0.0,1.0,0.0,1.0,0.0,0.0,Tokyo
-0.16437018305199688,-0.9050335343162801,-0.5705340968776442,0.0,1.0,0.0,0.0,0.0,0.0,1.0,0.0,Londres
-0.4288222513522094,1.4816172900994768,-0.8213844736265206,0.0,0.0,0.0,1.0,0.0,0.0,0.0,1.0,Tokyo
1.620681277974438,-0.14333646269423003,-1.4485104154987114,1.0,0.0,0.0,0.0,0.0,1.0,0.0,0.0,Paris
-1.0238394050276878,0.9238088285580766,1.18541854036449,0.0,0.0,0.0,1.0,0.0,1.0,0.0,0.0,Londres
-1.618856558703166,1.6593466068112885,0.9345681636156136,0.0,0.0,0.0,0.0,1.0,1.0,0.0,0.0,New York
-0.3627092342771563,1.4154496656959452,0.8091429752411754,1.0,0.0,0.0,0.0,0.0,0.0,0.0,1.0,Londres
0.9595511072239065,-0.6572896382937548,-0.9468096620009587,1.0,0.0,0.0,0.0,0.0,0.0,1.0,0.0,Paris
-0.8916133708775814,1.3208145749792664,0.43286741011786095,0.0,0.0,0.0,0.0,1.0,0.0,0.0,1.0,Barcelone
-0.693274319652422,0.4521721569375546,1.310843728738928,0.0,0.0,0.0,1.0,0.0,0.0,0.0,1.0,Bali
0.8273250730738002,1.57317481689041,-1.6993607922475875,0.0,1.0,0.0,0.0,0.0,0.0,0.0,1.0,New York
-0.4288222513522094,-0.3672292382922266,-0.06883334337989165,0.0,0.0,1.0,0.0,0.0,0.0,0.0,1.0,Londres
0.49675998769853447,0.9445823850568598,0.43286741011786095,1.0,0.0,0.0,0.0,0.0,1.0,0.0,0.0,Bali
1.0256641242989597,0.1767301855833183,-1.3230852271242732,0.0,0.0,1.0,0.0,0.0,1.0,0.0,0.0,Paris
-0.7593873367274752,-0.6395936457207172,-0.6959592852520824,0.0,0.0,1.0,0.0,0.0,0.0,1.0,0.0,Paris
-0.9577263879526345,1.5231644030970433,-0.8213844736265206,0.0,0.0,1.0,0.0,0.0,0.0,0.0,1.0,Rome
-1.5527435416281128,0.18980983226773734,-1.6993607922475875,0.0,0.0,0.0,0.0,1.0,0.0,0.0,1.0,Le Caire
1.4884552438243315,0.3929290513669507,-1.4485104154987114,0.0,1.0,0.0,0.0,0.0,0.0,1.0,0.0,Le Caire
0.43064697062348134,1.076917633863923,1.5616941054878042,0.0,0.0,1.0,0.0,0.0,1.0,0.0,0.0,Barcelone
-1.5527435416281128,-0.43570503564006746,-0.9468096620009587,1.0,0.0,0.0,0.0,0.0,0.0,1.0,0.0,Rome
-0.3627092342771563,0.9268863924838222,1.5616941054878042,1.0,0.0,0.0,0.0,0.0,1.0,0.0,0.0,New York
-1.3544044904029533,-0.8958008425390431,-1.6993607922475875,0.0,0.0,1.0,0.0,0.0,1.0,0.0,0.0,Rome
-0.23048320012705004,-1.712894064824515,1.310843728738928,1.0,0.0,0.0,0.0,0.0,0.0,1.0,0.0,Le Caire
-0.6271613025773689,1.5385522227257715,0.5582925984922991,0.0,0.0,1.0,0.0,0.0,0.0,1.0,0.0,Bali
1.4884552438243315,0.6522138121110223,1.4362689171133662,1.0,0.0,0.0,0.0,0.0,0.0,1.0,0.0,Sydney
-0.4288222513522094,-0.973509331664121,-1.197660038749835,0.0,0.0,1.0,0.0,0.0,0.0,1.0,0.0,Sydney
1.4223422267492785,-1.5328565751683942,0.3074422217434228,0.0,0.0,1.0,0.0,0.0,0.0,1.0,0.0,Tokyo
1.4884552438243315,-0.22027556083787145,-0.8213844736265206,0.0,0.0,1.0,0.0,0.0,0.0,0.0,1.0,Rome
0.1661949023232688,-0.4395519905472495,-0.8213844736265206,1.0,0.0,0.0,0.0,0.0,0.0,0.0,1.0,Londres
-0.16437018305199688,-0.029466597441640714,-0.1942585317543298,0.0,0.0,0.0,1.0,0.0,0.0,1.0,0.0,Sydney
1.5545682608993847,-1.1250793550070946,1.5616941054878042,0.0,0.0,1.0,0.0,0.0,0.0,0.0,1.0,Londres
-0.3627092342771563,-1.088917978879583,0.18201703336898464,0.0,0.0,1.0,0.0,0.0,1.0,0.0,0.0,New York
0.43064697062348134,1.6670405166256528,-0.8213844736265206,0.0,0.0,0.0,0.0,1.0,1.0,0.0,0.0,Rome
1.2901161925991722,1.5216256211341703,0.3074422217434228,0.0,0.0,0.0,0.0,1.0,1.0,0.0,0.0,Barcelone
0.2984209364733751,0.42601286356871654,0.18201703336898464,0.0,0.0,0.0,0.0,1.0,0.0,1.0,0.0,Le Caire
-1.3544044904029533,0.3983147882370056,1.4362689171133662,0.0,1.0,0.0,0.0,0.0,0.0,0.0,1.0,New York
1.3562292096742252,0.3552288932765664,0.8091429752411754,0.0,1.0,0.0,0.0,0.0,0.0,1.0,0.0,Tokyo
0.6289860218486407,1.3115818832020294,-0.06883334337989165,0.0,0.0,0.0,1.0,0.0,1.0,0.0,0.0,Sydney
-1.4205175074780065,-1.1735509868375886,1.4362689171133662,0.0,1.0,0.0,0.0,0.0,1.0,0.0,0.0,Bali
-0.8916133708775814,0.4952580518979938,0.056591844994546496,0.0,0.0,1.0,0.0,0.0,1.0,0.0,0.0,New York
0.8934380901488533,-1.6913511173442954,0.18201703336898464,0.0,0.0,1.0,0.0,0.0,0.0,0.0,1.0,New York
-1.0238394050276878,-1.3728232510296199,-0.4451089085032061,1.0,0.0,0.0,0.0,0.0,0.0,1.0,0.0,Bali
1.4223422267492785,0.33522472775921963,1.0599933519900517,0.0,0.0,0.0,0.0,1.0,1.0,0.0,0.0,Le Caire
1.0256641242989597,-1.3882110706583484,0.43286741011786095,1.0,0.0,0.0,0.0,0.0,0.0,1.0,0.0,Barcelone
-0.693274319652422,1.5885626365191385,-1.4485104154987114,0.0,1.0,0.0,0.0,0.0,0.0,0.0,1.0,Bali
-1.156065439177794,-0.9704317677383754,0.5582925984922991,0.0,0.0,0.0,0.0,1.0,0.0,0.0,1.0,Bali
-0.6271613025773689,1.0492195585322122,-0.8213844736265206,0.0,0.0,0.0,0.0,1.0,1.0,0.0,0.0,Rio de Janeiro
0.43064697062348134,1.4377620041576011,-1.197660038749835,0.0,1.0,0.0,0.0,0.0,0.0,0.0,1.0,Tokyo
-1.5527435416281128,0.1767301855833183,0.5582925984922991,0.0,0.0,1.0,0.0,0.0,1.0,0.0,0.0,Rio de Janeiro
0.033968868173162525,1.0838421526968507,0.18201703336898464,0.0,1.0,0.0,0.0,0.0,0.0,0.0,1.0,Bali
0.9595511072239065,-0.28567379425996664,0.5582925984922991,0.0,0.0,1.0,0.0,0.0,0.0,1.0,0.0,Rio de Janeiro
0.6289860218486407,-0.31952699744316887,0.18201703336898464,0.0,0.0,0.0,0.0,1.0,0.0,0.0,1.0,Rio de Janeiro
-0.23048320012705004,1.3492820412924136,1.6871192938622424,0.0,1.0,0.0,0.0,0.0,0.0,0.0,1.0,Rio de Janeiro
0.2984209364733751,-0.8596394664115317,-0.06883334337989165,0.0,0.0,1.0,0.0,0.0,0.0,1.0,0.0,Paris
-0.4288222513522094,-1.1312344828585859,1.310843728738928,0.0,0.0,0.0,0.0,1.0,0.0,1.0,0.0,Paris
-0.693274319652422,0.5021825707309215,0.43286741011786095,0.0,0.0,0.0,1.0,0.0,1.0,0.0,0.0,Tokyo
0.8273250730738002,0.6583689399625137,1.310843728738928,1.0,0.0,0.0,0.0,0.0,1.0,0.0,0.0,Sydney
1.224003175524119,0.8122471362497965,-1.197660038749835,0.0,1.0,0.0,0.0,0.0,0.0,1.0,0.0,Sydney
0.3645339535484282,-1.5320871841869577,1.4362689171133662,0.0,0.0,0.0,1.0,0.0,0.0,0.0,1.0,Rome
1.4884552438243315,-0.7196103077901043,-1.6993607922475875,0.0,0.0,0.0,1.0,0.0,0.0,0.0,1.0,Bali
-0.8255003538025283,1.0222908741819376,0.3074422217434228,0.0,0.0,0.0,1.0,0.0,0.0,1.0,0.0,New York
-0.8255003538025283,-0.3479944637563162,-1.4485104154987114,0.0,0.0,0.0,0.0,1.0,1.0,0.0,0.0,Sydney
-0.5610482855023157,-0.3918497496981918,-0.1942585317543298,0.0,0.0,0.0,1.0,0.0,0.0,0.0,1.0,Le Caire
1.4884552438243315,-0.9342703916108639,0.6837177868667372,0.0,0.0,0.0,0.0,1.0,1.0,0.0,0.0,Le Caire
0.695099038923694,-1.7252043205274976,-0.9468096620009587,1.0,0.0,0.0,0.0,0.0,1.0,0.0,0.0,New York
1.4884552438243315,-0.5218768255609458,-0.8213844736265206,0.0,0.0,0.0,0.0,1.0,0.0,0.0,1.0,Le Caire
-0.3627092342771563,-0.48494605845199795,1.310843728738928,0.0,0.0,0.0,1.0,0.0,0.0,1.0,0.0,New York
-1.5527435416281128,1.4023700190115262,0.43286741011786095,1.0,0.0,0.0,0.0,0.0,0.0,0.0,1.0,Le Caire
-1.5527435416281128,1.0476807765693392,-0.6959592852520824,1.0,0.0,0.0,0.0,0.0,0.0,0.0,1.0,Barcelone
-1.0238394050276878,1.2384897399655699,-0.4451089085032061,0.0,0.0,0.0,1.0,0.0,0.0,0.0,1.0,Barcelone
-1.156065439177794,0.4737151044177742,0.6837177868667372,0.0,0.0,0.0,0.0,1.0,0.0,0.0,1.0,Sydney
-0.6271613025773689,-0.7419226462517603,0.6837177868667372,0.0,1.0,0.0,0.0,0.0,1.0,0.0,0.0,Rome
1.5545682608993847,-0.6018934876303329,0.5582925984922991,0.0,0.0,0.0,0.0,1.0,1.0,0.0,0.0,Barcelone
-1.4205175074780065,0.0790175309408937,1.4362689171133662,1.0,0.0,0.0,0.0,0.0,1.0,0.0,0.0,Rio de Janeiro
-0.5610482855023157,0.7599285495121203,-1.197660038749835,0.0,0.0,0.0,1.0,0.0,0.0,1.0,0.0,Sydney
-0.23048320012705004,1.3246615298864484,0.5582925984922991,0.0,0.0,1.0,0.0,0.0,0.0,1.0,0.0,New York
-0.7593873367274752,0.560656285320089,1.310843728738928,0.0,1.0,0.0,0.0,0.0,1.0,0.0,0.0,Sydney
-1.2882914733279003,-1.5036197178738104,1.5616941054878042,0.0,0.0,0.0,1.0,0.0,0.0,0.0,1.0,Rome
-1.222178456252847,0.9768968062771891,-0.1942585317543298,0.0,0.0,0.0,0.0,1.0,0.0,1.0,0.0,Bali
0.3645339535484282,0.04593371873912788,-1.197660038749835,0.0,0.0,1.0,0.0,0.0,1.0,0.0,0.0,Tokyo
-0.8916133708775814,-1.4666889507648626,0.9345681636156136,1.0,0.0,0.0,0.0,0.0,1.0,0.0,0.0,Bali
1.686794295049491,-0.390310967735319,-0.1942585317543298,0.0,1.0,0.0,0.0,0.0,1.0,0.0,0.0,Barcelone
-1.4205175074780065,0.9291945654281314,-1.197660038749835,0.0,0.0,0.0,0.0,1.0,0.0,0.0,1.0,Tokyo
-1.3544044904029533,0.17211383969469982,-0.9468096620009587,0.0,1.0,0.0,0.0,0.0,0.0,1.0,0.0,Rome
-1.3544044904029533,-0.9727399406826845,-1.5739356038731493,0.0,0.0,1.0,0.0,0.0,1.0,0.0,0.0,Le Caire
0.9595511072239065,-1.112769099304112,-0.31968372012876795,0.0,1.0,0.0,0.0,0.0,0.0,0.0,1.0,Paris
-0.4288222513522094,1.5908708094634476,-0.8213844736265206,1.0,0.0,0.0,0.0,0.0,1.0,0.0,0.0,Paris
0.8273250730738002,-0.6126649613704427,-0.4451089085032061,0.0,0.0,0.0,1.0,0.0,1.0,0.0,0.0,Le Caire
-1.618856558703166,-0.49110118630348926,-0.6959592852520824,0.0,0.0,0.0,1.0,0.0,0.0,0.0,1.0,Rome
-0.29659621720210316,-0.15026098152715775,-1.5739356038731493,0.0,0.0,0.0,1.0,0.0,1.0,0.0,0.0,Londres
1.0256641242989597,1.3623616879768325,-0.8213844736265206,1.0,0.0,0.0,0.0,0.0,1.0,0.0,0.0,Rio de Janeiro
0.033968868173162525,-1.4443766123032065,-0.06883334337989165,0.0,1.0,0.0,0.0,0.0,0.0,1.0,0.0,Le Caire
-0.8916133708775814,-1.4759216425420996,-0.31968372012876795,0.0,1.0,0.0,0.0,0.0,1.0,0.0,0.0,Sydney
1.0256641242989597,0.013619297518798482,0.5582925984922991,1.0,0.0,0.0,0.0,0.0,0.0,1.0,0.0,Sydney
-1.156065439177794,-0.8227086993025838,-1.6993607922475875,1.0,0.0,0.0,0.0,0.0,0.0,1.0,0.0,New York
-0.693274319652422,0.8661045049503454,-0.4451089085032061,0.0,0.0,0.0,1.0,0.0,0.0,1.0,0.0,Londres
0.43064697062348134,-0.23566338046659974,1.18541854036449,1.0,0.0,0.0,0.0,0.0,1.0,0.0,0.0,Sydney
1.4884552438243315,-0.7311511725116505,-0.9468096620009587,1.0,0.0,0.0,0.0,0.0,0.0,0.0,1.0,Le Caire
1.2901161925991722,-0.174881492933123,0.6837177868667372,0.0,0.0,1.0,0.0,0.0,1.0,0.0,0.0,Sydney
-1.5527435416281128,-0.7857779321936359,1.4362689171133662,0.0,0.0,0.0,0.0,1.0,0.0,0.0,1.0,Rome
-0.23048320012705004,0.5483460296171064,-1.197660038749835,0.0,1.0,0.0,0.0,0.0,0.0,1.0,0.0,Bali
-1.684969575778219,-1.686734771455677,0.056591844994546496,0.0,0.0,1.0,0.0,0.0,0.0,1.0,0.0,New York
-1.156065439177794,1.3862128084013614,-0.31968372012876795,0.0,1.0,0.0,0.0,0.0,1.0,0.0,0.0,Tokyo
1.2901161925991722,0.40677808903280616,-0.8213844736265206,0.0,1.0,0.0,0.0,0.0,0.0,0.0,1.0,Rome
-1.3544044904029533,1.1784772434135296,0.18201703336898464,0.0,0.0,0.0,0.0,1.0,1.0,0.0,0.0,Tokyo
-0.7593873367274752,0.002847823778688683,1.310843728738928,0.0,0.0,0.0,0.0,1.0,0.0,1.0,0.0,Le Caire
-0.9577263879526345,-0.44186016349155877,-1.4485104154987114,0.0,0.0,1.0,0.0,0.0,1.0,0.0,0.0,Rio de Janeiro
1.620681277974438,-0.5195686526166365,1.6871192938622424,0.0,0.0,0.0,1.0,0.0,0.0,0.0,1.0,Paris
-0.5610482855023157,0.03900919990620015,0.056591844994546496,0.0,0.0,1.0,0.0,0.0,1.0,0.0,0.0,New York
-0.693274319652422,1.6978161558831093,-0.06883334337989165,0.0,0.0,0.0,0.0,1.0,1.0,0.0,0.0,Le Caire
-1.3544044904029533,-1.1096915353783663,-1.3230852271242732,0.0,1.0,0.0,0.0,0.0,0.0,1.0,0.0,New York
0.6289860218486407,1.589332027500575,-0.06883334337989165,0.0,0.0,0.0,1.0,0.0,0.0,0.0,1.0,Barcelone
1.224003175524119,-0.6434406006278993,-1.197660038749835,1.0,0.0,0.0,0.0,0.0,0.0,0.0,1.0,Bali
1.620681277974438,1.0330623479220473,1.6871192938622424,0.0,0.0,0.0,0.0,1.0,0.0,0.0,1.0,New York
-1.222178456252847,1.4608437336006936,-0.5705340968776442,0.0,0.0,0.0,1.0,0.0,0.0,0.0,1.0,Paris
-1.5527435416281128,-0.7888554961193815,-1.3230852271242732,0.0,0.0,0.0,0.0,1.0,1.0,0.0,0.0,Paris
-1.156065439177794,1.4685376434150579,1.18541854036449,1.0,0.0,0.0,0.0,0.0,0.0,0.0,1.0,Paris
1.3562292096742252,-0.6065098335189514,1.18541854036449,0.0,0.0,0.0,0.0,1.0,0.0,1.0,0.0,New York
-0.23048320012705004,1.3831352444756158,-1.072234850375397,0.0,0.0,0.0,1.0,0.0,0.0,0.0,1.0,Londres
0.9595511072239065,0.8422533845258167,0.5582925984922991,0.0,1.0,0.0,0.0,0.0,0.0,1.0,0.0,Londres
-0.032144148901890615,-0.31183308762880474,-0.1942585317543298,0.0,0.0,0.0,0.0,1.0,0.0,0.0,1.0,Rome
0.033968868173162525,0.9969009717945359,1.0599933519900517,0.0,0.0,1.0,0.0,0.0,0.0,1.0,0.0,New York
-1.5527435416281128,0.9699722874442613,-0.9468096620009587,0.0,0.0,0.0,0.0,1.0,1.0,0.0,0.0,Bali
-0.032144148901890615,1.6124137569436672,0.6837177868667372,1.0,0.0,0.0,0.0,0.0,0.0,1.0,0.0,Sydney
0.5628730047735876,1.389290372327107,0.056591844994546496,0.0,0.0,0.0,1.0,0.0,0.0,0.0,1.0,New York
-0.3627092342771563,-0.24797363616958237,-0.1942585317543298,0.0,0.0,1.0,0.0,0.0,0.0,0.0,1.0,Bali
0.9595511072239065,1.1854017622464574,0.18201703336898464,0.0,0.0,0.0,0.0,1.0,0.0,1.0,0.0,Sydney
-0.4288222513522094,-0.7373063003631418,1.5616941054878042,0.0,0.0,0.0,1.0,0.0,0.0,1.0,0.0,Bali
-1.0899524221027408,-0.0771688382906984,-0.8213844736265206,0.0,0.0,0.0,0.0,1.0,0.0,0.0,1.0,Rio de Janeiro
-0.6271613025773689,-0.5534218557998388,1.6871192938622424,0.0,0.0,0.0,1.0,0.0,0.0,0.0,1.0,Barcelone
-0.29659621720210316,0.38523514155258654,0.6837177868667372,0.0,0.0,1.0,0.0,0.0,1.0,0.0,0.0,Sydney
-0.29659621720210316,1.0907666715297784,-1.5739356038731493,1.0,0.0,0.0,0.0,0.0,1.0,0.0,0.0,Rome
-1.5527435416281128,-0.6549814653494455,0.056591844994546496,0.0,0.0,0.0,0.0,1.0,1.0,0.0,0.0,Paris
0.8934380901488533,0.7614673314749931,0.9345681636156136,0.0,0.0,1.0,0.0,0.0,0.0,0.0,1.0,Barcelone
1.4223422267492785,-1.7352064032861712,1.310843728738928,0.0,0.0,1.0,0.0,0.0,1.0,0.0,0.0,Tokyo
0.49675998769853447,-0.39415792264250105,-0.5705340968776442,0.0,0.0,1.0,0.0,0.0,1.0,0.0,0.0,Barcelone
0.5628730047735876,-0.7211490897529771,1.310843728738928,0.0,0.0,0.0,1.0,0.0,0.0,1.0,0.0,Rio de Janeiro
-1.618856558703166,0.45140276595611817,0.056591844994546496,0.0,0.0,0.0,0.0,1.0,0.0,0.0,1.0,Tokyo
1.2901161925991722,-0.15641610937864905,-0.8213844736265206,0.0,0.0,1.0,0.0,0.0,1.0,0.0,0.0,Tokyo
-0.032144148901890615,-1.1974021072621175,-1.3230852271242732,1.0,0.0,0.0,0.0,0.0,0.0,1.0,0.0,Barcelone
1.4223422267492785,1.398523064104344,0.43286741011786095,0.0,0.0,1.0,0.0,0.0,1.0,0.0,0.0,Paris
-1.4205175074780065,0.9353496932796227,1.0599933519900517,0.0,1.0,0.0,0.0,0.0,1.0,0.0,0.0,Rome
-1.3544044904029533,-0.06178101866197011,-0.5705340968776442,0.0,0.0,0.0,0.0,1.0,1.0,0.0,0.0,Paris
-1.3544044904029533,0.7837796699366492,0.8091429752411754,0.0,0.0,1.0,0.0,0.0,1.0,0.0,0.0,New York
-0.4949352684272626,1.1792466343949661,-1.6993607922475875,0.0,0.0,0.0,1.0,0.0,0.0,1.0,0.0,Sydney
0.23230791939832193,1.5554788243173727,0.5582925984922991,0.0,0.0,0.0,1.0,0.0,1.0,0.0,0.0,Le Caire
1.224003175524119,0.5798910598559993,-1.3230852271242732,0.0,0.0,1.0,0.0,0.0,0.0,0.0,1.0,Londres
-0.16437018305199688,0.019774425370289797,1.5616941054878042,0.0,0.0,0.0,0.0,1.0,0.0,1.0,0.0,Sydney
0.43064697062348134,-1.6651918239754573,1.4362689171133662,0.0,1.0,0.0,0.0,0.0,0.0,0.0,1.0,Tokyo
-0.29659621720210316,-0.3526108096449347,1.18541854036449,0.0,1.0,0.0,0.0,0.0,0.0,0.0,1.0,Barcelone
0.695099038923694,0.6676016317397506,-1.197660038749835,0.0,0.0,0.0,1.0,0.0,0.0,0.0,1.0,Sydney
1.0256641242989597,0.36215341210949414,1.4362689171133662,0.0,1.0,0.0,0.0,0.0,1.0,0.0,0.0,Tokyo
-1.156065439177794,-0.6826795406811564,-0.1942585317543298,0.0,0.0,0.0,0.0,1.0,0.0,0.0,1.0,Bali
-0.9577263879526345,0.2944470057430897,0.8091429752411754,0.0,0.0,1.0,0.0,0.0,1.0,0.0,0.0,Sydney
-0.09825716597694376,1.3769801166241245,-1.5739356038731493,1.0,0.0,0.0,0.0,0.0,1.0,0.0,0.0,Sydney
0.695099038923694,0.906112835985039,0.056591844994546496,0.0,0.0,0.0,0.0,1.0,0.0,1.0,0.0,Le Caire
-0.23048320012705004,-0.802704533785237,1.18541854036449,0.0,0.0,0.0,0.0,1.0,0.0,1.0,0.0,Tokyo
-1.222178456252847,1.5662502980574824,-0.6959592852520824,1.0,0.0,0.0,0.0,0.0,1.0,0.0,0.0,New York
1.157890158449066,1.2815756349260092,-0.9468096620009587,0.0,0.0,1.0,0.0,0.0,1.0,0.0,0.0,New York
1.157890158449066,-0.5903526229087867,-1.072234850375397,0.0,0.0,1.0,0.0,0.0,0.0,1.0,0.0,Rio de Janeiro
0.5628730047735876,-1.2666472955913948,-1.3230852271242732,0.0,1.0,0.0,0.0,0.0,0.0,1.0,0.0,Tokyo
-0.9577263879526345,0.014388688500234897,-0.06883334337989165,0.0,0.0,0.0,1.0,0.0,0.0,1.0,0.0,Bali
-0.16437018305199688,-0.9896665422742857,1.310843728738928,0.0,0.0,1.0,0.0,0.0,0.0,1.0,0.0,New York
-0.9577263879526345,-0.8457904287456762,-0.06883334337989165,0.0,1.0,0.0,0.0,0.0,0.0,0.0,1.0,Bali
-1.3544044904029533,1.7024325017717277,1.4362689171133662,0.0,0.0,0.0,0.0,1.0,0.0,1.0,0.0,Paris
-0.09825716597694376,1.6531914789597972,1.6871192938622424,0.0,0.0,1.0,0.0,0.0,0.0,1.0,0.0,Barcelone
0.8934380901488533,-1.3212740552733802,1.5616941054878042,0.0,1.0,0.0,0.0,0.0,0.0,0.0,1.0,Londres
1.157890158449066,0.9722804603885706,1.6871192938622424,0.0,0.0,1.0,0.0,0.0,1.0,0.0,0.0,Londres
-1.0899524221027408,0.8314819107857068,0.9345681636156136,0.0,0.0,1.0,0.0,0.0,1.0,0.0,0.0,Rome
-0.5610482855023157,-0.09178726693799028,-0.9468096620009587,0.0,0.0,0.0,1.0,0.0,0.0,1.0,0.0,Barcelone
-1.4205175074780065,-1.5605546505001051,-0.9468096620009587,0.0,0.0,1.0,0.0,0.0,1.0,0.0,0.0,New York
-0.693274319652422,-1.3243516191991258,-0.4451089085032061,0.0,0.0,0.0,1.0,0.0,0.0,0.0,1.0,Rio de Janeiro
1.157890158449066,-1.335892483920672,-1.4485104154987114,0.0,0.0,0.0,1.0,0.0,1.0,0.0,0.0,Sydney
-0.6271613025773689,1.1276974386387264,1.18541854036449,0.0,0.0,1.0,0.0,0.0,0.0,0.0,1.0,Le Caire
0.7612120559987471,0.35138193836938436,0.18201703336898464,1.0,0.0,0.0,0.0,0.0,0.0,0.0,1.0,Tokyo
-1.618856558703166,0.255977456671269,-0.8213844736265206,0.0,0.0,1.0,0.0,0.0,0.0,1.0,0.0,Sydney
-0.5610482855023157,1.3308166577379397,0.6837177868667372,0.0,0.0,0.0,1.0,0.0,1.0,0.0,0.0,Londres
-0.16437018305199688,-0.0933260489008631,-1.5739356038731493,1.0,0.0,0.0,0.0,0.0,0.0,1.0,0.0,Tokyo
-1.0238394050276878,1.2192549654296596,1.0599933519900517,1.0,0.0,0.0,0.0,0.0,1.0,0.0,0.0,Londres
0.23230791939832193,-0.40800696030835654,-0.1942585317543298,0.0,0.0,1.0,0.0,0.0,0.0,1.0,0.0,Le Caire
0.43064697062348134,-0.47802153961907023,-0.06883334337989165,0.0,1.0,0.0,0.0,0.0,1.0,0.0,0.0,New York
0.3645339535484282,-0.40416000540117447,0.6837177868667372,0.0,0.0,0.0,0.0,1.0,0.0,1.0,0.0,Londres
0.3645339535484282,-1.0466014749005803,0.8091429752411754,0.0,0.0,0.0,0.0,1.0,0.0,1.0,0.0,Tokyo
-1.4866305245530596,-1.3882110706583484,1.4362689171133662,0.0,0.0,0.0,0.0,1.0,0.0,1.0,0.0,Sydney
-0.16437018305199688,0.3406104646292745,1.0599933519900517,0.0,1.0,0.0,0.0,0.0,0.0,1.0,0.0,Rome
0.7612120559987471,-1.4589950409504984,-0.8213844736265206,1.0,0.0,0.0,0.0,0.0,0.0,0.0,1.0,New York
1.5545682608993847,-0.27336353855698403,-1.197660038749835,0.0,0.0,1.0,0.0,0.0,0.0,1.0,0.0,Le Caire
-1.4205175074780065,0.6660628497768778,-0.9468096620009587,0.0,0.0,0.0,1.0,0.0,1.0,0.0,0.0,Sydney
0.43064697062348134,-0.6942204054027026,1.0599933519900517,0.0,0.0,1.0,0.0,0.0,0.0,0.0,1.0,Londres
0.49675998769853447,1.1777078524320932,-1.4485104154987114,1.0,0.0,0.0,0.0,0.0,0.0,0.0,1.0,New York
1.0256641242989597,0.4537109389004274,1.18541854036449,1.0,0.0,0.0,0.0,0.0,0.0,0.0,1.0,Tokyo
-1.4866305245530596,0.15826480202884435,1.0599933519900517,0.0,0.0,0.0,0.0,1.0,0.0,0.0,1.0,Bali
1.5545682608993847,1.3846740264384887,1.4362689171133662,0.0,0.0,0.0,1.0,0.0,1.0,0.0,0.0,Le Caire
1.5545682608993847,1.5000826736539508,0.3074422217434228,0.0,0.0,1.0,0.0,0.0,1.0,0.0,0.0,Barcelone
-0.3627092342771563,0.35138193836938436,-0.6959592852520824,0.0,0.0,1.0,0.0,0.0,0.0,0.0,1.0,Rome
-0.16437018305199688,-1.3828253337882934,0.056591844994546496,0.0,0.0,1.0,0.0,0.0,0.0,1.0,0.0,Bali
1.3562292096742252,0.8445615574701258,-0.5705340968776442,1.0,0.0,0.0,0.0,0.0,0.0,0.0,1.0,Sydney
-0.693274319652422,-1.3697456871038742,1.5616941054878042,0.0,0.0,0.0,0.0,1.0,0.0,1.0,0.0,Paris
1.0256641242989597,0.10056047842111329,0.8091429752411754,0.0,0.0,0.0,1.0,0.0,0.0,1.0,0.0,New York
-1.0899524221027408,-0.1371813348427387,-1.072234850375397,1.0,0.0,0.0,0.0,0.0,1.0,0.0,0.0,Bali
0.695099038923694,-0.08332396614218972,0.6837177868667372,0.0,0.0,0.0,1.0,0.0,0.0,1.0,0.0,Bali
0.10008188524821567,-0.9311928276851182,-0.8213844736265206,0.0,1.0,0.0,0.0,0.0,0.0,1.0,0.0,Paris
-0.3627092342771563,-1.2551064308698485,-1.197660038749835,0.0,0.0,1.0,0.0,0.0,0.0,0.0,1.0,Rome
-0.7593873367274752,0.9745886333328798,1.4362689171133662,0.0,0.0,0.0,1.0,0.0,0.0,1.0,0.0,Bali
0.9595511072239065,-1.2012490621692995,-1.4485104154987114,0.0,0.0,0.0,0.0,1.0,1.0,0.0,0.0,New York
-0.09825716597694376,-1.339739438827854,0.18201703336898464,0.0,0.0,1.0,0.0,0.0,0.0,1.0,0.0,New York
-1.4866305245530596,-0.33799238099764284,-1.4485104154987114,1.0,0.0,0.0,0.0,0.0,0.0,0.0,1.0,Barcelone
0.23230791939832193,-1.4205254918786776,-1.3230852271242732,1.0,0.0,0.0,0.0,0.0,0.0,0.0,1.0,Rio de Janeiro
-0.4288222513522094,0.6360566015008576,-1.197660038749835,1.0,0.0,0.0,0.0,0.0,0.0,1.0,0.0,Paris
-0.032144148901890615,-1.1027670165454386,1.5616941054878042,0.0,1.0,0.0,0.0,0.0,0.0,0.0,1.0,Tokyo
-1.0238394050276878,-0.013309386831476016,0.43286741011786095,1.0,0.0,0.0,0.0,0.0,0.0,0.0,1.0,Bali
0.2984209364733751,0.4675599765662829,1.18541854036449,0.0,0.0,1.0,0.0,0.0,0.0,0.0,1.0,New York
-1.156065439177794,1.0815339797525414,-0.5705340968776442,1.0,0.0,0.0,0.0,0.0,0.0,1.0,0.0,New York
-0.9577263879526345,0.7068405717930077,0.6837177868667372,1.0,0.0,0.0,0.0,0.0,1.0,0.0,0.0,Barcelone
-1.4205175074780065,-0.9450418653509737,0.18201703336898464,0.0,1.0,0.0,0.0,0.0,0.0,1.0,0.0,Le Caire
-1.5527435416281128,1.338510567552304,1.5616941054878042,1.0,0.0,0.0,0.0,0.0,1.0,0.0,0.0,Rome
-0.16437018305199688,0.3667697579981126,-1.4485104154987114,1.0,0.0,0.0,0.0,0.0,1.0,0.0,0.0,Bali
-1.3544044904029533,-0.5818893221129862,-1.6993607922475875,0.0,1.0,0.0,0.0,0.0,0.0,1.0,0.0,New York
-1.618856558703166,-0.4187784340484663,1.4362689171133662,1.0,0.0,0.0,0.0,0.0,1.0,0.0,0.0,Londres
0.1661949023232688,-1.4205254918786776,-1.072234850375397,0.0,1.0,0.0,0.0,0.0,0.0,0.0,1.0,Rome
0.695099038923694,0.3506125473879479,0.3074422217434228,0.0,0.0,1.0,0.0,0.0,0.0,1.0,0.0,Bali
1.3562292096742252,1.4285293123803642,0.9345681636156136,0.0,1.0,0.0,0.0,0.0,0.0,1.0,0.0,Bali
-0.23048320012705004,-0.19950200433908827,1.310843728738928,0.0,0.0,0.0,0.0,1.0,0.0,1.0,0.0,Barcelone
0.695099038923694,1.0446032126435936,-0.5705340968776442,0.0,0.0,0.0,1.0,0.0,0.0,0.0,1.0,Barcelone
0.2984209364733751,0.7183814365145539,0.3074422217434228,0.0,1.0,0.0,0.0,0.0,0.0,0.0,1.0,Paris
-0.4288222513522094,1.6216464487209044,-0.5705340968776442,0.0,1.0,0.0,0.0,0.0,1.0,0.0,0.0,Londres
1.5545682608993847,1.2877307627775005,1.310843728738928,0.0,0.0,1.0,0.0,0.0,1.0,0.0,0.0,Londres
-0.16437018305199688,1.7001243288274186,-1.5739356038731493,0.0,0.0,0.0,0.0,1.0,1.0,0.0,0.0,Paris
0.1661949023232688,-0.48956240434061643,-0.6959592852520824,0.0,0.0,0.0,0.0,1.0,0.0,1.0,0.0,Londres
-0.7593873367274752,-0.18719174863610563,0.056591844994546496,0.0,0.0,0.0,0.0,1.0,1.0,0.0,0.0,Paris
-1.4866305245530596,-0.32491273431322376,0.8091429752411754,1.0,0.0,0.0,0.0,0.0,0.0,0.0,1.0,Sydney
-0.29659621720210316,-0.798857578878055,-1.6993607922475875,0.0,0.0,0.0,1.0,0.0,0.0,1.0,0.0,Le Caire
0.10008188524821567,0.5760441049488173,-0.8213844736265206,0.0,0.0,0.0,0.0,1.0,0.0,0.0,1.0,Le Caire
-0.4288222513522094,-0.23258581654085408,0.6837177868667372,1.0,0.0,0.0,0.0,0.0,0.0,1.0,0.0,Londres
-1.618856558703166,-0.45955615606459627,0.056591844994546496,0.0,0.0,0.0,0.0,1.0,0.0,1.0,0.0,Bali
-1.684969575778219,-1.4520705221175707,1.310843728738928,0.0,0.0,0.0,1.0,0.0,0.0,0.0,1.0,New York
-0.8255003538025283,0.6860670152942245,-0.6959592852520824,0.0,0.0,0.0,1.0,0.0,0.0,1.0,0.0,Barcelone
0.9595511072239065,-0.05793406375478804,1.18541854036449,0.0,0.0,0.0,1.0,0.0,1.0,0.0,0.0,Londres
1.157890158449066,-1.1150772722484212,0.3074422217434228,0.0,0.0,0.0,1.0,0.0,1.0,0.0,0.0,Londres
0.8273250730738002,-0.7196103077901043,0.43286741011786095,0.0,0.0,0.0,1.0,0.0,1.0,0.0,0.0,Rio de Janeiro
-0.09825716597694376,-0.8673333762258958,-0.4451089085032061,1.0,0.0,0.0,0.0,0.0,0.0,1.0,0.0,Rome
-1.3544044904029533,-0.47340519373045176,-0.4451089085032061,0.0,0.0,0.0,1.0,0.0,0.0,0.0,1.0,Barcelone
-0.032144148901890615,-1.3889804616397847,1.4362689171133662,0.0,0.0,1.0,0.0,0.0,0.0,0.0,1.0,New York
0.5628730047735876,0.35753706622087567,0.056591844994546496,0.0,0.0,0.0,0.0,1.0,0.0,1.0,0.0,New York
0.9595511072239065,0.05131945560918278,0.18201703336898464,0.0,0.0,0.0,0.0,1.0,0.0,1.0,0.0,Rome
1.3562292096742252,1.0692237240495588,-1.4485104154987114,0.0,0.0,0.0,0.0,1.0,0.0,1.0,0.0,Londres
-1.5527435416281128,-0.7973187969151821,1.5616941054878042,1.0,0.0,0.0,0.0,0.0,0.0,1.0,0.0,Londres
0.2984209364733751,-0.9673542038126297,1.0599933519900517,0.0,0.0,0.0,0.0,1.0,0.0,1.0,0.0,New York
-0.6271613025773689,0.5691195861158895,0.6837177868667372,0.0,0.0,0.0,1.0,0.0,1.0,0.0,0.0,Tokyo
-0.16437018305199688,0.7329998651618458,1.4362689171133662,0.0,1.0,0.0,0.0,0.0,1.0,0.0,0.0,Paris
0.695099038923694,0.13441368160431552,-0.9468096620009587,0.0,1.0,0.0,0.0,0.0,0.0,0.0,1.0,Rio de Janeiro
-1.2882914733279003,-0.49033179532205284,0.8091429752411754,0.0,0.0,1.0,0.0,0.0,0.0,0.0,1.0,Rio de Janeiro
0.49675998769853447,0.22904877232099446,-1.5739356038731493,0.0,1.0,0.0,0.0,0.0,1.0,0.0,0.0,Bali
1.0256641242989597,-1.255875821851285,-1.072234850375397,0.0,1.0,0.0,0.0,0.0,0.0,1.0,0.0,Tokyo
0.23230791939832193,-1.172012204874716,0.8091429752411754,0.0,0.0,0.0,0.0,1.0,1.0,0.0,0.0,Rio de Janeiro
-1.0238394050276878,1.1430852582674547,-1.4485104154987114,0.0,0.0,0.0,1.0,0.0,0.0,0.0,1.0,New York
0.23230791939832193,1.3569759511067778,-1.4485104154987114,0.0,1.0,0.0,0.0,0.0,0.0,0.0,1.0,Londres
-1.3544044904029533,0.20827521582221128,-0.1942585317543298,0.0,1.0,0.0,0.0,0.0,0.0,0.0,1.0,Sydney
-1.3544044904029533,-1.705200155010151,-1.5739356038731493,0.0,1.0,0.0,0.0,0.0,0.0,1.0,0.0,Le Caire
-1.3544044904029533,0.3906208784226415,-1.072234850375397,0.0,0.0,0.0,0.0,1.0,0.0,1.0,0.0,Paris
-1.0899524221027408,-0.64113242768359,0.056591844994546496,0.0,0.0,0.0,1.0,0.0,0.0,0.0,1.0,Rio de Janeiro
0.23230791939832193,0.4352455553459535,-1.5739356038731493,1.0,0.0,0.0,0.0,0.0,0.0,0.0,1.0,Tokyo
0.8273250730738002,-1.7413615311376625,1.18541854036449,1.0,0.0,0.0,0.0,0.0,0.0,1.0,0.0,Rome
-1.156065439177794,-1.2312553104453197,-0.8213844736265206,0.0,0.0,0.0,1.0,0.0,0.0,1.0,0.0,Sydney
-0.4288222513522094,0.9484293399640418,-0.1942585317543298,0.0,0.0,0.0,1.0,0.0,0.0,1.0,0.0,Barcelone
-0.8255003538025283,-0.5811199311315497,1.0599933519900517,0.0,1.0,0.0,0.0,0.0,0.0,1.0,0.0,New York
1.5545682608993847,-1.0989200616382566,0.9345681636156136,0.0,0.0,0.0,1.0,0.0,1.0,0.0,0.0,Tokyo
-0.09825716597694376,-0.23566338046659974,-1.072234850375397,1.0,0.0,0.0,0.0,0.0,1.0,0.0,0.0,Paris
-0.5610482855023157,1.2477224317428068,-1.072234850375397,0.0,0.0,0.0,0.0,1.0,0.0,0.0,1.0,Tokyo
-1.5527435416281128,-1.2612615587213398,-0.4451089085032061,0.0,0.0,1.0,0.0,0.0,0.0,1.0,0.0,Londres
1.4223422267492785,0.3075266524275087,0.18201703336898464,0.0,0.0,0.0,0.0,1.0,0.0,1.0,0.0,Londres
-0.693274319652422,1.1415464763045817,-1.072234850375397,0.0,0.0,0.0,1.0,0.0,0.0,0.0,1.0,Tokyo
-0.23048320012705004,1.0669155511052495,0.5582925984922991,0.0,1.0,0.0,0.0,0.0,1.0,0.0,0.0,Bali
-0.9577263879526345,-0.551883073836966,-0.8213844736265206,1.0,0.0,0.0,0.0,0.0,0.0,0.0,1.0,Londres
0.6289860218486407,0.9261170015023857,-0.5705340968776442,0.0,0.0,1.0,0.0,0.0,0.0,0.0,1.0,Bali
-0.5610482855023157,-1.238949220259684,-0.8213844736265206,0.0,1.0,0.0,0.0,0.0,0.0,0.0,1.0,New York
0.8934380901488533,1.340818740496613,1.5616941054878042,0.0,1.0,0.0,0.0,0.0,1.0,0.0,0.0,Rome
1.5545682608993847,-0.7149939619014858,-0.31968372012876795,0.0,0.0,0.0,1.0,0.0,1.0,0.0,0.0,New York
-0.23048320012705004,0.7730081961965394,-0.1942585317543298,0.0,0.0,0.0,0.0,1.0,0.0,0.0,1.0,Tokyo
1.0917771413740127,-0.10332813165953648,0.3074422217434228,0.0,0.0,1.0,0.0,0.0,1.0,0.0,0.0,Sydney
-0.8255003538025283,0.421396517680098,-1.6993607922475875,0.0,1.0,0.0,0.0,0.0,0.0,0.0,1.0,Barcelone
-0.032144148901890615,-0.00869304094285753,0.6837177868667372,1.0,0.0,0.0,0.0,0.0,1.0,0.0,0.0,New York
0.695099038923694,1.2877307627775005,0.9345681636156136,0.0,0.0,0.0,1.0,0.0,0.0,0.0,1.0,Rio de Janeiro
1.2901161925991722,1.4146802747145089,-0.06883334337989165,0.0,0.0,0.0,0.0,1.0,0.0,1.0,0.0,Sydney
-1.684969575778219,1.691661028031618,1.310843728738928,1.0,0.0,0.0,0.0,0.0,1.0,0.0,0.0,Rio de Janeiro
1.2901161925991722,0.3152205622418729,1.6871192938622424,0.0,0.0,0.0,1.0,0.0,0.0,1.0,0.0,Barcelone
-0.8916133708775814,1.556248215298809,0.43286741011786095,1.0,0.0,0.0,0.0,0.0,0.0,0.0,1.0,Rio de Janeiro
-1.4205175074780065,-0.7642349847134163,0.43286741011786095,0.0,1.0,0.0,0.0,0.0,0.0,0.0,1.0,Barcelone
-0.29659621720210316,-1.404368281268513,0.9345681636156136,0.0,0.0,0.0,1.0,0.0,1.0,0.0,0.0,Sydney
-1.4205175074780065,1.1538567320075643,-1.5739356038731493,0.0,0.0,0.0,1.0,0.0,1.0,0.0,0.0,New York
1.4223422267492785,0.9838213251101169,-0.5705340968776442,1.0,0.0,0.0,0.0,0.0,0.0,0.0,1.0,Rio de Janeiro
1.4223422267492785,-1.1727815958561523,0.5582925984922991,0.0,1.0,0.0,0.0,0.0,0.0,1.0,0.0,Paris
0.2984209364733751,0.11440951608696875,-0.9468096620009587,0.0,0.0,1.0,0.0,0.0,1.0,0.0,0.0,New York
1.157890158449066,1.5947177643706298,0.3074422217434228,0.0,0.0,1.0,0.0,0.0,1.0,0.0,0.0,Paris
-1.3544044904029533,-1.0650668584550542,0.43286741011786095,0.0,0.0,0.0,1.0,0.0,0.0,0.0,1.0,Paris
-0.5610482855023157,1.1915568900979487,-0.31968372012876795,1.0,0.0,0.0,0.0,0.0,1.0,0.0,0.0,Rio de Janeiro
0.033968868173162525,0.6322096465936755,-1.3230852271242732,0.0,0.0,0.0,1.0,0.0,1.0,0.0,0.0,Sydney
0.49675998769853447,0.11825647099415082,1.5616941054878042,0.0,1.0,0.0,0.0,0.0,1.0,0.0,0.0,Tokyo
-0.6271613025773689,1.6578078248484158,1.18541854036449,1.0,0.0,0.0,0.0,0.0,1.0,0.0,0.0,Bali
1.0256641242989597,1.3623616879768325,-0.8213844736265206,0.0,1.0,0.0,0.0,0.0,0.0,1.0,0.0,Rome
-1.222178456252847,0.7707000232522301,0.9345681636156136,0.0,0.0,0.0,0.0,1.0,0.0,0.0,1.0,Le Caire
-0.693274319652422,-0.6395936457207172,1.18541854036449,0.0,0.0,0.0,0.0,1.0,1.0,0.0,0.0,New York
1.3562292096742252,0.7614673314749931,1.0599933519900517,0.0,0.0,0.0,1.0,0.0,0.0,1.0,0.0,Bali
1.3562292096742252,0.6445199022966581,0.056591844994546496,0.0,0.0,0.0,1.0,0.0,1.0,0.0,0.0,Le Caire
-0.6271613025773689,-1.6244141019593274,0.3074422217434228,0.0,0.0,0.0,0.0,1.0,0.0,1.0,0.0,Bali
0.5628730047735876,-0.19257748550616052,0.3074422217434228,1.0,0.0,0.0,0.0,0.0,1.0,0.0,0.0,Barcelone
-1.5527435416281128,-0.06178101866197011,-0.31968372012876795,0.0,1.0,0.0,0.0,0.0,0.0,0.0,1.0,Barcelone
1.224003175524119,1.3515902142367229,0.8091429752411754,0.0,0.0,0.0,1.0,0.0,1.0,0.0,0.0,Rome
-1.5527435416281128,1.2300264391697695,-1.4485104154987114,0.0,0.0,1.0,0.0,0.0,1.0,0.0,0.0,Le Caire
-1.618856558703166,0.33522472775921963,1.310843728738928,0.0,0.0,1.0,0.0,0.0,0.0,1.0,0.0,Sydney
-0.8255003538025283,-0.5888138409459138,1.18541854036449,0.0,0.0,0.0,0.0,1.0,1.0,0.0,0.0,Sydney
1.4223422267492785,1.2115610556152954,0.3074422217434228,0.0,0.0,0.0,1.0,0.0,1.0,0.0,0.0,Bali
0.8934380901488533,0.8037838354539959,0.056591844994546496,0.0,1.0,0.0,0.0,0.0,1.0,0.0,0.0,Barcelone
-1.618856558703166,0.9476599489826054,-1.4485104154987114,0.0,0.0,0.0,0.0,1.0,1.0,0.0,0.0,Bali
-1.3544044904029533,1.2277182662254602,0.3074422217434228,0.0,0.0,1.0,0.0,0.0,1.0,0.0,0.0,Le Caire
-0.5610482855023157,0.5845074057446179,0.8091429752411754,0.0,0.0,1.0,0.0,0.0,0.0,1.0,0.0,Bali
0.6289860218486407,-0.1533385454529034,-0.31968372012876795,1.0,0.0,0.0,0.0,0.0,1.0,0.0,0.0,Barcelone
0.43064697062348134,0.9368884752424955,-1.072234850375397,0.0,1.0,0.0,0.0,0.0,0.0,0.0,1.0,Paris
-0.3627092342771563,-1.1597019491717333,1.6871192938622424,0.0,0.0,0.0,0.0,1.0,1.0,0.0,0.0,Paris
0.033968868173162525,0.20750582484077487,-0.9468096620009587,0.0,1.0,0.0,0.0,0.0,1.0,0.0,0.0,Barcelone
1.5545682608993847,0.6422117293523489,0.5582925984922991,0.0,0.0,0.0,1.0,0.0,1.0,0.0,0.0,Sydney
-0.4288222513522094,0.9176537007065853,1.0599933519900517,0.0,0.0,1.0,0.0,0.0,1.0,0.0,0.0,Tokyo
-0.5610482855023157,0.27290405826287006,0.9345681636156136,0.0,0.0,0.0,0.0,1.0,0.0,0.0,1.0,Rio de Janeiro
-1.4205175074780065,1.5231644030970433,-0.5705340968776442,0.0,0.0,0.0,0.0,1.0,1.0,0.0,0.0,Tokyo
0.49675998769853447,-1.6044099364419806,-0.1942585317543298,0.0,1.0,0.0,0.0,0.0,0.0,1.0,0.0,Le Caire
1.224003175524119,-0.29490648603720365,-1.072234850375397,0.0,0.0,1.0,0.0,0.0,0.0,1.0,0.0,Paris
-1.0238394050276878,0.6514444211295859,-0.1942585317543298,0.0,0.0,1.0,0.0,0.0,0.0,1.0,0.0,Bali
0.2984209364733751,-0.31875760646173246,-1.5739356038731493,0.0,0.0,0.0,0.0,1.0,1.0,0.0,0.0,Barcelone
0.8934380901488533,0.9515069038897874,-1.6993607922475875,0.0,0.0,0.0,1.0,0.0,0.0,0.0,1.0,Tokyo
0.5628730047735876,-1.6813490345856221,-1.6993607922475875,0.0,1.0,0.0,0.0,0.0,0.0,0.0,1.0,Tokyo
-1.684969575778219,-0.726534826623032,-1.6993607922475875,0.0,0.0,1.0,0.0,0.0,0.0,1.0,0.0,Londres
0.8273250730738002,-1.6090262823305992,-1.4485104154987114,0.0,0.0,1.0,0.0,0.0,0.0,1.0,0.0,Rome
-1.2882914733279003,1.2969634545547375,0.3074422217434228,0.0,0.0,0.0,0.0,1.0,0.0,0.0,1.0,Bali
1.224003175524119,-0.7434614282146331,-1.072234850375397,0.0,0.0,0.0,0.0,1.0,0.0,1.0,0.0,Londres
1.3562292096742252,-0.28567379425996664,-1.4485104154987114,0.0,0.0,0.0,1.0,0.0,1.0,0.0,0.0,Barcelone
-0.4288222513522094,1.4062169739187083,0.18201703336898464,0.0,1.0,0.0,0.0,0.0,0.0,0.0,1.0,Rome
1.620681277974438,0.8568718131731085,-0.31968372012876795,1.0,0.0,0.0,0.0,0.0,0.0,1.0,0.0,Rio de Janeiro
0.2984209364733751,-0.6357466908135352,0.8091429752411754,0.0,0.0,0.0,1.0,0.0,1.0,0.0,0.0,Rio de Janeiro
-0.29659621720210316,1.338510567552304,1.6871192938622424,0.0,0.0,1.0,0.0,0.0,1.0,0.0,0.0,Sydney
1.157890158449066,-1.0742995502322912,1.310843728738928,0.0,0.0,1.0,0.0,0.0,0.0,0.0,1.0,Sydney
-0.8916133708775814,-1.0242891364389244,0.9345681636156136,0.0,0.0,1.0,0.0,0.0,0.0,1.0,0.0,New York
0.3645339535484282,0.30906543439038153,-0.5705340968776442,0.0,0.0,0.0,0.0,1.0,0.0,1.0,0.0,Le Caire
1.620681277974438,1.0392174757735386,-1.197660038749835,1.0,0.0,0.0,0.0,0.0,1.0,0.0,0.0,Bali
1.2901161925991722,-0.8257862632283295,-1.6993607922475875,1.0,0.0,0.0,0.0,0.0,1.0,0.0,0.0,Rio de Janeiro
-0.8916133708775814,0.5498848115799793,-0.1942585317543298,0.0,0.0,1.0,0.0,0.0,0.0,0.0,1.0,Paris
-0.032144148901890615,-1.6559591321982203,0.18201703336898464,0.0,0.0,0.0,1.0,0.0,0.0,1.0,0.0,Rio de Janeiro
-0.4949352684272626,0.6006646163547825,-0.06883334337989165,0.0,0.0,1.0,0.0,0.0,0.0,0.0,1.0,Rome
1.5545682608993847,0.4352455553459535,-0.31968372012876795,0.0,1.0,0.0,0.0,0.0,1.0,0.0,0.0,Rio de Janeiro
1.224003175524119,-0.6257446080548618,1.18541854036449,0.0,0.0,0.0,0.0,1.0,1.0,0.0,0.0,New York
-1.0238394050276878,0.6968384890343343,1.4362689171133662,1.0,0.0,0.0,0.0,0.0,1.0,0.0,0.0,Le Caire
0.5628730047735876,-1.2658779046099584,0.6837177868667372,0.0,0.0,0.0,1.0,0.0,0.0,0.0,1.0,Barcelone
0.7612120559987471,-1.3158883184033254,-1.072234850375397,0.0,1.0,0.0,0.0,0.0,1.0,0.0,0.0,Sydney
-0.4949352684272626,0.36907793094242186,0.9345681636156136,0.0,0.0,0.0,1.0,0.0,1.0,0.0,0.0,Tokyo
-0.693274319652422,-1.4866931162822092,0.43286741011786095,1.0,0.0,0.0,0.0,0.0,0.0,1.0,0.0,New York
-0.7593873367274752,-0.8188617443954017,0.3074422217434228,0.0,0.0,1.0,0.0,0.0,0.0,0.0,1.0,Barcelone
0.695099038923694,-1.2866514611087416,-0.06883334337989165,0.0,0.0,0.0,1.0,0.0,0.0,0.0,1.0,Bali
-1.5527435416281128,-0.09255665791942669,-0.06883334337989165,0.0,0.0,1.0,0.0,0.0,0.0,1.0,0.0,Rome
-1.684969575778219,1.6031810651664302,1.6871192938622424,1.0,0.0,0.0,0.0,0.0,1.0,0.0,0.0,Sydney
-0.693274319652422,-0.6342079088506624,0.056591844994546496,0.0,0.0,0.0,0.0,1.0,0.0,1.0,0.0,Londres
0.1661949023232688,1.7116651935489646,-1.6993607922475875,0.0,0.0,0.0,1.0,0.0,0.0,1.0,0.0,Barcelone
0.5628730047735876,-0.3726149751622815,0.18201703336898464,0.0,0.0,1.0,0.0,0.0,1.0,0.0,0.0,Tokyo
0.695099038923694,-0.004846086035675459,-0.6959592852520824,0.0,1.0,0.0,0.0,0.0,0.0,1.0,0.0,New York
-0.4949352684272626,-1.2858820701273053,0.056591844994546496,0.0,1.0,0.0,0.0,0.0,1.0,0.0,0.0,Londres
-0.9577263879526345,0.7283835192732273,1.310843728738928,0.0,0.0,0.0,0.0,1.0,0.0,1.0,0.0,Rio de Janeiro
0.23230791939832193,0.7868572338623948,-0.1942585317543298,0.0,0.0,0.0,0.0,1.0,1.0,0.0,0.0,New York
-0.693274319652422,0.8176328731198513,-0.8213844736265206,0.0,0.0,0.0,0.0,1.0,1.0,0.0,0.0,Sydney
0.8273250730738002,-1.3143495364404525,1.18541854036449,1.0,0.0,0.0,0.0,0.0,1.0,0.0,0.0,New York
-1.5527435416281128,0.0066947786858707545,0.056591844994546496,1.0,0.0,0.0,0.0,0.0,1.0,0.0,0.0,Bali
-1.4205175074780065,0.3606146301466213,0.8091429752411754,0.0,0.0,1.0,0.0,0.0,0.0,1.0,0.0,New York
0.1661949023232688,1.264649033334408,-0.8213844736265206,0.0,0.0,1.0,0.0,0.0,0.0,0.0,1.0,Bali
0.3645339535484282,-0.6111261794075699,1.18541854036449,0.0,0.0,1.0,0.0,0.0,0.0,1.0,0.0,New York
-0.7593873367274752,-1.698275636177223,-0.1942585317543298,1.0,0.0,0.0,0.0,0.0,1.0,0.0,0.0,Paris
1.2901161925991722,0.9722804603885706,-0.1942585317543298,0.0,0.0,1.0,0.0,0.0,0.0,1.0,0.0,Rio de Janeiro
-0.5610482855023157,-0.5357258632268013,1.310843728738928,0.0,0.0,0.0,0.0,1.0,0.0,1.0,0.0,Rome
-1.5527435416281128,0.9407354301496776,-0.06883334337989165,0.0,1.0,0.0,0.0,0.0,0.0,1.0,0.0,Tokyo
0.6289860218486407,0.05285823757205561,-0.5705340968776442,0.0,0.0,0.0,0.0,1.0,0.0,1.0,0.0,Barcelone
0.43064697062348134,-1.6898123353814227,1.5616941054878042,1.0,0.0,0.0,0.0,0.0,0.0,1.0,0.0,Bali
-1.0238394050276878,-0.1256404701211925,-1.072234850375397,1.0,0.0,0.0,0.0,0.0,1.0,0.0,0.0,Tokyo
0.23230791939832193,-1.6913511173442954,-0.5705340968776442,0.0,0.0,0.0,0.0,1.0,0.0,1.0,0.0,New York
1.2901161925991722,-0.33260664412758795,0.43286741011786095,1.0,0.0,0.0,0.0,0.0,0.0,1.0,0.0,Rome
0.1661949023232688,1.0930748444740876,-1.072234850375397,0.0,1.0,0.0,0.0,0.0,1.0,0.0,0.0,Rome
0.2984209364733751,1.0876891076040327,0.6837177868667372,0.0,0.0,0.0,1.0,0.0,1.0,0.0,0.0,Rio de Janeiro
-1.222178456252847,0.7922429707324496,0.18201703336898464,0.0,0.0,0.0,1.0,0.0,0.0,1.0,0.0,Le Caire
1.0256641242989597,0.8007062715282502,-1.3230852271242732,0.0,0.0,0.0,0.0,1.0,0.0,1.0,0.0,Londres
-1.2882914733279003,1.51316232033837,0.43286741011786095,0.0,0.0,0.0,1.0,0.0,0.0,1.0,0.0,Barcelone
-1.3544044904029533,-1.5274708382983393,1.0599933519900517,0.0,0.0,0.0,0.0,1.0,0.0,1.0,0.0,Tokyo
-0.8255003538025283,0.744540729883392,1.0599933519900517,1.0,0.0,0.0,0.0,0.0,1.0,0.0,0.0,Londres
0.10008188524821567,0.7099181357187534,-0.8213844736265206,0.0,0.0,0.0,0.0,1.0,1.0,0.0,0.0,Rome
0.8273250730738002,-0.6826795406811564,1.6871192938622424,0.0,0.0,0.0,0.0,1.0,1.0,0.0,0.0,Barcelone
-1.618856558703166,-1.719818583657443,0.9345681636156136,0.0,0.0,0.0,0.0,1.0,0.0,1.0,0.0,New York
0.2984209364733751,-0.45263163723166855,-1.5739356038731493,0.0,1.0,0.0,0.0,0.0,0.0,0.0,1.0,Barcelone
-1.156065439177794,0.8376370386371982,1.5616941054878042,0.0,0.0,1.0,0.0,0.0,0.0,1.0,0.0,Sydney
-1.156065439177794,-1.5205463194654114,-0.8213844736265206,1.0,0.0,0.0,0.0,0.0,0.0,1.0,0.0,Paris
-0.6271613025773689,1.6077974110550488,-0.6959592852520824,0.0,1.0,0.0,0.0,0.0,1.0,0.0,0.0,Paris
-1.2882914733279003,1.0253684381076833,-1.6993607922475875,0.0,0.0,0.0,0.0,1.0,1.0,0.0,0.0,Tokyo
-1.684969575778219,-0.9350397825923003,-0.5705340968776442,1.0,0.0,0.0,0.0,0.0,1.0,0.0,0.0,Rio de Janeiro
-1.156065439177794,-1.2828045062015596,-1.3230852271242732,1.0,0.0,0.0,0.0,0.0,1.0,0.0,0.0,Le Caire
-1.4866305245530596,0.4298598184758986,-1.3230852271242732,0.0,1.0,0.0,0.0,0.0,0.0,1.0,0.0,Rio de Janeiro
-1.684969575778219,1.0930748444740876,-0.6959592852520824,1.0,0.0,0.0,0.0,0.0,1.0,0.0,0.0,Rio de Janeiro
-1.3544044904029533,0.10671560627260461,-0.8213844736265206,0.0,0.0,0.0,1.0,0.0,0.0,1.0,0.0,Barcelone
-1.684969575778219,0.7168426545516811,-0.8213844736265206,1.0,0.0,0.0,0.0,0.0,0.0,1.0,0.0,Barcelone
-1.0899524221027408,-0.11871595128826477,-1.4485104154987114,0.0,0.0,0.0,0.0,1.0,1.0,0.0,0.0,Barcelone
-0.09825716597694376,-0.9950522791443406,-0.06883334337989165,0.0,0.0,0.0,0.0,1.0,0.0,1.0,0.0,Sydney
1.686794295049491,-1.1358508287472044,-0.9468096620009587,0.0,0.0,1.0,0.0,0.0,0.0,0.0,1.0,Le Caire
-1.222178456252847,0.763006113437866,0.056591844994546496,1.0,0.0,0.0,0.0,0.0,0.0,0.0,1.0,Le Caire
0.6289860218486407,0.09055839566243991,-0.6959592852520824,0.0,0.0,0.0,0.0,1.0,1.0,0.0,0.0,Barcelone
-1.2882914733279003,-1.1335426558028951,1.6871192938622424,0.0,0.0,0.0,0.0,1.0,1.0,0.0,0.0,New York
0.49675998769853447,0.22058547152519392,-1.6993607922475875,0.0,1.0,0.0,0.0,0.0,0.0,1.0,0.0,Tokyo
0.10008188524821567,0.9053434450036026,0.5582925984922991,1.0,0.0,0.0,0.0,0.0,1.0,0.0,0.0,Barcelone
-0.8916133708775814,-1.354357867475146,-0.06883334337989165,0.0,0.0,0.0,0.0,1.0,1.0,0.0,0.0,Londres
0.6289860218486407,-0.46494189293465116,1.5616941054878042,0.0,1.0,0.0,0.0,0.0,0.0,1.0,0.0,Tokyo
-1.684969575778219,0.7376162110504643,-1.6993607922475875,0.0,0.0,0.0,1.0,0.0,0.0,1.0,0.0,Rome
-0.5610482855023157,-1.6144120192006541,-0.31968372012876795,0.0,0.0,0.0,1.0,0.0,1.0,0.0,0.0,Rio de Janeiro
-0.4288222513522094,-1.6444182674766743,1.310843728738928,0.0,0.0,0.0,1.0,0.0,0.0,1.0,0.0,Sydney
0.8934380901488533,0.8922637983191836,-0.4451089085032061,0.0,0.0,1.0,0.0,0.0,1.0,0.0,0.0,Bali
0.9595511072239065,-1.1743203778190252,-0.5705340968776442,1.0,0.0,0.0,0.0,0.0,0.0,0.0,1.0,Le Caire
-1.618856558703166,-1.2612615587213398,-1.072234850375397,0.0,1.0,0.0,0.0,0.0,0.0,1.0,0.0,Tokyo
1.2901161925991722,-1.5543995226486138,-1.072234850375397,0.0,0.0,0.0,1.0,0.0,0.0,0.0,1.0,Paris
1.620681277974438,-0.30106161388869496,-0.8213844736265206,1.0,0.0,0.0,0.0,0.0,0.0,0.0,1.0,Tokyo
0.2984209364733751,0.1274891627713878,-1.4485104154987114,0.0,0.0,0.0,1.0,0.0,1.0,0.0,0.0,Paris
1.686794295049491,-1.659036696123966,-1.197660038749835,0.0,0.0,0.0,0.0,1.0,0.0,0.0,1.0,Rio de Janeiro
1.2901161925991722,0.5629644582643982,-1.6993607922475875,0.0,0.0,0.0,1.0,0.0,0.0,0.0,1.0,Tokyo
0.8273250730738002,0.2405896370425407,0.18201703336898464,0.0,0.0,1.0,0.0,0.0,0.0,1.0,0.0,Rome
-1.222178456252847,1.6293403585352684,-1.5739356038731493,0.0,0.0,1.0,0.0,0.0,0.0,0.0,1.0,Tokyo
-1.0899524221027408,1.38005768054987,1.18541854036449,0.0,0.0,0.0,1.0,0.0,0.0,0.0,1.0,Barcelone
-0.6271613025773689,0.3836963595897137,1.4362689171133662,0.0,0.0,1.0,0.0,0.0,0.0,1.0,0.0,Rio de Janeiro
0.695099038923694,-0.7457696011589424,0.9345681636156136,0.0,0.0,0.0,0.0,1.0,0.0,0.0,1.0,Tokyo
-0.3627092342771563,1.0907666715297784,1.6871192938622424,0.0,1.0,0.0,0.0,0.0,0.0,0.0,1.0,Sydney
-1.5527435416281128,-0.3726149751622815,-0.8213844736265206,0.0,0.0,0.0,0.0,1.0,0.0,0.0,1.0,Paris
-0.16437018305199688,1.1954038450051307,1.18541854036449,1.0,0.0,0.0,0.0,0.0,0.0,1.0,0.0,Tokyo
-0.16437018305199688,-1.530548402224085,-1.072234850375397,1.0,0.0,0.0,0.0,0.0,0.0,0.0,1.0,Bali
-0.29659621720210316,-0.789624887100818,0.43286741011786095,1.0,0.0,0.0,0.0,0.0,1.0,0.0,0.0,New York
-1.2882914733279003,0.5798910598559993,0.18201703336898464,0.0,0.0,0.0,0.0,1.0,0.0,0.0,1.0,Barcelone
-1.0238394050276878,1.1615506418219286,-1.6993607922475875,0.0,1.0,0.0,0.0,0.0,1.0,0.0,0.0,Le Caire
-1.156065439177794,0.013619297518798482,0.9345681636156136,0.0,0.0,1.0,0.0,0.0,1.0,0.0,0.0,New York
-0.8916133708775814,-1.5574770865743595,-1.3230852271242732,0.0,0.0,1.0,0.0,0.0,1.0,0.0,0.0,New York
1.224003175524119,1.017674528293319,1.18541854036449,1.0,0.0,0.0,0.0,0.0,0.0,1.0,0.0,Rome
0.1661949023232688,-0.4503234642873593,-1.6993607922475875,0.0,0.0,0.0,1.0,0.0,0.0,0.0,1.0,Paris
1.0256641242989597,1.1769384614506568,-0.5705340968776442,1.0,0.0,0.0,0.0,0.0,1.0,0.0,0.0,Londres
-0.29659621720210316,-1.2097123629651,0.43286741011786095,0.0,0.0,1.0,0.0,0.0,1.0,0.0,0.0,Bali
1.0256641242989597,1.2231019203368416,1.0599933519900517,0.0,0.0,0.0,0.0,1.0,0.0,0.0,1.0,Rio de Janeiro
0.3645339535484282,-1.3997519353798944,-0.4451089085032061,0.0,0.0,0.0,1.0,0.0,0.0,0.0,1.0,Paris
-0.7593873367274752,0.8499472943401808,0.8091429752411754,0.0,0.0,1.0,0.0,0.0,0.0,1.0,0.0,Londres
-0.7593873367274752,-0.9658154218497569,0.8091429752411754,0.0,1.0,0.0,0.0,0.0,0.0,0.0,1.0,Rio de Janeiro
-0.4949352684272626,-1.0012074069958319,0.8091429752411754,1.0,0.0,0.0,0.0,0.0,0.0,1.0,0.0,Rio de Janeiro
0.2984209364733751,1.333124830682249,-0.31968372012876795,0.0,0.0,0.0,0.0,1.0,0.0,1.0,0.0,Tokyo
1.4223422267492785,0.6868364062756609,0.18201703336898464,0.0,0.0,0.0,1.0,0.0,0.0,1.0,0.0,Rome
0.10008188524821567,-0.3302984711832787,-0.8213844736265206,0.0,0.0,1.0,0.0,0.0,0.0,0.0,1.0,Rome
-0.6271613025773689,-0.9181131810006992,-1.4485104154987114,0.0,0.0,0.0,1.0,0.0,1.0,0.0,0.0,Sydney
0.43064697062348134,1.704740674716037,0.3074422217434228,0.0,0.0,1.0,0.0,0.0,1.0,0.0,0.0,Barcelone
-0.23048320012705004,0.7014548349229528,-0.9468096620009587,0.0,1.0,0.0,0.0,0.0,1.0,0.0,0.0,Sydney
1.5545682608993847,1.5570176062802454,-0.31968372012876795,0.0,0.0,1.0,0.0,0.0,0.0,1.0,0.0,Sydney
-1.5527435416281128,0.5729665410230717,1.0599933519900517,1.0,0.0,0.0,0.0,0.0,0.0,0.0,1.0,Tokyo
0.1661949023232688,-1.4813073794121543,-1.6993607922475875,0.0,0.0,0.0,1.0,0.0,0.0,0.0,1.0,Rio de Janeiro
1.686794295049491,-1.3458945666793454,-1.6993607922475875,0.0,0.0,1.0,0.0,0.0,1.0,0.0,0.0,Tokyo
-0.4288222513522094,0.18596287736055528,-1.6993607922475875,0.0,0.0,0.0,1.0,0.0,0.0,1.0,0.0,Paris
-0.8255003538025283,-1.0204421815317422,-0.9468096620009587,0.0,0.0,0.0,1.0,0.0,0.0,1.0,0.0,Le Caire
0.10008188524821567,1.6678099076070891,0.9345681636156136,1.0,0.0,0.0,0.0,0.0,0.0,0.0,1.0,Rio de Janeiro
1.3562292096742252,-1.0950731067310744,0.8091429752411754,1.0,0.0,0.0,0.0,0.0,1.0,0.0,0.0,Tokyo
0.1661949023232688,-1.6051793274234172,0.43286741011786095,0.0,1.0,0.0,0.0,0.0,0.0,1.0,0.0,Tokyo
-0.4288222513522094,-0.5526524648184024,-0.4451089085032061,0.0,1.0,0.0,0.0,0.0,0.0,0.0,1.0,Sydney
0.033968868173162525,-0.10255874067810007,1.0599933519900517,0.0,0.0,0.0,1.0,0.0,1.0,0.0,0.0,Rome
0.1661949023232688,-1.22048383670521,1.0599933519900517,0.0,1.0,0.0,0.0,0.0,1.0,0.0,0.0,Bali
0.1661949023232688,1.5277807489856616,0.8091429752411754,0.0,0.0,0.0,0.0,1.0,1.0,0.0,0.0,Rome
1.686794295049491,1.6301097495167047,-1.3230852271242732,0.0,0.0,0.0,0.0,1.0,0.0,0.0,1.0,Rio de Janeiro
-1.4866305245530596,-1.1904775884291898,0.5582925984922991,0.0,0.0,0.0,0.0,1.0,1.0,0.0,0.0,Tokyo
0.8273250730738002,-0.9558133390910835,-1.3230852271242732,0.0,0.0,0.0,1.0,0.0,0.0,1.0,0.0,Le Caire
0.5628730047735876,-0.9404255194623552,0.8091429752411754,1.0,0.0,0.0,0.0,0.0,0.0,0.0,1.0,Tokyo
-1.222178456252847,0.7283835192732273,-1.6993607922475875,0.0,0.0,1.0,0.0,0.0,0.0,1.0,0.0,Sydney
-0.8255003538025283,-1.3820559428068568,-1.4485104154987114,0.0,0.0,0.0,1.0,0.0,1.0,0.0,0.0,Rio de Janeiro
-0.693274319652422,0.3536901113136936,-0.8213844736265206,0.0,1.0,0.0,0.0,0.0,0.0,1.0,0.0,Sydney
-0.693274319652422,-0.10486691362240931,-0.9468096620009587,0.0,0.0,0.0,1.0,0.0,0.0,1.0,0.0,Rome
0.49675998769853447,0.28598370494728914,1.6871192938622424,1.0,0.0,0.0,0.0,0.0,1.0,0.0,0.0,Sydney
-1.3544044904029533,0.2998327426131446,0.056591844994546496,0.0,0.0,0.0,0.0,1.0,0.0,0.0,1.0,Rome
0.49675998769853447,-0.1856529666732328,-0.31968372012876795,0.0,0.0,0.0,1.0,0.0,0.0,1.0,0.0,Bali
1.686794295049491,-0.14333646269423003,1.0599933519900517,1.0,0.0,0.0,0.0,0.0,0.0,1.0,0.0,Tokyo
1.620681277974438,1.5700972529646644,-0.5705340968776442,0.0,1.0,0.0,0.0,0.0,1.0,0.0,0.0,Rome
-0.032144148901890615,-1.172012204874716,0.43286741011786095,0.0,0.0,1.0,0.0,0.0,1.0,0.0,0.0,Sydney
1.224003175524119,0.08748083173669426,0.056591844994546496,0.0,0.0,0.0,1.0,0.0,0.0,0.0,1.0,Rome
0.1661949023232688,-0.24027972635521821,0.9345681636156136,1.0,0.0,0.0,0.0,0.0,0.0,1.0,0.0,New York
0.3645339535484282,-1.2774187693315047,1.6871192938622424,0.0,0.0,0.0,1.0,0.0,0.0,0.0,1.0,Paris
-1.2882914733279003,-1.5428586579270676,-0.4451089085032061,0.0,0.0,0.0,1.0,0.0,0.0,0.0,1.0,Paris
-1.3544044904029533,1.5777911627790286,1.310843728738928,0.0,0.0,0.0,1.0,0.0,0.0,1.0,0.0,Sydney
1.620681277974438,1.3377411765708673,-0.8213844736265206,0.0,0.0,0.0,0.0,1.0,0.0,0.0,1.0,Bali
1.686794295049491,-1.0150564446616874,-0.8213844736265206,0.0,0.0,0.0,1.0,0.0,0.0,0.0,1.0,Rio de Janeiro
1.157890158449066,1.1915568900979487,-1.3230852271242732,0.0,1.0,0.0,0.0,0.0,0.0,1.0,0.0,Londres
0.5628730047735876,-0.6042016605746422,-0.31968372012876795,1.0,0.0,0.0,0.0,0.0,0.0,0.0,1.0,Barcelone
1.4884552438243315,-1.2535676489069758,-0.4451089085032061,0.0,0.0,0.0,1.0,0.0,1.0,0.0,0.0,Londres
1.3562292096742252,1.5377828317443352,1.5616941054878042,0.0,0.0,0.0,1.0,0.0,0.0,1.0,0.0,Bali
-0.4949352684272626,0.408316870995679,-0.06883334337989165,0.0,1.0,0.0,0.0,0.0,0.0,0.0,1.0,New York
-0.8916133708775814,0.8591799861174177,-1.3230852271242732,1.0,0.0,0.0,0.0,0.0,1.0,0.0,0.0,Tokyo
1.0256641242989597,-0.6842183226440293,0.9345681636156136,1.0,0.0,0.0,0.0,0.0,0.0,1.0,0.0,Sydney
-0.09825716597694376,-0.0610116276805337,-0.5705340968776442,0.0,0.0,1.0,0.0,0.0,0.0,0.0,1.0,New York
1.3562292096742252,0.22750999035812164,0.5582925984922991,0.0,0.0,0.0,0.0,1.0,1.0,0.0,0.0,Rome
-0.16437018305199688,0.5545011574685977,-0.5705340968776442,1.0,0.0,0.0,0.0,0.0,0.0,1.0,0.0,Le Caire
0.6289860218486407,0.03285407205470884,-0.31968372012876795,0.0,1.0,0.0,0.0,0.0,1.0,0.0,0.0,New York
1.0917771413740127,-1.5744036881659604,-0.06883334337989165,1.0,0.0,0.0,0.0,0.0,0.0,0.0,1.0,Londres
-1.2882914733279003,-1.660575478086839,-0.4451089085032061,0.0,0.0,1.0,0.0,0.0,0.0,0.0,1.0,Rome
0.23230791939832193,-0.8388659099127485,-1.3230852271242732,0.0,0.0,0.0,0.0,1.0,0.0,1.0,0.0,Rome
0.1661949023232688,-1.1027670165454386,-0.8213844736265206,0.0,0.0,0.0,1.0,0.0,0.0,1.0,0.0,Barcelone
-1.0899524221027408,1.700893719808855,1.18541854036449,0.0,1.0,0.0,0.0,0.0,1.0,0.0,0.0,Rio de Janeiro
1.686794295049491,1.3115818832020294,-0.5705340968776442,0.0,1.0,0.0,0.0,0.0,1.0,0.0,0.0,Tokyo
-0.4949352684272626,0.8130165272312329,-1.5739356038731493,0.0,1.0,0.0,0.0,0.0,0.0,1.0,0.0,New York
1.0917771413740127,0.0736317940708388,-0.5705340968776442,0.0,0.0,0.0,1.0,0.0,1.0,0.0,0.0,Londres
-1.4205175074780065,0.26521014844850593,-1.3230852271242732,0.0,0.0,0.0,0.0,1.0,0.0,1.0,0.0,Rome
-1.0238394050276878,-1.153546821320242,-1.6993607922475875,0.0,0.0,0.0,0.0,1.0,1.0,0.0,0.0,Bali
1.2901161925991722,-0.587275058983041,0.056591844994546496,1.0,0.0,0.0,0.0,0.0,0.0,0.0,1.0,Tokyo
0.033968868173162525,0.5321888190069417,-0.4451089085032061,0.0,0.0,0.0,1.0,0.0,0.0,0.0,1.0,Rio de Janeiro
-1.3544044904029533,1.067684942086686,0.18201703336898464,0.0,0.0,1.0,0.0,0.0,1.0,0.0,0.0,Barcelone
1.0917771413740127,0.712995699644499,-0.8213844736265206,0.0,0.0,1.0,0.0,0.0,0.0,1.0,0.0,Barcelone
-1.2882914733279003,0.7822408879737763,0.5582925984922991,0.0,0.0,0.0,0.0,1.0,0.0,1.0,0.0,Bali
1.4223422267492785,0.12671977178995136,0.5582925984922991,0.0,0.0,1.0,0.0,0.0,1.0,0.0,0.0,Londres
0.7612120559987471,0.21750790759944827,-1.5739356038731493,0.0,0.0,0.0,1.0,0.0,0.0,1.0,0.0,Barcelone
0.7612120559987471,-0.8704109401516414,0.5582925984922991,0.0,0.0,0.0,1.0,0.0,1.0,0.0,0.0,Paris
1.5545682608993847,-0.02638903351589506,0.6837177868667372,0.0,0.0,0.0,1.0,0.0,0.0,0.0,1.0,Bali
1.3562292096742252,0.8499472943401808,-0.4451089085032061,0.0,0.0,0.0,0.0,1.0,0.0,1.0,0.0,Rome
-1.0899524221027408,0.592201315558982,0.5582925984922991,0.0,0.0,0.0,1.0,0.0,0.0,1.0,0.0,Tokyo
0.10008188524821567,-1.4428378303403337,0.056591844994546496,0.0,0.0,1.0,0.0,0.0,1.0,0.0,0.0,Rio de Janeiro
-1.618856558703166,-0.43108868975144893,0.9345681636156136,0.0,0.0,0.0,1.0,0.0,0.0,1.0,0.0,Bali
-1.222178456252847,1.1430852582674547,1.0599933519900517,0.0,0.0,0.0,0.0,1.0,0.0,1.0,0.0,Londres
0.3645339535484282,0.08594204977382142,1.5616941054878042,0.0,0.0,1.0,0.0,0.0,0.0,1.0,0.0,Le Caire
-1.0238394050276878,0.9422742121125505,-0.4451089085032061,0.0,0.0,0.0,0.0,1.0,0.0,0.0,1.0,Sydney
-0.4288222513522094,1.632417922461014,-0.8213844736265206,1.0,0.0,0.0,0.0,0.0,1.0,0.0,0.0,Londres
-1.4866305245530596,0.6976078800157708,0.9345681636156136,0.0,0.0,0.0,1.0,0.0,0.0,0.0,1.0,Paris
0.43064697062348134,1.6301097495167047,-1.4485104154987114,0.0,0.0,0.0,1.0,0.0,1.0,0.0,0.0,Sydney
-1.2882914733279003,0.1875016593234281,0.5582925984922991,0.0,0.0,1.0,0.0,0.0,0.0,0.0,1.0,Bali
-0.8916133708775814,-1.359743604345201,-0.31968372012876795,0.0,0.0,1.0,0.0,0.0,0.0,0.0,1.0,Le Caire
-0.29659621720210316,1.5316277038928439,-0.8213844736265206,0.0,1.0,0.0,0.0,0.0,0.0,0.0,1.0,Bali
-1.0899524221027408,-0.12179351521401043,0.5582925984922991,0.0,0.0,0.0,0.0,1.0,0.0,1.0,0.0,Le Caire
0.6289860218486407,0.5714277590601988,0.056591844994546496,0.0,1.0,0.0,0.0,0.0,1.0,0.0,0.0,Sydney
1.4223422267492785,1.4154496656959452,1.310843728738928,1.0,0.0,0.0,0.0,0.0,0.0,1.0,0.0,Londres
0.23230791939832193,1.0946136264369606,-1.072234850375397,1.0,0.0,0.0,0.0,0.0,0.0,1.0,0.0,New York
-0.29659621720210316,-0.47032762980470605,-1.072234850375397,0.0,0.0,0.0,1.0,0.0,0.0,0.0,1.0,Tokyo
-0.4949352684272626,0.17596079460188188,0.3074422217434228,0.0,0.0,1.0,0.0,0.0,0.0,0.0,1.0,Rome
0.6289860218486407,0.2505917198012141,0.18201703336898464,0.0,0.0,0.0,0.0,1.0,0.0,1.0,0.0,Paris
-0.5610482855023157,0.49602744287943024,0.9345681636156136,0.0,0.0,0.0,1.0,0.0,0.0,1.0,0.0,Le Caire
-1.5527435416281128,-1.4736134695977903,-0.4451089085032061,0.0,0.0,0.0,0.0,1.0,0.0,1.0,0.0,Le Caire
-1.5527435416281128,-0.1633406282115768,1.5616941054878042,0.0,0.0,1.0,0.0,0.0,0.0,0.0,1.0,Rome
0.9595511072239065,1.1838629802835845,1.4362689171133662,0.0,0.0,1.0,0.0,0.0,0.0,0.0,1.0,Sydney
-0.09825716597694376,-0.4233947799370848,-0.6959592852520824,0.0,1.0,0.0,0.0,0.0,0.0,1.0,0.0,Paris
-0.29659621720210316,0.09979108743967688,0.056591844994546496,1.0,0.0,0.0,0.0,0.0,1.0,0.0,0.0,Barcelone
-0.8916133708775814,-0.7996269698594913,-0.4451089085032061,1.0,0.0,0.0,0.0,0.0,0.0,0.0,1.0,Sydney
0.8934380901488533,-1.4505317401546978,-0.31968372012876795,0.0,0.0,0.0,1.0,0.0,1.0,0.0,0.0,Sydney
0.2984209364733751,1.699354937845982,-1.3230852271242732,0.0,1.0,0.0,0.0,0.0,0.0,1.0,0.0,Barcelone
-0.032144148901890615,0.7868572338623948,0.056591844994546496,1.0,0.0,0.0,0.0,0.0,1.0,0.0,0.0,Tokyo
0.23230791939832193,-1.1904775884291898,-0.06883334337989165,0.0,1.0,0.0,0.0,0.0,1.0,0.0,0.0,Sydney
0.8273250730738002,0.18442409539768245,1.18541854036449,0.0,0.0,0.0,1.0,0.0,0.0,0.0,1.0,Londres
-0.4288222513522094,1.6870446821429994,-1.3230852271242732,1.0,0.0,0.0,0.0,0.0,0.0,0.0,1.0,Sydney
-1.5527435416281128,0.47679266834351985,1.18541854036449,0.0,0.0,1.0,0.0,0.0,0.0,0.0,1.0,Bali
0.43064697062348134,0.41139443492142463,-0.9468096620009587,0.0,0.0,1.0,0.0,0.0,0.0,0.0,1.0,Sydney
-1.3544044904029533,1.0823033707339778,0.5582925984922991,1.0,0.0,0.0,0.0,0.0,1.0,0.0,0.0,Rio de Janeiro
-0.6271613025773689,-1.5174687555396658,0.6837177868667372,1.0,0.0,0.0,0.0,0.0,0.0,1.0,0.0,Rio de Janeiro
-1.156065439177794,-1.5859445528875067,1.0599933519900517,1.0,0.0,0.0,0.0,0.0,1.0,0.0,0.0,Le Caire
-0.693274319652422,0.7191508274959904,-0.8213844736265206,0.0,1.0,0.0,0.0,0.0,1.0,0.0,0.0,Londres
-0.3627092342771563,1.196173235986567,1.310843728738928,0.0,0.0,1.0,0.0,0.0,0.0,0.0,1.0,Tokyo
0.9595511072239065,1.0961524083998333,-0.31968372012876795,0.0,0.0,0.0,0.0,1.0,0.0,1.0,0.0,Le Caire
-0.09825716597694376,-1.4782298154864086,1.18541854036449,0.0,1.0,0.0,0.0,0.0,0.0,0.0,1.0,Londres
-1.0899524221027408,0.06209092934929258,-0.6959592852520824,1.0,0.0,0.0,0.0,0.0,0.0,1.0,0.0,Barcelone
-1.0238394050276878,-1.0473708658820167,-0.8213844736265206,0.0,0.0,0.0,0.0,1.0,1.0,0.0,0.0,Paris
0.3645339535484282,-0.9365785645551731,0.43286741011786095,1.0,0.0,0.0,0.0,0.0,0.0,0.0,1.0,Londres
0.5628730047735876,-0.6395936457207172,-0.1942585317543298,1.0,0.0,0.0,0.0,0.0,0.0,0.0,1.0,Tokyo
0.7612120559987471,0.7776245420851579,-1.6993607922475875,0.0,1.0,0.0,0.0,0.0,1.0,0.0,0.0,Sydney
-1.618856558703166,-1.7244349295460613,-0.8213844736265206,0.0,0.0,0.0,1.0,0.0,0.0,1.0,0.0,New York
-0.8916133708775814,-1.1212324000999125,-1.5739356038731493,0.0,0.0,0.0,1.0,0.0,1.0,0.0,0.0,Sydney
0.49675998769853447,0.36138402112805773,-0.1942585317543298,0.0,0.0,0.0,1.0,0.0,0.0,0.0,1.0,Rio de Janeiro
-1.618856558703166,0.022851989296035453,-1.197660038749835,1.0,0.0,0.0,0.0,0.0,0.0,1.0,0.0,Londres
1.620681277974438,-0.4426295544729952,0.8091429752411754,0.0,0.0,0.0,0.0,1.0,0.0,1.0,0.0,Londres
1.2901161925991722,-0.8142453985067832,1.4362689171133662,0.0,0.0,1.0,0.0,0.0,1.0,0.0,0.0,Sydney
0.3645339535484282,0.8160940911569785,0.8091429752411754,0.0,0.0,0.0,0.0,1.0,1.0,0.0,0.0,Sydney
0.695099038923694,-1.7113552828616423,1.310843728738928,0.0,0.0,1.0,0.0,0.0,0.0,0.0,1.0,Barcelone
-0.16437018305199688,0.12441159884564214,0.9345681636156136,0.0,0.0,1.0,0.0,0.0,1.0,0.0,0.0,Paris
-0.693274319652422,1.4416089590647834,-0.1942585317543298,0.0,0.0,1.0,0.0,0.0,1.0,0.0,0.0,Rio de Janeiro
-1.4205175074780065,-1.489770680207955,0.9345681636156136,0.0,0.0,1.0,0.0,0.0,1.0,0.0,0.0,Rio de Janeiro
0.6289860218486407,-0.6595978112380639,0.43286741011786095,1.0,0.0,0.0,0.0,0.0,1.0,0.0,0.0,Londres
-1.5527435416281128,0.4090862619771154,1.5616941054878042,0.0,0.0,0.0,1.0,0.0,0.0,1.0,0.0,Barcelone
1.0917771413740127,-1.0473708658820167,0.5582925984922991,0.0,0.0,0.0,0.0,1.0,1.0,0.0,0.0,Bali
1.0256641242989597,0.3121429983161272,1.6871192938622424,1.0,0.0,0.0,0.0,0.0,0.0,0.0,1.0,Barcelone
-0.693274319652422,1.3231227479235754,0.9345681636156136,0.0,1.0,0.0,0.0,0.0,0.0,1.0,0.0,Londres
-0.693274319652422,-0.09640361282660875,0.9345681636156136,0.0,0.0,1.0,0.0,0.0,1.0,0.0,0.0,Le Caire
0.1661949023232688,-1.3258904011619987,1.6871192938622424,0.0,1.0,0.0,0.0,0.0,1.0,0.0,0.0,Le Caire
1.3562292096742252,-0.5434197730411654,-1.4485104154987114,0.0,0.0,0.0,0.0,1.0,0.0,1.0,0.0,Rio de Janeiro
1.2901161925991722,-0.5595769836513301,-1.072234850375397,0.0,0.0,0.0,1.0,0.0,0.0,0.0,1.0,Tokyo
-0.8255003538025283,0.4991050068051759,-0.31968372012876795,1.0,0.0,0.0,0.0,0.0,0.0,0.0,1.0,Tokyo
1.2901161925991722,-0.5703484573914399,-0.5705340968776442,0.0,0.0,0.0,0.0,1.0,0.0,1.0,0.0,Sydney
-1.222178456252847,1.3769801166241245,1.6871192938622424,1.0,0.0,0.0,0.0,0.0,0.0,1.0,0.0,Barcelone
0.695099038923694,1.305426755350538,-0.6959592852520824,0.0,0.0,1.0,0.0,0.0,0.0,0.0,1.0,Rome
0.10008188524821567,-1.5528607406857409,-1.4485104154987114,1.0,0.0,0.0,0.0,0.0,0.0,1.0,0.0,Rome
0.2984209364733751,-0.821169917339711,1.0599933519900517,0.0,0.0,0.0,1.0,0.0,1.0,0.0,0.0,Sydney
1.3562292096742252,1.0515277314765212,0.9345681636156136,0.0,0.0,1.0,0.0,0.0,0.0,0.0,1.0,Londres
0.49675998769853447,1.2061753187452406,1.0599933519900517,0.0,0.0,0.0,1.0,0.0,0.0,1.0,0.0,New York
-1.618856558703166,-0.6342079088506624,-0.1942585317543298,1.0,0.0,0.0,0.0,0.0,1.0,0.0,0.0,Tokyo
-0.6271613025773689,-0.5988159237045872,0.056591844994546496,0.0,0.0,0.0,0.0,1.0,0.0,1.0,0.0,Barcelone
0.1661949023232688,1.5016214556168237,-0.4451089085032061,0.0,0.0,0.0,1.0,0.0,0.0,1.0,0.0,Rome
-0.6271613025773689,-1.422833664822987,-0.5705340968776442,0.0,0.0,0.0,0.0,1.0,1.0,0.0,0.0,Rio de Janeiro
-1.0238394050276878,-1.5190075375025387,-0.8213844736265206,0.0,1.0,0.0,0.0,0.0,0.0,0.0,1.0,Le Caire
1.157890158449066,-1.6136426282192176,0.6837177868667372,1.0,0.0,0.0,0.0,0.0,1.0,0.0,0.0,Le Caire
-1.2882914733279003,-0.7650043756948527,-1.3230852271242732,0.0,0.0,0.0,0.0,1.0,1.0,0.0,0.0,New York
-0.7593873367274752,-1.6728857337898215,0.9345681636156136,0.0,0.0,0.0,0.0,1.0,0.0,0.0,1.0,Bali
-1.5527435416281128,-0.33645359903477,0.6837177868667372,0.0,0.0,0.0,1.0,0.0,1.0,0.0,0.0,Rio de Janeiro
-0.032144148901890615,-1.3258904011619987,-0.1942585317543298,0.0,0.0,1.0,0.0,0.0,1.0,0.0,0.0,Rio de Janeiro
0.7612120559987471,-1.7382839672119168,-0.4451089085032061,0.0,0.0,0.0,0.0,1.0,0.0,0.0,1.0,New York
0.23230791939832193,1.3154288381092114,-1.4485104154987114,0.0,0.0,0.0,0.0,1.0,0.0,0.0,1.0,New York
0.10008188524821567,0.08055631290376652,-1.197660038749835,1.0,0.0,0.0,0.0,0.0,0.0,0.0,1.0,Londres
-0.4288222513522094,1.288500153758937,-0.4451089085032061,1.0,0.0,0.0,0.0,0.0,0.0,1.0,0.0,New York
-1.0238394050276878,-0.44032138152868594,0.3074422217434228,0.0,0.0,0.0,1.0,0.0,0.0,0.0,1.0,Sydney
-0.7593873367274752,-0.22027556083787145,1.310843728738928,0.0,0.0,1.0,0.0,0.0,1.0,0.0,0.0,Sydney
0.8273250730738002,0.5575787213943434,0.5582925984922991,0.0,0.0,0.0,1.0,0.0,0.0,1.0,0.0,Rio de Janeiro
0.43064697062348134,0.5598868943386526,-1.197660038749835,1.0,0.0,0.0,0.0,0.0,0.0,1.0,0.0,Paris
-0.4949352684272626,-0.4495540733059229,1.18541854036449,0.0,0.0,0.0,1.0,0.0,1.0,0.0,0.0,New York
0.5628730047735876,-0.45263163723166855,-0.5705340968776442,0.0,0.0,1.0,0.0,0.0,1.0,0.0,0.0,Le Caire
-0.4288222513522094,-0.33183725314615153,0.18201703336898464,0.0,1.0,0.0,0.0,0.0,0.0,1.0,0.0,Le Caire
-0.4288222513522094,1.4185272296216909,-0.06883334337989165,0.0,1.0,0.0,0.0,0.0,0.0,0.0,1.0,Londres
-0.7593873367274752,0.7283835192732273,-0.8213844736265206,1.0,0.0,0.0,0.0,0.0,0.0,0.0,1.0,Londres
0.695099038923694,-0.36492106534791735,-0.9468096620009587,0.0,1.0,0.0,0.0,0.0,0.0,1.0,0.0,Paris
0.5628730047735876,0.2198160805437575,0.9345681636156136,0.0,0.0,0.0,1.0,0.0,1.0,0.0,0.0,Bali
1.224003175524119,1.091536062511215,-1.072234850375397,1.0,0.0,0.0,0.0,0.0,0.0,0.0,1.0,Sydney
-1.3544044904029533,0.9307333473910042,1.18541854036449,1.0,0.0,0.0,0.0,0.0,0.0,0.0,1.0,Paris
-1.3544044904029533,0.28059796807723425,0.056591844994546496,0.0,1.0,0.0,0.0,0.0,0.0,0.0,1.0,Rio de Janeiro
-1.5527435416281128,0.5883543606517999,1.5616941054878042,0.0,1.0,0.0,0.0,0.0,0.0,1.0,0.0,New York
1.0917771413740127,0.9545844678155331,0.056591844994546496,0.0,0.0,0.0,0.0,1.0,1.0,0.0,0.0,Barcelone
-0.693274319652422,-0.525723780468128,-1.072234850375397,0.0,0.0,1.0,0.0,0.0,0.0,0.0,1.0,New York
1.2901161925991722,-0.4772521486376338,-0.6959592852520824,0.0,0.0,1.0,0.0,0.0,1.0,0.0,0.0,Barcelone
1.4223422267492785,0.3213756900933642,-0.1942585317543298,0.0,0.0,1.0,0.0,0.0,0.0,0.0,1.0,Paris
1.3562292096742252,1.1907874991165124,0.18201703336898464,0.0,0.0,0.0,1.0,0.0,0.0,1.0,0.0,Le Caire
-1.0899524221027408,0.004386605741561512,1.5616941054878042,0.0,0.0,1.0,0.0,0.0,0.0,0.0,1.0,Sydney
0.49675998769853447,-1.2289471375010106,1.6871192938622424,0.0,1.0,0.0,0.0,0.0,0.0,1.0,0.0,Tokyo
0.8934380901488533,0.34753498346220224,1.6871192938622424,0.0,0.0,1.0,0.0,0.0,0.0,0.0,1.0,Rome
0.3645339535484282,-0.017156341738658088,-1.072234850375397,0.0,0.0,0.0,1.0,0.0,1.0,0.0,0.0,Le Caire
-0.29659621720210316,0.3652309760352398,1.18541854036449,0.0,0.0,0.0,1.0,0.0,0.0,0.0,1.0,Paris
-0.29659621720210316,-1.0165952266245601,0.3074422217434228,0.0,0.0,1.0,0.0,0.0,0.0,0.0,1.0,Rio de Janeiro
0.3645339535484282,0.16749749380608134,1.18541854036449,0.0,0.0,1.0,0.0,0.0,0.0,0.0,1.0,Tokyo
-0.4288222513522094,-0.4610949380274691,-0.4451089085032061,0.0,0.0,0.0,0.0,1.0,0.0,1.0,0.0,Sydney
0.9595511072239065,0.5060295256381036,1.5616941054878042,0.0,0.0,0.0,1.0,0.0,1.0,0.0,0.0,Sydney
-1.0238394050276878,-0.04716259001467824,1.0599933519900517,0.0,0.0,1.0,0.0,0.0,1.0,0.0,0.0,Rio de Janeiro
-0.8916133708775814,0.8291737378413976,-0.06883334337989165,0.0,0.0,1.0,0.0,0.0,0.0,1.0,0.0,Rome
0.033968868173162525,1.2654184243158444,1.18541854036449,0.0,0.0,1.0,0.0,0.0,0.0,1.0,0.0,New York
1.5545682608993847,0.2621325845227603,-1.3230852271242732,1.0,0.0,0.0,0.0,0.0,0.0,0.0,1.0,Paris
-0.8916133708775814,0.6360566015008576,-1.197660038749835,0.0,0.0,0.0,0.0,1.0,1.0,0.0,0.0,Sydney
-1.684969575778219,-0.3202963884246053,-1.5739356038731493,0.0,1.0,0.0,0.0,0.0,1.0,0.0,0.0,Barcelone
0.7612120559987471,1.3900597633085436,-1.197660038749835,0.0,0.0,0.0,1.0,0.0,0.0,0.0,1.0,Barcelone
-1.4205175074780065,1.522395012115607,-0.5705340968776442,0.0,0.0,0.0,1.0,0.0,0.0,1.0,0.0,Sydney
0.43064697062348134,-1.7490554409520265,0.056591844994546496,0.0,0.0,0.0,1.0,0.0,0.0,1.0,0.0,Sydney
0.3645339535484282,0.3775412317382224,-1.197660038749835,1.0,0.0,0.0,0.0,0.0,1.0,0.0,0.0,New York
0.9595511072239065,0.07978692192233011,0.43286741011786095,1.0,0.0,0.0,0.0,0.0,0.0,0.0,1.0,Sydney
1.620681277974438,0.19442617815635582,0.3074422217434228,0.0,0.0,0.0,1.0,0.0,0.0,0.0,1.0,Bali
-0.693274319652422,-1.2935759799416693,0.18201703336898464,0.0,0.0,1.0,0.0,0.0,1.0,0.0,0.0,Sydney
0.1661949023232688,1.4823866810809132,-1.197660038749835,0.0,1.0,0.0,0.0,0.0,1.0,0.0,0.0,Paris
-1.0238394050276878,-0.3518414186634983,0.18201703336898464,1.0,0.0,0.0,0.0,0.0,0.0,0.0,1.0,Barcelone
1.5545682608993847,-0.1256404701211925,1.6871192938622424,1.0,0.0,0.0,0.0,0.0,1.0,0.0,0.0,Bali
0.7612120559987471,-0.4072375693269201,-0.6959592852520824,0.0,1.0,0.0,0.0,0.0,0.0,1.0,0.0,Barcelone
0.43064697062348134,-0.48879301335918,0.056591844994546496,0.0,0.0,0.0,1.0,0.0,0.0,0.0,1.0,Tokyo
-0.4949352684272626,-1.1597019491717333,-1.197660038749835,0.0,1.0,0.0,0.0,0.0,0.0,0.0,1.0,Londres
0.43064697062348134,-0.8988784064647888,-1.5739356038731493,0.0,0.0,0.0,1.0,0.0,0.0,0.0,1.0,Le Caire
1.0256641242989597,0.6729873686098055,-1.197660038749835,0.0,0.0,0.0,0.0,1.0,1.0,0.0,0.0,Barcelone
0.3645339535484282,1.1246198747129807,-0.4451089085032061,0.0,1.0,0.0,0.0,0.0,1.0,0.0,0.0,Bali
-0.8916133708775814,-1.5074666727809924,0.6837177868667372,1.0,0.0,0.0,0.0,0.0,0.0,1.0,0.0,Tokyo
-0.032144148901890615,1.5085459744497514,0.8091429752411754,0.0,0.0,0.0,1.0,0.0,0.0,1.0,0.0,Paris
0.10008188524821567,-0.47340519373045176,-1.072234850375397,0.0,0.0,0.0,1.0,0.0,0.0,0.0,1.0,Bali
-0.09825716597694376,0.9530456858526603,1.18541854036449,0.0,0.0,0.0,0.0,1.0,1.0,0.0,0.0,Sydney
-0.4288222513522094,-1.40282949930564,0.43286741011786095,1.0,0.0,0.0,0.0,0.0,0.0,1.0,0.0,Rio de Janeiro
-0.5610482855023157,0.6537525940738951,0.18201703336898464,0.0,0.0,0.0,0.0,1.0,1.0,0.0,0.0,Londres
-1.0238394050276878,-0.9504276022210285,0.8091429752411754,0.0,0.0,0.0,1.0,0.0,0.0,1.0,0.0,New York
-1.5527435416281128,-0.6988367512913211,1.0599933519900517,1.0,0.0,0.0,0.0,0.0,0.0,1.0,0.0,Rome
-0.4949352684272626,0.29906335163170816,-1.4485104154987114,1.0,0.0,0.0,0.0,0.0,0.0,1.0,0.0,Sydney
1.4884552438243315,0.906112835985039,-1.5739356038731493,0.0,1.0,0.0,0.0,0.0,1.0,0.0,0.0,Bali
1.0917771413740127,-1.255875821851285,-0.31968372012876795,0.0,0.0,0.0,0.0,1.0,1.0,0.0,0.0,Bali
1.224003175524119,-0.7334593454559597,1.18541854036449,1.0,0.0,0.0,0.0,0.0,0.0,1.0,0.0,Le Caire
-0.8916133708775814,1.0476807765693392,1.0599933519900517,1.0,0.0,0.0,0.0,0.0,0.0,1.0,0.0,Paris
-1.4866305245530596,-0.14872219956428492,-1.072234850375397,0.0,0.0,0.0,0.0,1.0,1.0,0.0,0.0,Londres
0.49675998769853447,0.6468280752409674,-0.1942585317543298,0.0,1.0,0.0,0.0,0.0,0.0,0.0,1.0,Rio de Janeiro
-1.4205175074780065,-1.3589742133637646,-0.6959592852520824,0.0,0.0,1.0,0.0,0.0,0.0,0.0,1.0,Le Caire
-0.29659621720210316,-1.0619892945293086,-1.6993607922475875,0.0,1.0,0.0,0.0,0.0,0.0,0.0,1.0,Londres
0.2984209364733751,-1.2720330324614497,0.18201703336898464,0.0,0.0,1.0,0.0,0.0,0.0,0.0,1.0,Le Caire
-1.2882914733279003,0.5298806460626324,1.6871192938622424,0.0,0.0,0.0,1.0,0.0,0.0,1.0,0.0,Le Caire
0.033968868173162525,-1.3535884764937096,0.8091429752411754,0.0,0.0,1.0,0.0,0.0,0.0,1.0,0.0,Londres
0.10008188524821567,1.292347108666119,-1.197660038749835,0.0,0.0,0.0,0.0,1.0,0.0,0.0,1.0,Sydney
-0.032144148901890615,0.3521513293508208,-0.9468096620009587,0.0,0.0,0.0,1.0,0.0,0.0,1.0,0.0,Tokyo
0.9595511072239065,-0.2833656213156574,-1.197660038749835,0.0,0.0,1.0,0.0,0.0,0.0,0.0,1.0,Barcelone
-0.29659621720210316,-0.8465598197271127,-0.5705340968776442,0.0,0.0,1.0,0.0,0.0,1.0,0.0,0.0,Tokyo
1.0917771413740127,0.9476599489826054,1.5616941054878042,0.0,0.0,0.0,1.0,0.0,0.0,1.0,0.0,Sydney
0.7612120559987471,0.5044907436752307,-1.072234850375397,0.0,0.0,0.0,1.0,0.0,0.0,1.0,0.0,Bali
-1.684969575778219,-0.1848835756917964,-0.4451089085032061,1.0,0.0,0.0,0.0,0.0,0.0,1.0,0.0,Londres
1.157890158449066,-0.8488679926714219,1.18541854036449,0.0,0.0,0.0,1.0,0.0,0.0,0.0,1.0,Tokyo
0.9595511072239065,0.7991674895653774,-1.072234850375397,0.0,1.0,0.0,0.0,0.0,0.0,1.0,0.0,Bali
-1.222178456252847,-0.28644318524140305,1.0599933519900517,0.0,0.0,1.0,0.0,0.0,1.0,0.0,0.0,Barcelone
-1.3544044904029533,-0.9935134971814678,0.8091429752411754,0.0,0.0,0.0,1.0,0.0,0.0,1.0,0.0,Barcelone
1.4884552438243315,-1.512083018669611,0.3074422217434228,0.0,0.0,1.0,0.0,0.0,1.0,0.0,0.0,Rio de Janeiro
0.49675998769853447,1.1561649049518736,-1.6993607922475875,0.0,0.0,1.0,0.0,0.0,0.0,0.0,1.0,Rio de Janeiro
-1.3544044904029533,-1.13892839267295,-0.31968372012876795,1.0,0.0,0.0,0.0,0.0,1.0,0.0,0.0,Le Caire
1.5545682608993847,-0.6142037433333155,0.18201703336898464,0.0,0.0,0.0,0.0,1.0,0.0,1.0,0.0,Tokyo
1.0917771413740127,-0.5441891640226019,-0.5705340968776442,0.0,0.0,1.0,0.0,0.0,0.0,1.0,0.0,New York
-1.0238394050276878,-0.3856946218467005,0.6837177868667372,0.0,1.0,0.0,0.0,0.0,0.0,1.0,0.0,Le Caire
1.2901161925991722,0.3267614269634191,-1.4485104154987114,0.0,0.0,0.0,0.0,1.0,1.0,0.0,0.0,Rio de Janeiro
-0.4288222513522094,0.9568926407598424,-1.197660038749835,0.0,1.0,0.0,0.0,0.0,0.0,0.0,1.0,Rio de Janeiro
-1.0899524221027408,-1.655189741216784,-1.3230852271242732,0.0,1.0,0.0,0.0,0.0,1.0,0.0,0.0,Le Caire
1.4884552438243315,-1.6851959894928041,-1.3230852271242732,0.0,0.0,0.0,1.0,0.0,0.0,0.0,1.0,Tokyo
0.8273250730738002,-1.339739438827854,0.5582925984922991,0.0,1.0,0.0,0.0,0.0,0.0,1.0,0.0,Sydney
-0.9577263879526345,0.8291737378413976,-0.4451089085032061,0.0,0.0,1.0,0.0,0.0,0.0,1.0,0.0,Rio de Janeiro
1.4223422267492785,0.3706167129052947,-0.6959592852520824,0.0,0.0,1.0,0.0,0.0,1.0,0.0,0.0,Paris
-1.222178456252847,1.0738400699381774,-1.072234850375397,0.0,0.0,0.0,0.0,1.0,1.0,0.0,0.0,New York
-1.3544044904029533,1.5347052678185895,0.3074422217434228,0.0,0.0,0.0,1.0,0.0,0.0,1.0,0.0,Barcelone
-1.0899524221027408,-1.5090054547438654,1.4362689171133662,0.0,0.0,0.0,0.0,1.0,1.0,0.0,0.0,Le Caire
0.8273250730738002,-1.6813490345856221,-0.8213844736265206,0.0,0.0,0.0,0.0,1.0,0.0,1.0,0.0,Sydney
1.157890158449066,0.4029311341256241,0.8091429752411754,1.0,0.0,0.0,0.0,0.0,0.0,0.0,1.0,New York
-1.156065439177794,0.4575578938076095,0.43286741011786095,1.0,0.0,0.0,0.0,0.0,0.0,1.0,0.0,Bali
-1.2882914733279003,0.37446366781247675,-0.5705340968776442,0.0,1.0,0.0,0.0,0.0,0.0,0.0,1.0,Bali
-1.2882914733279003,-1.5520913497043045,0.056591844994546496,0.0,0.0,1.0,0.0,0.0,1.0,0.0,0.0,Londres
0.8934380901488533,-1.456686868006189,-1.4485104154987114,0.0,0.0,0.0,0.0,1.0,0.0,1.0,0.0,Tokyo
1.157890158449066,1.1284668296201628,0.43286741011786095,0.0,0.0,0.0,1.0,0.0,1.0,0.0,0.0,Rio de Janeiro
-0.6271613025773689,1.1700139426177292,0.3074422217434228,0.0,0.0,0.0,0.0,1.0,0.0,1.0,0.0,Le Caire
-0.5610482855023157,-0.7365369093817054,1.5616941054878042,0.0,1.0,0.0,0.0,0.0,1.0,0.0,0.0,Sydney
-0.5610482855023157,1.7016631107902913,1.5616941054878042,0.0,0.0,0.0,0.0,1.0,0.0,0.0,1.0,New York
-1.0238394050276878,-1.1458529115058778,0.9345681636156136,0.0,0.0,1.0,0.0,0.0,0.0,0.0,1.0,Rome
-0.8255003538025283,-0.23258581654085408,-1.3230852271242732,0.0,0.0,0.0,0.0,1.0,0.0,1.0,0.0,Barcelone
-0.8916133708775814,0.5091070895638492,0.3074422217434228,0.0,0.0,0.0,0.0,1.0,0.0,1.0,0.0,Sydney
1.4223422267492785,-0.4941787502292349,1.0599933519900517,0.0,1.0,0.0,0.0,0.0,0.0,0.0,1.0,Barcelone
0.6289860218486407,0.12595038080851495,-0.9468096620009587,0.0,0.0,0.0,0.0,1.0,0.0,0.0,1.0,Tokyo
-0.8916133708775814,0.5021825707309215,0.056591844994546496,0.0,1.0,0.0,0.0,0.0,0.0,0.0,1.0,Londres
-1.4205175074780065,1.2177161834667867,0.6837177868667372,0.0,0.0,0.0,0.0,1.0,0.0,1.0,0.0,New York
1.224003175524119,0.06593788425647465,-0.31968372012876795,0.0,0.0,0.0,1.0,0.0,1.0,0.0,0.0,Londres
-1.5527435416281128,0.9091903999107847,-1.5739356038731493,0.0,0.0,0.0,0.0,1.0,0.0,1.0,0.0,Paris
0.5628730047735876,0.4806396232507019,0.43286741011786095,0.0,0.0,0.0,1.0,0.0,1.0,0.0,0.0,Paris
-1.0899524221027408,0.8622575500431634,-1.197660038749835,1.0,0.0,0.0,0.0,0.0,0.0,1.0,0.0,Rome
0.9595511072239065,1.1015381452698882,1.310843728738928,0.0,1.0,0.0,0.0,0.0,0.0,0.0,1.0,Barcelone
1.157890158449066,-0.9281152637593726,-0.6959592852520824,1.0,0.0,0.0,0.0,0.0,1.0,0.0,0.0,Sydney
-0.09825716597694376,-0.6788325857739743,0.8091429752411754,1.0,0.0,0.0,0.0,0.0,1.0,0.0,0.0,Rio de Janeiro
-0.6271613025773689,-1.2004796711878631,-0.6959592852520824,0.0,0.0,0.0,0.0,1.0,1.0,0.0,0.0,Rome
-0.09825716597694376,1.6070280200736125,-0.31968372012876795,0.0,0.0,1.0,0.0,0.0,1.0,0.0,0.0,Londres
0.9595511072239065,1.426221139436055,-1.3230852271242732,0.0,1.0,0.0,0.0,0.0,0.0,0.0,1.0,Sydney
1.3562292096742252,-1.170473422911843,-1.3230852271242732,0.0,0.0,1.0,0.0,0.0,0.0,1.0,0.0,Paris
-1.618856558703166,1.1269280476572898,-1.6993607922475875,0.0,1.0,0.0,0.0,0.0,0.0,1.0,0.0,Bali
-1.0238394050276878,0.843022775507253,-0.06883334337989165,0.0,0.0,0.0,1.0,0.0,0.0,1.0,0.0,Londres
-0.29659621720210316,-0.578042367205804,1.5616941054878042,0.0,0.0,1.0,0.0,0.0,0.0,1.0,0.0,New York
-1.0238394050276878,0.9645865505742065,0.3074422217434228,0.0,0.0,0.0,0.0,1.0,1.0,0.0,0.0,Londres
-1.684969575778219,-0.23104703457798126,0.6837177868667372,0.0,0.0,1.0,0.0,0.0,0.0,0.0,1.0,Sydney
-0.09825716597694376,1.5000826736539508,-0.4451089085032061,0.0,0.0,0.0,0.0,1.0,0.0,1.0,0.0,Le Caire
-0.29659621720210316,-1.404368281268513,1.18541854036449,1.0,0.0,0.0,0.0,0.0,0.0,0.0,1.0,Barcelone
-1.0238394050276878,-0.7149939619014858,1.6871192938622424,0.0,0.0,1.0,0.0,0.0,0.0,1.0,0.0,Paris
0.5628730047735876,0.7306916922175366,-0.6959592852520824,0.0,0.0,0.0,1.0,0.0,0.0,0.0,1.0,Barcelone
0.7612120559987471,-0.30183100487013137,1.5616941054878042,0.0,0.0,0.0,1.0,0.0,0.0,1.0,0.0,Rome
-1.222178456252847,0.24212841900541351,1.310843728738928,0.0,0.0,1.0,0.0,0.0,0.0,1.0,0.0,New York
0.6289860218486407,0.8607187680802906,0.3074422217434228,1.0,0.0,0.0,0.0,0.0,0.0,1.0,0.0,Londres
-0.3627092342771563,-1.2358716563339383,-0.8213844736265206,0.0,1.0,0.0,0.0,0.0,0.0,1.0,0.0,Rio de Janeiro
0.5628730047735876,-1.6613448690682753,1.4362689171133662,0.0,0.0,0.0,1.0,0.0,0.0,1.0,0.0,Sydney
1.224003175524119,1.5516318694101905,-0.31968372012876795,1.0,0.0,0.0,0.0,0.0,1.0,0.0,0.0,Londres
0.6289860218486407,-0.0179257327200945,-0.1942585317543298,1.0,0.0,0.0,0.0,0.0,1.0,0.0,0.0,Barcelone
-0.693274319652422,1.19771201794944,0.43286741011786095,0.0,0.0,0.0,1.0,0.0,0.0,1.0,0.0,Bali
0.49675998769853447,-0.152569154471467,0.5582925984922991,0.0,0.0,0.0,0.0,1.0,1.0,0.0,0.0,Sydney
0.8934380901488533,-0.10101995871522725,0.3074422217434228,0.0,0.0,0.0,1.0,0.0,1.0,0.0,0.0,Le Caire
0.43064697062348134,-0.3079861327216227,-0.1942585317543298,1.0,0.0,0.0,0.0,0.0,1.0,0.0,0.0,Tokyo
-1.0238394050276878,1.4770009442108585,-0.5705340968776442,0.0,0.0,0.0,1.0,0.0,1.0,0.0,0.0,New York
-1.3544044904029533,-0.4949481412106713,-0.8213844736265206,0.0,0.0,1.0,0.0,0.0,1.0,0.0,0.0,New York
0.23230791939832193,1.4216047935474365,0.18201703336898464,1.0,0.0,0.0,0.0,0.0,1.0,0.0,0.0,New York
-1.2882914733279003,1.0476807765693392,-0.6959592852520824,0.0,0.0,0.0,1.0,0.0,0.0,0.0,1.0,Rio de Janeiro
0.43064697062348134,0.3067572614460723,0.18201703336898464,0.0,0.0,0.0,0.0,1.0,0.0,1.0,0.0,Barcelone
-0.4288222513522094,0.04593371873912788,-0.5705340968776442,0.0,0.0,1.0,0.0,0.0,1.0,0.0,0.0,Sydney
-1.3544044904029533,-1.1635489040789153,1.6871192938622424,0.0,0.0,1.0,0.0,0.0,1.0,0.0,0.0,Sydney
0.2984209364733751,1.6885834641058723,-1.5739356038731493,0.0,0.0,1.0,0.0,0.0,0.0,1.0,0.0,Bali
-1.4866305245530596,0.16749749380608134,-1.5739356038731493,0.0,0.0,0.0,1.0,0.0,0.0,1.0,0.0,New York
-0.23048320012705004,-0.2841350122970938,1.310843728738928,0.0,0.0,0.0,1.0,0.0,1.0,0.0,0.0,Le Caire
-0.6271613025773689,-0.8634864213187138,0.3074422217434228,0.0,1.0,0.0,0.0,0.0,0.0,0.0,1.0,Le Caire
0.695099038923694,0.05747458346067409,0.5582925984922991,0.0,0.0,0.0,0.0,1.0,1.0,0.0,0.0,Bali
0.43064697062348134,-0.6734468489039195,-0.4451089085032061,0.0,0.0,0.0,1.0,0.0,0.0,1.0,0.0,Barcelone
0.10008188524821567,1.2154080105224776,-1.5739356038731493,0.0,1.0,0.0,0.0,0.0,1.0,0.0,0.0,New York
0.033968868173162525,-0.2241225157450535,-0.1942585317543298,0.0,1.0,0.0,0.0,0.0,1.0,0.0,0.0,Paris
1.4884552438243315,-1.2235614006309556,-1.5739356038731493,1.0,0.0,0.0,0.0,0.0,1.0,0.0,0.0,Bali
1.0256641242989597,-1.4920788531522642,0.3074422217434228,0.0,1.0,0.0,0.0,0.0,0.0,1.0,0.0,Sydney
0.1661949023232688,-1.3774395969182385,-0.4451089085032061,1.0,0.0,0.0,0.0,0.0,0.0,0.0,1.0,Le Caire
-0.8255003538025283,-0.2333552075222905,-0.5705340968776442,0.0,1.0,0.0,0.0,0.0,0.0,0.0,1.0,Sydney
-0.09825716597694376,-0.4003130504939924,-0.9468096620009587,0.0,0.0,0.0,1.0,0.0,0.0,0.0,1.0,Londres
0.8934380901488533,-1.2974229348488513,-0.06883334337989165,0.0,0.0,1.0,0.0,0.0,0.0,0.0,1.0,Tokyo
-1.618856558703166,-0.6242058260919889,1.0599933519900517,0.0,1.0,0.0,0.0,0.0,0.0,1.0,0.0,Rio de Janeiro
-0.9577263879526345,-0.9596602939982656,-0.31968372012876795,0.0,1.0,0.0,0.0,0.0,1.0,0.0,0.0,Bali
-1.5527435416281128,-1.4651501688019897,0.5582925984922991,0.0,0.0,0.0,0.0,1.0,1.0,0.0,0.0,Rome
-0.032144148901890615,-0.7157633528829223,-1.072234850375397,0.0,1.0,0.0,0.0,0.0,0.0,0.0,1.0,Londres
1.224003175524119,1.5554788243173727,-0.9468096620009587,0.0,0.0,1.0,0.0,0.0,1.0,0.0,0.0,Rio de Janeiro
-0.8255003538025283,0.5137234354524678,1.0599933519900517,0.0,0.0,0.0,0.0,1.0,0.0,1.0,0.0,Sydney
-0.8255003538025283,-0.25720632794681936,1.6871192938622424,0.0,0.0,1.0,0.0,0.0,0.0,0.0,1.0,Barcelone
-1.4205175074780065,-1.6321080117736915,0.5582925984922991,0.0,0.0,1.0,0.0,0.0,0.0,0.0,1.0,Tokyo
0.10008188524821567,-0.5018726600435991,0.6837177868667372,0.0,1.0,0.0,0.0,0.0,1.0,0.0,0.0,Bali
0.7612120559987471,1.1192341378429258,1.310843728738928,0.0,0.0,0.0,0.0,1.0,0.0,1.0,0.0,Rio de Janeiro
-0.29659621720210316,0.049011282664873534,-1.5739356038731493,0.0,1.0,0.0,0.0,0.0,1.0,0.0,0.0,Barcelone
0.43064697062348134,1.4400701771019104,-1.3230852271242732,0.0,0.0,0.0,0.0,1.0,0.0,0.0,1.0,Rome
-0.16437018305199688,-1.422833664822987,0.6837177868667372,0.0,0.0,1.0,0.0,0.0,0.0,1.0,0.0,Rome
-0.8916133708775814,-0.9627378579240112,1.310843728738928,0.0,0.0,0.0,1.0,0.0,1.0,0.0,0.0,New York
0.8273250730738002,-0.27567171150129327,1.4362689171133662,0.0,0.0,1.0,0.0,0.0,0.0,1.0,0.0,Rome
0.3645339535484282,0.10671560627260461,1.0599933519900517,0.0,0.0,0.0,1.0,0.0,1.0,0.0,0.0,Barcelone
1.686794295049491,0.4537109389004274,1.310843728738928,0.0,0.0,0.0,0.0,1.0,0.0,1.0,0.0,Paris
-0.5610482855023157,0.42755164553158936,-0.5705340968776442,1.0,0.0,0.0,0.0,0.0,0.0,1.0,0.0,Paris
0.695099038923694,-1.4243724467858598,0.6837177868667372,0.0,0.0,0.0,0.0,1.0,0.0,1.0,0.0,Sydney
-1.5527435416281128,-1.4928482441337005,-1.5739356038731493,1.0,0.0,0.0,0.0,0.0,0.0,0.0,1.0,Londres
0.10008188524821567,1.413141492751636,-1.197660038749835,0.0,0.0,0.0,0.0,1.0,0.0,0.0,1.0,Rome
-0.23048320012705004,-0.07409127436495275,0.8091429752411754,0.0,0.0,1.0,0.0,0.0,0.0,1.0,0.0,Barcelone
-1.5527435416281128,0.22750999035812164,1.0599933519900517,0.0,0.0,1.0,0.0,0.0,0.0,1.0,0.0,Sydney
-1.2882914733279003,1.5423991776329535,-0.06883334337989165,0.0,0.0,0.0,1.0,0.0,0.0,1.0,0.0,Rome
-0.9577263879526345,1.3346636126451217,-1.5739356038731493,0.0,1.0,0.0,0.0,0.0,0.0,0.0,1.0,Londres
1.2901161925991722,-0.2649002377611835,-0.6959592852520824,0.0,0.0,0.0,1.0,0.0,0.0,1.0,0.0,Rome
-1.0238394050276878,1.0669155511052495,-0.4451089085032061,0.0,0.0,1.0,0.0,0.0,0.0,0.0,1.0,Paris
-0.8916133708775814,1.54316856861439,1.0599933519900517,1.0,0.0,0.0,0.0,0.0,0.0,1.0,0.0,Le Caire
-0.3627092342771563,0.2906000508359076,1.5616941054878042,1.0,0.0,0.0,0.0,0.0,0.0,1.0,0.0,Londres
1.4223422267492785,0.627593300705057,-0.1942585317543298,0.0,1.0,0.0,0.0,0.0,0.0,0.0,1.0,New York
0.8934380901488533,-0.7765452404163989,0.056591844994546496,1.0,0.0,0.0,0.0,0.0,0.0,1.0,0.0,Bali
-1.222178456252847,0.40677808903280616,-1.197660038749835,0.0,0.0,0.0,1.0,0.0,1.0,0.0,0.0,Sydney
-1.222178456252847,0.4090862619771154,0.8091429752411754,0.0,0.0,0.0,0.0,1.0,1.0,0.0,0.0,Rio de Janeiro
0.6289860218486407,-1.4982339810037555,0.6837177868667372,0.0,0.0,1.0,0.0,0.0,0.0,0.0,1.0,Sydney
0.6289860218486407,0.23289572722817653,-1.5739356038731493,1.0,0.0,0.0,0.0,0.0,0.0,0.0,1.0,Rome
0.7612120559987471,1.0538359044208305,-0.06883334337989165,0.0,0.0,0.0,0.0,1.0,0.0,1.0,0.0,Sydney
0.8934380901488533,1.041525648717848,-0.31968372012876795,0.0,0.0,0.0,0.0,1.0,1.0,0.0,0.0,New York
-0.23048320012705004,1.4693070343964942,1.0599933519900517,0.0,0.0,0.0,0.0,1.0,0.0,1.0,0.0,Paris
-0.09825716597694376,1.459304951637821,0.8091429752411754,0.0,0.0,0.0,0.0,1.0,1.0,0.0,0.0,Bali
0.1661949023232688,0.8099389633054872,-0.8213844736265206,0.0,0.0,0.0,1.0,0.0,0.0,0.0,1.0,Tokyo
1.3562292096742252,-0.6157425252961883,-0.8213844736265206,1.0,0.0,0.0,0.0,0.0,1.0,0.0,0.0,Le Caire
0.3645339535484282,-0.282596230334221,0.3074422217434228,0.0,0.0,1.0,0.0,0.0,0.0,1.0,0.0,Tokyo
1.4884552438243315,-0.6803713677368471,-0.06883334337989165,1.0,0.0,0.0,0.0,0.0,0.0,1.0,0.0,Barcelone
-0.8255003538025283,1.4077557558815812,1.18541854036449,1.0,0.0,0.0,0.0,0.0,0.0,0.0,1.0,Rome
-1.156065439177794,-0.12640986110262892,1.0599933519900517,1.0,0.0,0.0,0.0,0.0,0.0,1.0,0.0,Londres
-0.6271613025773689,-0.6495957284793906,-0.06883334337989165,0.0,1.0,0.0,0.0,0.0,0.0,1.0,0.0,New York
0.2984209364733751,0.48294779619501116,-0.31968372012876795,0.0,0.0,0.0,1.0,0.0,0.0,0.0,1.0,Londres
0.7612120559987471,1.3254309208678847,0.3074422217434228,1.0,0.0,0.0,0.0,0.0,0.0,1.0,0.0,Tokyo
0.695099038923694,0.08209509486663935,0.6837177868667372,0.0,0.0,0.0,0.0,1.0,0.0,1.0,0.0,Londres
1.224003175524119,1.4116027107887632,1.18541854036449,0.0,0.0,1.0,0.0,0.0,1.0,0.0,0.0,Bali
-0.16437018305199688,1.2638796423529717,1.4362689171133662,0.0,1.0,0.0,0.0,0.0,0.0,1.0,0.0,Londres
-0.4288222513522094,-1.519776928483975,-1.072234850375397,0.0,0.0,0.0,1.0,0.0,0.0,0.0,1.0,Barcelone
0.2984209364733751,1.4908499818767138,-0.8213844736265206,0.0,1.0,0.0,0.0,0.0,0.0,0.0,1.0,Le Caire
-0.8916133708775814,1.0823033707339778,1.18541854036449,0.0,0.0,1.0,0.0,0.0,1.0,0.0,0.0,New York
0.43064697062348134,-1.6975062451957867,0.3074422217434228,0.0,0.0,0.0,1.0,0.0,1.0,0.0,0.0,Londres
0.6289860218486407,1.3877515903642343,-1.6993607922475875,0.0,0.0,0.0,1.0,0.0,0.0,0.0,1.0,Barcelone
-1.156065439177794,-1.0081319258287595,-1.072234850375397,0.0,0.0,0.0,1.0,0.0,0.0,0.0,1.0,Rio de Janeiro
0.3645339535484282,-1.215098099835155,1.6871192938622424,0.0,1.0,0.0,0.0,0.0,0.0,0.0,1.0,Bali
0.1661949023232688,0.5075683076009764,1.310843728738928,1.0,0.0,0.0,0.0,0.0,0.0,0.0,1.0,Londres
-0.3627092342771563,1.3931373272342893,-0.06883334337989165,0.0,0.0,0.0,1.0,0.0,0.0,0.0,1.0,Londres
-0.693274319652422,-0.05639528179191521,1.4362689171133662,1.0,0.0,0.0,0.0,0.0,0.0,1.0,0.0,New York
-1.4205175074780065,0.7907041887695768,-0.06883334337989165,0.0,1.0,0.0,0.0,0.0,0.0,0.0,1.0,Tokyo
1.4884552438243315,0.6599077219253865,-0.4451089085032061,0.0,0.0,0.0,1.0,0.0,1.0,0.0,0.0,Bali
-1.0238394050276878,1.6978161558831093,0.43286741011786095,0.0,0.0,0.0,1.0,0.0,1.0,0.0,0.0,Rio de Janeiro
-0.29659621720210316,0.6676016317397506,-0.4451089085032061,0.0,1.0,0.0,0.0,0.0,0.0,1.0,0.0,Bali
1.0256641242989597,0.11056256117978668,-1.4485104154987114,0.0,0.0,1.0,0.0,0.0,0.0,0.0,1.0,Rio de Janeiro
-1.5527435416281128,-0.5911220138902231,0.3074422217434228,1.0,0.0,0.0,0.0,0.0,0.0,0.0,1.0,Rio de Janeiro
0.695099038923694,0.5891237516332364,1.310843728738928,0.0,0.0,0.0,1.0,0.0,0.0,1.0,0.0,Rio de Janeiro
1.620681277974438,0.7253059553474817,-1.4485104154987114,0.0,0.0,0.0,1.0,0.0,0.0,1.0,0.0,Le Caire
1.620681277974438,-1.515929973576793,-1.197660038749835,0.0,1.0,0.0,0.0,0.0,0.0,0.0,1.0,Tokyo
1.686794295049491,-0.5049502239693447,-1.4485104154987114,1.0,0.0,0.0,0.0,0.0,0.0,0.0,1.0,Bali
-0.693274319652422,1.4731539893036762,1.4362689171133662,0.0,0.0,0.0,1.0,0.0,0.0,0.0,1.0,Le Caire
-1.4866305245530596,-1.6859653804742405,0.18201703336898464,0.0,0.0,1.0,0.0,0.0,0.0,1.0,0.0,New York
1.686794295049491,-1.355896649438019,0.8091429752411754,0.0,0.0,1.0,0.0,0.0,1.0,0.0,0.0,Rome
1.0917771413740127,-0.022542078608712986,1.18541854036449,0.0,0.0,0.0,1.0,0.0,0.0,0.0,1.0,Sydney
-1.684969575778219,1.6562690428855429,-1.5739356038731493,0.0,0.0,0.0,0.0,1.0,1.0,0.0,0.0,New York
0.5628730047735876,0.6606771129068228,1.310843728738928,0.0,0.0,0.0,0.0,1.0,0.0,0.0,1.0,Le Caire
0.10008188524821567,0.7606979404935567,0.43286741011786095,0.0,0.0,0.0,0.0,1.0,0.0,1.0,0.0,Tokyo
-1.684969575778219,-0.34491689983057056,-0.31968372012876795,1.0,0.0,0.0,0.0,0.0,0.0,0.0,1.0,Paris
-0.23048320012705004,0.07824813995945729,-1.6993607922475875,0.0,0.0,0.0,0.0,1.0,1.0,0.0,0.0,Londres
-1.618856558703166,-0.10178934969666366,1.0599933519900517,1.0,0.0,0.0,0.0,0.0,0.0,1.0,0.0,Tokyo
-1.0238394050276878,-0.24104911733665463,1.6871192938622424,1.0,0.0,0.0,0.0,0.0,0.0,1.0,0.0,Le Caire
-1.222178456252847,-1.5782506430731427,-1.197660038749835,0.0,0.0,1.0,0.0,0.0,0.0,1.0,0.0,Bali
1.4223422267492785,1.210791664633859,-1.5739356038731493,0.0,1.0,0.0,0.0,0.0,0.0,0.0,1.0,Tokyo
0.033968868173162525,-0.8019351428038006,1.6871192938622424,0.0,1.0,0.0,0.0,0.0,1.0,0.0,0.0,New York
1.0256641242989597,0.5629644582643982,-0.31968372012876795,0.0,0.0,1.0,0.0,0.0,1.0,0.0,0.0,Le Caire
-1.684969575778219,-1.6398019215880557,-0.4451089085032061,0.0,0.0,0.0,0.0,1.0,1.0,0.0,0.0,Bali
-0.032144148901890615,-0.1040975226409729,-0.1942585317543298,0.0,0.0,0.0,1.0,0.0,1.0,0.0,0.0,Tokyo
0.7612120559987471,1.3754413346612517,-0.1942585317543298,0.0,1.0,0.0,0.0,0.0,0.0,0.0,1.0,Bali
-1.4205175074780065,0.12287281688276931,-0.06883334337989165,0.0,0.0,0.0,1.0,0.0,1.0,0.0,0.0,Londres
-1.0899524221027408,1.229257048188333,1.0599933519900517,1.0,0.0,0.0,0.0,0.0,0.0,0.0,1.0,Rio de Janeiro
0.6289860218486407,-1.6213365380335818,0.6837177868667372,0.0,1.0,0.0,0.0,0.0,0.0,1.0,0.0,Sydney
1.4223422267492785,1.376210725642688,-0.8213844736265206,0.0,0.0,0.0,1.0,0.0,0.0,0.0,1.0,Le Caire
0.033968868173162525,0.04285615481338222,-1.3230852271242732,0.0,0.0,0.0,1.0,0.0,0.0,0.0,1.0,Barcelone
-1.222178456252847,-0.3302984711832787,-0.6959592852520824,0.0,0.0,0.0,1.0,0.0,0.0,1.0,0.0,Bali
0.695099038923694,1.4454559139719654,-1.4485104154987114,0.0,0.0,1.0,0.0,0.0,0.0,1.0,0.0,Barcelone
0.10008188524821567,-1.7021225910844053,-0.06883334337989165,0.0,0.0,1.0,0.0,0.0,0.0,1.0,0.0,Rio de Janeiro
0.49675998769853447,1.331586048719376,0.8091429752411754,1.0,0.0,0.0,0.0,0.0,0.0,1.0,0.0,New York
-1.684969575778219,1.6516526969969243,-0.06883334337989165,0.0,1.0,0.0,0.0,0.0,0.0,1.0,0.0,Sydney
-0.8916133708775814,0.009772342611616412,-0.6959592852520824,1.0,0.0,0.0,0.0,0.0,0.0,1.0,0.0,Rome
0.1661949023232688,0.08209509486663935,1.4362689171133662,0.0,1.0,0.0,0.0,0.0,0.0,0.0,1.0,Le Caire
-1.3544044904029533,0.5898931426146727,-1.3230852271242732,0.0,1.0,0.0,0.0,0.0,0.0,0.0,1.0,Bali
0.2984209364733751,-0.12794864306550174,-1.3230852271242732,0.0,1.0,0.0,0.0,0.0,0.0,0.0,1.0,Bali
1.3562292096742252,1.1407770853231454,0.5582925984922991,0.0,0.0,0.0,1.0,0.0,0.0,0.0,1.0,Barcelone
-0.693274319652422,1.0030560996460272,0.9345681636156136,1.0,0.0,0.0,0.0,0.0,1.0,0.0,0.0,New York
-1.0899524221027408,-1.2197144457237736,-1.6993607922475875,0.0,0.0,0.0,0.0,1.0,0.0,1.0,0.0,Rio de Janeiro
-0.4288222513522094,-1.5151605825953567,-0.06883334337989165,1.0,0.0,0.0,0.0,0.0,0.0,0.0,1.0,New York
-1.4866305245530596,-1.0989200616382566,1.6871192938622424,1.0,0.0,0.0,0.0,0.0,1.0,0.0,0.0,Paris
1.224003175524119,0.16903627576895416,-1.072234850375397,0.0,0.0,1.0,0.0,0.0,0.0,0.0,1.0,Tokyo
-1.0899524221027408,0.4737151044177742,-1.5739356038731493,0.0,1.0,0.0,0.0,0.0,1.0,0.0,0.0,Londres
-0.09825716597694376,0.2705958853185608,1.0599933519900517,0.0,0.0,1.0,0.0,0.0,1.0,0.0,0.0,Tokyo
1.0917771413740127,-0.4233947799370848,-0.06883334337989165,0.0,0.0,0.0,1.0,0.0,1.0,0.0,0.0,Londres
-1.618856558703166,-0.6157425252961883,1.310843728738928,0.0,0.0,1.0,0.0,0.0,0.0,0.0,1.0,Sydney
-0.032144148901890615,1.6701180805513984,-0.4451089085032061,0.0,0.0,1.0,0.0,0.0,0.0,0.0,1.0,Bali
1.686794295049491,0.5452684656913607,-1.072234850375397,0.0,0.0,1.0,0.0,0.0,0.0,1.0,0.0,Le Caire
1.224003175524119,-1.7344370123047346,0.8091429752411754,0.0,0.0,1.0,0.0,0.0,0.0,1.0,0.0,Paris
-0.23048320012705004,-0.8734885040773871,0.43286741011786095,0.0,0.0,0.0,0.0,1.0,0.0,0.0,1.0,Tokyo
-1.5527435416281128,-0.31875760646173246,0.8091429752411754,0.0,0.0,0.0,1.0,0.0,1.0,0.0,0.0,Londres
1.0917771413740127,-0.2525899820582008,1.18541854036449,0.0,0.0,0.0,0.0,1.0,0.0,1.0,0.0,Londres
-1.4866305245530596,0.9845907160915532,-1.3230852271242732,0.0,1.0,0.0,0.0,0.0,0.0,1.0,0.0,Le Caire
1.157890158449066,0.18980983226773734,0.18201703336898464,1.0,0.0,0.0,0.0,0.0,0.0,0.0,1.0,Tokyo
-0.7593873367274752,-0.358765937496426,-0.06883334337989165,0.0,1.0,0.0,0.0,0.0,0.0,1.0,0.0,Le Caire
-0.3627092342771563,1.3608229060139598,1.0599933519900517,0.0,1.0,0.0,0.0,0.0,0.0,1.0,0.0,Paris
0.49675998769853447,0.16288114791746283,-1.072234850375397,0.0,0.0,0.0,0.0,1.0,0.0,0.0,1.0,Sydney
1.0917771413740127,-1.2789575512943774,-0.1942585317543298,0.0,0.0,0.0,1.0,0.0,0.0,0.0,1.0,New York
-1.4866305245530596,-0.7373063003631418,0.5582925984922991,0.0,0.0,1.0,0.0,0.0,0.0,1.0,0.0,Paris
1.686794295049491,0.6091279171505831,-0.06883334337989165,0.0,1.0,0.0,0.0,0.0,1.0,0.0,0.0,Bali
-1.0899524221027408,-1.6698081698640759,1.6871192938622424,1.0,0.0,0.0,0.0,0.0,1.0,0.0,0.0,Rio de Janeiro
-1.3544044904029533,-0.7242266536787227,1.4362689171133662,1.0,0.0,0.0,0.0,0.0,0.0,1.0,0.0,New York
-0.3627092342771563,0.46448241264053725,1.310843728738928,1.0,0.0,0.0,0.0,0.0,0.0,1.0,0.0,Rio de Janeiro
0.9595511072239065,1.3992924550857806,0.9345681636156136,0.0,1.0,0.0,0.0,0.0,1.0,0.0,0.0,Tokyo
-0.29659621720210316,-1.6036405454605442,-1.197660038749835,0.0,0.0,1.0,0.0,0.0,0.0,0.0,1.0,Paris
1.686794295049491,-0.7734676764906533,0.43286741011786095,0.0,0.0,0.0,1.0,0.0,0.0,0.0,1.0,Paris
-1.4866305245530596,0.9338109113167499,-0.06883334337989165,0.0,0.0,1.0,0.0,0.0,0.0,0.0,1.0,New York
-0.3627092342771563,-0.7080694430685581,1.18541854036449,1.0,0.0,0.0,0.0,0.0,1.0,0.0,0.0,Tokyo
0.8273250730738002,0.9407354301496776,-1.072234850375397,0.0,0.0,0.0,1.0,0.0,1.0,0.0,0.0,Paris
-0.7593873367274752,-0.7157633528829223,0.056591844994546496,0.0,0.0,0.0,1.0,0.0,1.0,0.0,0.0,Rio de Janeiro
1.0256641242989597,1.3138900561463385,0.056591844994546496,0.0,0.0,0.0,1.0,0.0,0.0,0.0,1.0,Le Caire
0.3645339535484282,1.5724054259089737,-0.4451089085032061,1.0,0.0,0.0,0.0,0.0,1.0,0.0,0.0,Rio de Janeiro
0.23230791939832193,-1.3612823863080739,-0.5705340968776442,0.0,1.0,0.0,0.0,0.0,0.0,1.0,0.0,Rome
-0.5610482855023157,1.1846323712650209,-1.6993607922475875,0.0,0.0,0.0,1.0,0.0,1.0,0.0,0.0,Londres
0.3645339535484282,0.727614128291791,1.5616941054878042,0.0,0.0,1.0,0.0,0.0,1.0,0.0,0.0,Tokyo
0.3645339535484282,1.153087341026128,-0.5705340968776442,0.0,1.0,0.0,0.0,0.0,0.0,1.0,0.0,Barcelone
-0.9577263879526345,1.0522971224579578,-0.1942585317543298,0.0,1.0,0.0,0.0,0.0,0.0,0.0,1.0,Barcelone
0.033968868173162525,-0.07639944730926199,-0.4451089085032061,0.0,1.0,0.0,0.0,0.0,0.0,1.0,0.0,Barcelone
-1.222178456252847,-0.8442516467828034,-1.3230852271242732,0.0,0.0,1.0,0.0,0.0,0.0,1.0,0.0,New York
-0.8916133708775814,-0.09794239478948158,0.8091429752411754,0.0,0.0,1.0,0.0,0.0,0.0,0.0,1.0,Barcelone
0.695099038923694,0.7453101208648284,-1.5739356038731493,0.0,0.0,0.0,0.0,1.0,0.0,1.0,0.0,Bali
-0.8255003538025283,0.5306500370440689,1.0599933519900517,0.0,0.0,0.0,0.0,1.0,0.0,1.0,0.0,Paris
0.8273250730738002,0.5691195861158895,-0.06883334337989165,0.0,0.0,1.0,0.0,0.0,1.0,0.0,0.0,Tokyo
-0.3627092342771563,-1.1874000245034442,1.4362689171133662,0.0,0.0,0.0,1.0,0.0,1.0,0.0,0.0,Rio de Janeiro
1.4223422267492785,1.4069863649001446,1.5616941054878042,0.0,0.0,0.0,1.0,0.0,0.0,0.0,1.0,Tokyo
1.4884552438243315,0.4483252020303725,0.43286741011786095,0.0,0.0,0.0,0.0,1.0,0.0,1.0,0.0,Barcelone
-0.8916133708775814,1.3246615298864484,0.5582925984922991,0.0,0.0,1.0,0.0,0.0,1.0,0.0,0.0,Barcelone
-1.2882914733279003,-0.4172396520855935,-1.6993607922475875,0.0,0.0,0.0,1.0,0.0,0.0,1.0,0.0,Bali
0.3645339535484282,-1.393596807528403,-0.4451089085032061,0.0,0.0,0.0,1.0,0.0,0.0,0.0,1.0,Bali
-0.16437018305199688,0.48910292404650246,0.9345681636156136,0.0,0.0,1.0,0.0,0.0,1.0,0.0,0.0,Londres
0.9595511072239065,1.3877515903642343,-1.072234850375397,0.0,0.0,0.0,1.0,0.0,0.0,1.0,0.0,Londres
1.157890158449066,1.4677682524336213,-0.31968372012876795,0.0,0.0,0.0,0.0,1.0,0.0,0.0,1.0,Le Caire
-0.693274319652422,-0.035621725293132026,1.18541854036449,0.0,0.0,0.0,0.0,1.0,1.0,0.0,0.0,New York
0.1661949023232688,0.6445199022966581,0.8091429752411754,0.0,0.0,0.0,0.0,1.0,0.0,0.0,1.0,Rio de Janeiro
-0.23048320012705004,-0.8673333762258958,0.6837177868667372,0.0,1.0,0.0,0.0,0.0,0.0,1.0,0.0,Barcelone
-0.09825716597694376,1.1230810927501078,-1.197660038749835,1.0,0.0,0.0,0.0,0.0,1.0,0.0,0.0,Sydney
-1.684969575778219,-0.4549398101759778,0.9345681636156136,0.0,0.0,1.0,0.0,0.0,1.0,0.0,0.0,Londres
0.2984209364733751,-0.34953324571918903,0.3074422217434228,0.0,0.0,0.0,0.0,1.0,0.0,0.0,1.0,New York
-0.16437018305199688,-1.2758799873686317,-1.197660038749835,0.0,1.0,0.0,0.0,0.0,1.0,0.0,0.0,Le Caire
-0.4949352684272626,-1.4866931162822092,-0.8213844736265206,1.0,0.0,0.0,0.0,0.0,0.0,1.0,0.0,Tokyo
-0.4949352684272626,1.5500930874473178,1.0599933519900517,0.0,0.0,1.0,0.0,0.0,1.0,0.0,0.0,New York
0.43064697062348134,-0.6872958865697749,1.4362689171133662,0.0,0.0,0.0,0.0,1.0,0.0,0.0,1.0,Bali
-1.156065439177794,0.9530456858526603,-0.6959592852520824,1.0,0.0,0.0,0.0,0.0,0.0,1.0,0.0,Sydney
-0.5610482855023157,-0.7550022929361794,1.4362689171133662,0.0,0.0,0.0,1.0,0.0,0.0,0.0,1.0,Rio de Janeiro
-1.0238394050276878,0.31906751714905496,-1.197660038749835,0.0,0.0,1.0,0.0,0.0,1.0,0.0,0.0,Le Caire
-1.222178456252847,-1.2266389645567013,-1.197660038749835,0.0,0.0,0.0,1.0,0.0,0.0,0.0,1.0,Tokyo
1.4884552438243315,-1.309733190551834,-0.06883334337989165,0.0,0.0,0.0,1.0,0.0,1.0,0.0,0.0,Sydney
0.695099038923694,-1.352049694530837,1.6871192938622424,0.0,0.0,1.0,0.0,0.0,0.0,0.0,1.0,Paris
1.620681277974438,0.21058338876652052,-0.6959592852520824,0.0,0.0,0.0,1.0,0.0,0.0,0.0,1.0,Rome
-1.0238394050276878,-1.0450626929377076,-0.31968372012876795,0.0,1.0,0.0,0.0,0.0,0.0,0.0,1.0,Bali
-0.032144148901890615,0.5860461877074907,1.18541854036449,0.0,1.0,0.0,0.0,0.0,1.0,0.0,0.0,Paris
0.8934380901488533,-0.5672708934656943,-1.072234850375397,1.0,0.0,0.0,0.0,0.0,0.0,0.0,1.0,Bali
-0.09825716597694376,-1.529009620261212,-1.4485104154987114,1.0,0.0,0.0,0.0,0.0,0.0,0.0,1.0,Rio de Janeiro
1.620681277974438,0.08901961369956708,-1.3230852271242732,0.0,0.0,0.0,1.0,0.0,1.0,0.0,0.0,Tokyo
1.620681277974438,1.435453831213292,-1.4485104154987114,0.0,0.0,0.0,0.0,1.0,0.0,0.0,1.0,Le Caire
-0.4949352684272626,-1.4890012892265185,-0.06883334337989165,0.0,0.0,0.0,1.0,0.0,0.0,1.0,0.0,Paris
1.5545682608993847,0.22827938133955805,0.3074422217434228,0.0,0.0,0.0,1.0,0.0,1.0,0.0,0.0,Barcelone
-0.4949352684272626,1.2908083267032462,1.0599933519900517,0.0,0.0,0.0,0.0,1.0,1.0,0.0,0.0,Rome
-1.2882914733279003,-0.24335729028096387,-1.4485104154987114,0.0,0.0,1.0,0.0,0.0,0.0,0.0,1.0,Paris
1.5545682608993847,1.3161982290906478,-0.6959592852520824,0.0,0.0,0.0,0.0,1.0,1.0,0.0,0.0,Londres
0.23230791939832193,1.099229972325579,-1.4485104154987114,1.0,0.0,0.0,0.0,0.0,0.0,1.0,0.0,Sydney
-0.693274319652422,-0.8396353008941849,0.6837177868667372,0.0,1.0,0.0,0.0,0.0,0.0,0.0,1.0,Londres
-0.9577263879526345,-1.3535884764937096,-0.1942585317543298,0.0,0.0,1.0,0.0,0.0,0.0,0.0,1.0,Tokyo
0.7612120559987471,-1.3728232510296199,0.18201703336898464,0.0,0.0,1.0,0.0,0.0,1.0,0.0,0.0,Sydney
0.7612120559987471,1.677042599384326,-1.4485104154987114,0.0,0.0,0.0,1.0,0.0,1.0,0.0,0.0,New York
1.3562292096742252,1.2415673038913155,-0.8213844736265206,0.0,0.0,0.0,1.0,0.0,0.0,1.0,0.0,Barcelone
0.9595511072239065,-0.6642141571266824,1.18541854036449,0.0,0.0,0.0,1.0,0.0,0.0,0.0,1.0,New York
-1.684969575778219,-1.229716528482447,-0.9468096620009587,0.0,1.0,0.0,0.0,0.0,1.0,0.0,0.0,Rome
0.3645339535484282,0.48910292404650246,-0.8213844736265206,0.0,1.0,0.0,0.0,0.0,1.0,0.0,0.0,Le Caire
-1.3544044904029533,-0.3033697868330042,-0.06883334337989165,0.0,0.0,1.0,0.0,0.0,0.0,1.0,0.0,Barcelone
-1.2882914733279003,0.6252851277607478,1.6871192938622424,0.0,0.0,0.0,1.0,0.0,1.0,0.0,0.0,New York
-0.16437018305199688,0.20673643385933846,1.0599933519900517,0.0,0.0,0.0,1.0,0.0,0.0,0.0,1.0,Rio de Janeiro
-1.222178456252847,0.542190901765615,-1.197660038749835,0.0,0.0,1.0,0.0,0.0,1.0,0.0,0.0,Bali
-0.7593873367274752,0.08286448584807576,-0.06883334337989165,1.0,0.0,0.0,0.0,0.0,0.0,1.0,0.0,Tokyo
-0.8916133708775814,-1.2697248595171404,-1.197660038749835,0.0,1.0,0.0,0.0,0.0,0.0,0.0,1.0,Barcelone
0.695099038923694,0.9961315808130995,0.43286741011786095,0.0,0.0,0.0,1.0,0.0,0.0,1.0,0.0,Sydney
-1.156065439177794,-1.4151397550086227,-1.5739356038731493,0.0,0.0,1.0,0.0,0.0,0.0,1.0,0.0,Tokyo
-0.29659621720210316,1.4239129664917458,1.310843728738928,0.0,0.0,1.0,0.0,0.0,1.0,0.0,0.0,Le Caire
1.5545682608993847,-0.16026306428583115,-0.06883334337989165,1.0,0.0,0.0,0.0,0.0,1.0,0.0,0.0,Tokyo
0.3645339535484282,-0.4510928552687957,1.310843728738928,1.0,0.0,0.0,0.0,0.0,0.0,0.0,1.0,Paris
1.4884552438243315,-0.561115765614203,1.5616941054878042,0.0,1.0,0.0,0.0,0.0,0.0,0.0,1.0,Sydney
-1.2882914733279003,-0.5187992616352002,-1.3230852271242732,0.0,1.0,0.0,0.0,0.0,1.0,0.0,0.0,Bali
0.23230791939832193,0.4414006831974448,1.310843728738928,0.0,0.0,1.0,0.0,0.0,0.0,0.0,1.0,Le Caire
-0.8916133708775814,0.45832728478904594,1.4362689171133662,0.0,0.0,0.0,0.0,1.0,0.0,0.0,1.0,Bali
-0.9577263879526345,1.1376995213973997,-1.4485104154987114,0.0,0.0,0.0,1.0,0.0,0.0,0.0,1.0,Sydney
0.8273250730738002,1.563942125113173,-1.6993607922475875,0.0,0.0,1.0,0.0,0.0,0.0,0.0,1.0,Paris
-1.0899524221027408,0.6945303160900251,-0.6959592852520824,0.0,0.0,1.0,0.0,0.0,1.0,0.0,0.0,New York
-1.156065439177794,0.8030144444725595,-0.8213844736265206,0.0,0.0,0.0,1.0,0.0,0.0,0.0,1.0,New York
1.4223422267492785,-0.06870553749489784,-0.6959592852520824,0.0,0.0,0.0,1.0,0.0,1.0,0.0,0.0,Bali
-0.032144148901890615,1.2569551235200438,0.6837177868667372,1.0,0.0,0.0,0.0,0.0,0.0,0.0,1.0,Sydney
-1.618856558703166,-0.007923649961421116,1.5616941054878042,1.0,0.0,0.0,0.0,0.0,1.0,0.0,0.0,Bali
-1.2882914733279003,-0.2233531247636171,0.43286741011786095,1.0,0.0,0.0,0.0,0.0,1.0,0.0,0.0,New York
-1.0238394050276878,1.0692237240495588,1.18541854036449,0.0,0.0,0.0,1.0,0.0,0.0,0.0,1.0,Bali
-1.4866305245530596,-1.0081319258287595,-0.1942585317543298,0.0,0.0,0.0,0.0,1.0,0.0,0.0,1.0,Le Caire
1.5545682608993847,1.0045948816089,0.18201703336898464,0.0,1.0,0.0,0.0,0.0,0.0,0.0,1.0,New York
-0.8916133708775814,-1.5367035300755763,-0.4451089085032061,0.0,0.0,0.0,0.0,1.0,0.0,0.0,1.0,Londres
1.4223422267492785,0.6560607670182044,-0.5705340968776442,0.0,0.0,1.0,0.0,0.0,1.0,0.0,0.0,Rome
-1.3544044904029533,-0.2079653051348888,0.8091429752411754,1.0,0.0,0.0,0.0,0.0,0.0,0.0,1.0,Rome
0.10008188524821567,-0.3287596892204059,-1.197660038749835,0.0,0.0,0.0,1.0,0.0,1.0,0.0,0.0,Bali
-1.4205175074780065,-0.5472667279483475,0.5582925984922991,1.0,0.0,0.0,0.0,0.0,1.0,0.0,0.0,Tokyo
-0.16437018305199688,-0.7119163979757401,-1.5739356038731493,0.0,0.0,0.0,0.0,1.0,1.0,0.0,0.0,Barcelone
-1.2882914733279003,0.7545428126420654,0.43286741011786095,1.0,0.0,0.0,0.0,0.0,1.0,0.0,0.0,Le Caire
-0.3627092342771563,0.2898306598544712,1.310843728738928,0.0,1.0,0.0,0.0,0.0,0.0,1.0,0.0,Le Caire
-0.5610482855023157,0.13518307258575193,1.6871192938622424,0.0,0.0,0.0,1.0,0.0,1.0,0.0,0.0,Rio de Janeiro
0.10008188524821567,-0.33876177197907925,-0.6959592852520824,0.0,0.0,1.0,0.0,0.0,1.0,0.0,0.0,Tokyo
-1.4866305245530596,-1.5836363799431974,0.9345681636156136,0.0,0.0,0.0,1.0,0.0,0.0,0.0,1.0,Le Caire
1.157890158449066,-0.08178518417931688,-1.5739356038731493,0.0,0.0,0.0,1.0,0.0,1.0,0.0,0.0,Rome
-0.3627092342771563,-0.2341245985037269,-0.4451089085032061,0.0,1.0,0.0,0.0,0.0,1.0,0.0,0.0,Tokyo
-0.8916133708775814,-1.5797894250360154,-0.31968372012876795,0.0,1.0,0.0,0.0,0.0,0.0,0.0,1.0,Rome
-1.618856558703166,-1.2997311077931606,-0.9468096620009587,0.0,1.0,0.0,0.0,0.0,1.0,0.0,0.0,Londres
-0.7593873367274752,-0.38338644890239126,1.4362689171133662,0.0,0.0,1.0,0.0,0.0,0.0,0.0,1.0,Le Caire
0.3645339535484282,-0.2233531247636171,-0.4451089085032061,0.0,0.0,0.0,1.0,0.0,0.0,1.0,0.0,Rome
-0.7593873367274752,-0.5026420510250355,1.0599933519900517,0.0,0.0,0.0,0.0,1.0,0.0,0.0,1.0,Sydney
-0.5610482855023157,-1.170473422911843,1.6871192938622424,0.0,0.0,0.0,1.0,0.0,0.0,0.0,1.0,Londres
-0.693274319652422,0.36215341210949414,-1.5739356038731493,0.0,0.0,0.0,0.0,1.0,0.0,1.0,0.0,Tokyo
-1.0899524221027408,-0.33337603510902436,-0.1942585317543298,0.0,0.0,0.0,0.0,1.0,0.0,0.0,1.0,Londres
-1.3544044904029533,0.1121013431426595,0.9345681636156136,1.0,0.0,0.0,0.0,0.0,1.0,0.0,0.0,Tokyo
0.10008188524821567,0.9107291818736575,-0.9468096620009587,0.0,0.0,0.0,1.0,0.0,0.0,1.0,0.0,Bali
1.2901161925991722,1.6985855468645457,0.18201703336898464,1.0,0.0,0.0,0.0,0.0,1.0,0.0,0.0,Rome
-0.16437018305199688,0.061321538367856164,0.056591844994546496,0.0,0.0,0.0,0.0,1.0,0.0,1.0,0.0,Le Caire
-1.2882914733279003,0.8961107532263656,-0.5705340968776442,0.0,1.0,0.0,0.0,0.0,1.0,0.0,0.0,Paris
1.3562292096742252,0.54757663863567,0.18201703336898464,1.0,0.0,0.0,0.0,0.0,1.0,0.0,0.0,Sydney
-1.222178456252847,0.21212217072939335,1.0599933519900517,0.0,0.0,0.0,1.0,0.0,0.0,1.0,0.0,Tokyo
-0.032144148901890615,-1.2420267841854296,-0.5705340968776442,0.0,0.0,1.0,0.0,0.0,0.0,1.0,0.0,Rome
-1.156065439177794,1.6316485314795777,-0.6959592852520824,0.0,0.0,0.0,1.0,0.0,0.0,1.0,0.0,Londres
-1.618856558703166,-0.3518414186634983,0.3074422217434228,0.0,0.0,1.0,0.0,0.0,0.0,1.0,0.0,Le Caire
-0.3627092342771563,-0.7603880298062342,1.5616941054878042,0.0,0.0,0.0,0.0,1.0,0.0,0.0,1.0,Londres
-0.4949352684272626,-1.1296957008957131,1.18541854036449,1.0,0.0,0.0,0.0,0.0,1.0,0.0,0.0,Barcelone
-0.8255003538025283,1.5608645611874274,-1.6993607922475875,0.0,0.0,0.0,1.0,0.0,0.0,1.0,0.0,Sydney
-1.618856558703166,-0.13487316189842946,-0.06883334337989165,0.0,0.0,0.0,0.0,1.0,1.0,0.0,0.0,New York
-1.618856558703166,-0.8573312934672225,1.18541854036449,0.0,0.0,0.0,1.0,0.0,0.0,0.0,1.0,Le Caire
1.4884552438243315,0.5706583680787624,-0.6959592852520824,0.0,1.0,0.0,0.0,0.0,0.0,1.0,0.0,Sydney
0.5628730047735876,-0.47263580274901534,-0.1942585317543298,0.0,1.0,0.0,0.0,0.0,0.0,1.0,0.0,Rio de Janeiro
-0.16437018305199688,1.3746719436798154,1.0599933519900517,0.0,1.0,0.0,0.0,0.0,1.0,0.0,0.0,Tokyo
0.7612120559987471,1.556248215298809,0.9345681636156136,0.0,0.0,0.0,0.0,1.0,0.0,1.0,0.0,New York
1.5545682608993847,1.6670405166256528,0.5582925984922991,0.0,0.0,0.0,1.0,0.0,0.0,0.0,1.0,Rio de Janeiro
-1.684969575778219,-0.650365119460827,0.8091429752411754,0.0,0.0,1.0,0.0,0.0,0.0,0.0,1.0,Tokyo
-0.8255003538025283,1.6154913208694128,0.43286741011786095,0.0,0.0,0.0,1.0,0.0,0.0,0.0,1.0,Rio de Janeiro
0.43064697062348134,-0.4372438176029403,0.43286741011786095,0.0,1.0,0.0,0.0,0.0,1.0,0.0,0.0,Rome
0.9595511072239065,-0.6711386759596102,-1.6993607922475875,0.0,0.0,0.0,0.0,1.0,0.0,1.0,0.0,Barcelone
1.224003175524119,0.9815131521658076,0.9345681636156136,0.0,0.0,1.0,0.0,0.0,0.0,0.0,1.0,New York
0.8273250730738002,1.2354121760398242,0.056591844994546496,1.0,0.0,0.0,0.0,0.0,0.0,1.0,0.0,Tokyo
0.5628730047735876,-0.20334895924627033,0.8091429752411754,0.0,0.0,0.0,1.0,0.0,0.0,0.0,1.0,Sydney
0.7612120559987471,-0.6603672022195004,-0.6959592852520824,1.0,0.0,0.0,0.0,0.0,0.0,1.0,0.0,Rome
-1.156065439177794,-0.7080694430685581,-0.5705340968776442,0.0,0.0,0.0,1.0,0.0,0.0,1.0,0.0,Sydney
0.23230791939832193,0.17596079460188188,-1.6993607922475875,0.0,0.0,0.0,1.0,0.0,0.0,1.0,0.0,Tokyo
0.8934380901488533,0.4783314503063927,1.6871192938622424,1.0,0.0,0.0,0.0,0.0,0.0,0.0,1.0,Barcelone
0.2984209364733751,1.3038879733876652,0.5582925984922991,0.0,0.0,1.0,0.0,0.0,1.0,0.0,0.0,Rio de Janeiro
-1.3544044904029533,1.0884584985854693,-0.5705340968776442,1.0,0.0,0.0,0.0,0.0,0.0,0.0,1.0,Bali
-0.16437018305199688,0.4906417060093753,0.8091429752411754,1.0,0.0,0.0,0.0,0.0,0.0,1.0,0.0,Rome
1.3562292096742252,-1.7013532001029688,1.5616941054878042,0.0,0.0,0.0,1.0,0.0,0.0,1.0,0.0,Tokyo
0.2984209364733751,-0.11640777834395552,1.18541854036449,0.0,0.0,1.0,0.0,0.0,0.0,0.0,1.0,Tokyo
-0.8916133708775814,1.4754621622479855,0.056591844994546496,0.0,0.0,1.0,0.0,0.0,1.0,0.0,0.0,Paris
0.033968868173162525,0.1813465314719368,-0.4451089085032061,1.0,0.0,0.0,0.0,0.0,0.0,1.0,0.0,Sydney
1.686794295049491,-0.02715842449733147,-0.31968372012876795,1.0,0.0,0.0,0.0,0.0,1.0,0.0,0.0,Le Caire
0.2984209364733751,-0.9588909030168291,0.6837177868667372,0.0,0.0,0.0,0.0,1.0,0.0,1.0,0.0,Barcelone
0.7612120559987471,-1.0973812796753837,1.0599933519900517,1.0,0.0,0.0,0.0,0.0,1.0,0.0,0.0,Tokyo
-0.3627092342771563,-1.6028711544791079,-0.31968372012876795,0.0,0.0,1.0,0.0,0.0,1.0,0.0,0.0,New York
-0.3627092342771563,1.4739233802851126,1.0599933519900517,0.0,0.0,1.0,0.0,0.0,0.0,0.0,1.0,Londres
1.4223422267492785,-1.6205671470521454,-1.3230852271242732,0.0,0.0,0.0,0.0,1.0,0.0,0.0,1.0,Londres
-1.0238394050276878,-1.6297998388293824,-0.5705340968776442,1.0,0.0,0.0,0.0,0.0,1.0,0.0,0.0,Paris
1.4884552438243315,0.06439910229360182,1.5616941054878042,0.0,0.0,1.0,0.0,0.0,0.0,1.0,0.0,Bali
0.7612120559987471,-0.3918497496981918,-1.6993607922475875,0.0,0.0,0.0,0.0,1.0,0.0,1.0,0.0,Sydney
0.10008188524821567,-0.5980465327231509,-0.4451089085032061,1.0,0.0,0.0,0.0,0.0,0.0,1.0,0.0,Rio de Janeiro
-1.3544044904029533,-0.9265764817964998,-0.6959592852520824,0.0,0.0,0.0,1.0,0.0,0.0,1.0,0.0,Tokyo
-0.8255003538025283,0.6522138121110223,-0.31968372012876795,1.0,0.0,0.0,0.0,0.0,0.0,0.0,1.0,Sydney
1.4223422267492785,-1.7305900573975526,-0.8213844736265206,0.0,0.0,0.0,0.0,1.0,0.0,1.0,0.0,Tokyo
-0.16437018305199688,-0.6103567884261335,0.8091429752411754,0.0,0.0,0.0,1.0,0.0,0.0,1.0,0.0,Londres
-1.222178456252847,-0.5788117581872405,0.8091429752411754,0.0,1.0,0.0,0.0,0.0,0.0,1.0,0.0,Paris
1.224003175524119,-1.153546821320242,-0.4451089085032061,0.0,0.0,0.0,0.0,1.0,0.0,1.0,0.0,New York
0.1661949023232688,0.027468335184653938,1.5616941054878042,0.0,0.0,0.0,1.0,0.0,0.0,1.0,0.0,Le Caire
-1.684969575778219,1.4200660115845638,1.4362689171133662,1.0,0.0,0.0,0.0,0.0,0.0,0.0,1.0,Barcelone
-0.032144148901890615,-0.7757758494349626,-0.9468096620009587,0.0,0.0,1.0,0.0,0.0,0.0,1.0,0.0,Rio de Janeiro
0.23230791939832193,-0.0025379130913662164,-1.3230852271242732,0.0,0.0,0.0,1.0,0.0,0.0,0.0,1.0,Rome
-0.4288222513522094,-1.2520288669441029,0.6837177868667372,0.0,0.0,1.0,0.0,0.0,0.0,0.0,1.0,Rome
-1.0238394050276878,-1.6036405454605442,0.8091429752411754,0.0,0.0,0.0,0.0,1.0,1.0,0.0,0.0,Rome
-1.4205175074780065,-0.5564994197255845,0.5582925984922991,0.0,0.0,1.0,0.0,0.0,0.0,0.0,1.0,New York
-0.09825716597694376,-1.3443557847164727,-1.6993607922475875,0.0,1.0,0.0,0.0,0.0,1.0,0.0,0.0,Rio de Janeiro
-0.3627092342771563,0.7329998651618458,0.8091429752411754,0.0,1.0,0.0,0.0,0.0,0.0,1.0,0.0,Paris
0.43064697062348134,0.3583064572023121,1.0599933519900517,0.0,1.0,0.0,0.0,0.0,1.0,0.0,0.0,Rome
-0.8255003538025283,-0.47186641176757893,-1.197660038749835,0.0,1.0,0.0,0.0,0.0,0.0,1.0,0.0,Rome
-1.5527435416281128,0.96381715959277,-0.5705340968776442,0.0,1.0,0.0,0.0,0.0,0.0,1.0,0.0,Barcelone
-1.3544044904029533,-0.5395728181339834,0.9345681636156136,1.0,0.0,0.0,0.0,0.0,0.0,1.0,0.0,Bali
-0.6271613025773689,-1.3382006568649814,-0.1942585317543298,0.0,1.0,0.0,0.0,0.0,1.0,0.0,0.0,New York
-0.4288222513522094,0.376771840756786,1.5616941054878042,0.0,0.0,1.0,0.0,0.0,0.0,0.0,1.0,Bali
0.23230791939832193,-1.1189242271556032,-0.06883334337989165,0.0,0.0,0.0,1.0,0.0,0.0,0.0,1.0,Londres
-0.6271613025773689,0.6760649325355511,-1.5739356038731493,0.0,0.0,1.0,0.0,0.0,0.0,0.0,1.0,Rio de Janeiro
0.5628730047735876,-1.035060610179034,-1.3230852271242732,0.0,0.0,0.0,1.0,0.0,0.0,0.0,1.0,Tokyo
0.10008188524821567,-0.9465806473138465,-1.197660038749835,1.0,0.0,0.0,0.0,0.0,1.0,0.0,0.0,Sydney
1.2901161925991722,-1.2951147619045422,-1.197660038749835,0.0,0.0,1.0,0.0,0.0,0.0,0.0,1.0,Rio de Janeiro
1.224003175524119,0.6383647744451668,-0.9468096620009587,0.0,1.0,0.0,0.0,0.0,0.0,1.0,0.0,Londres
-0.8255003538025283,1.318506402034957,0.8091429752411754,1.0,0.0,0.0,0.0,0.0,1.0,0.0,0.0,Rio de Janeiro
0.9595511072239065,1.517009275245552,0.6837177868667372,0.0,0.0,0.0,1.0,0.0,0.0,1.0,0.0,Le Caire
-0.9577263879526345,-1.6051793274234172,0.5582925984922991,0.0,0.0,0.0,0.0,1.0,0.0,1.0,0.0,Paris
-1.3544044904029533,-0.006384867998548287,0.3074422217434228,0.0,0.0,1.0,0.0,0.0,0.0,0.0,1.0,Paris
-1.0899524221027408,1.288500153758937,-0.06883334337989165,0.0,0.0,0.0,1.0,0.0,0.0,0.0,1.0,Le Caire
-0.23048320012705004,0.5098764805452857,-0.06883334337989165,0.0,0.0,1.0,0.0,0.0,1.0,0.0,0.0,Tokyo
-1.4205175074780065,1.4900805908952774,0.5582925984922991,0.0,0.0,1.0,0.0,0.0,0.0,0.0,1.0,Barcelone
0.23230791939832193,0.2644407574670695,-0.31968372012876795,0.0,1.0,0.0,0.0,0.0,1.0,0.0,0.0,Bali
-0.7593873367274752,-0.42724173484426686,-0.6959592852520824,0.0,0.0,1.0,0.0,0.0,0.0,0.0,1.0,Bali
1.157890158449066,-0.2556675459839465,-1.4485104154987114,0.0,1.0,0.0,0.0,0.0,1.0,0.0,0.0,Tokyo
1.2901161925991722,0.3329165548149104,-0.4451089085032061,0.0,0.0,1.0,0.0,0.0,0.0,0.0,1.0,Le Caire
0.5628730047735876,0.7337692561432823,0.056591844994546496,0.0,0.0,1.0,0.0,0.0,1.0,0.0,0.0,Londres
-0.3627092342771563,0.11056256117978668,0.9345681636156136,0.0,0.0,1.0,0.0,0.0,0.0,0.0,1.0,Tokyo
0.695099038923694,-1.2566452128327215,-0.9468096620009587,0.0,1.0,0.0,0.0,0.0,0.0,0.0,1.0,Londres
1.157890158449066,0.4744844953992106,-1.072234850375397,0.0,0.0,0.0,1.0,0.0,0.0,1.0,0.0,Rio de Janeiro
0.49675998769853447,0.039778590887636564,-1.3230852271242732,0.0,1.0,0.0,0.0,0.0,1.0,0.0,0.0,Le Caire
-0.4949352684272626,-1.1981714982435538,0.8091429752411754,0.0,0.0,0.0,0.0,1.0,1.0,0.0,0.0,Paris
1.3562292096742252,0.45601911184473665,-0.8213844736265206,0.0,0.0,1.0,0.0,0.0,0.0,1.0,0.0,Sydney
0.23230791939832193,1.5977953282963755,-0.5705340968776442,1.0,0.0,0.0,0.0,0.0,0.0,0.0,1.0,Rome
0.23230791939832193,0.6283626916864935,0.8091429752411754,0.0,1.0,0.0,0.0,0.0,1.0,0.0,0.0,Bali
0.9595511072239065,-1.2381798292782475,0.3074422217434228,1.0,0.0,0.0,0.0,0.0,1.0,0.0,0.0,Barcelone
0.5628730047735876,1.5354746588000259,-0.6959592852520824,0.0,0.0,0.0,0.0,1.0,0.0,0.0,1.0,Sydney
-1.2882914733279003,1.619338275776595,-0.8213844736265206,0.0,1.0,0.0,0.0,0.0,1.0,0.0,0.0,Bali
0.2984209364733751,1.6885834641058723,-0.06883334337989165,0.0,0.0,0.0,0.0,1.0,1.0,0.0,0.0,New York
-0.032144148901890615,0.13749124553006117,-1.5739356038731493,1.0,0.0,0.0,0.0,0.0,0.0,1.0,0.0,Rome
0.43064697062348134,0.874567805746146,1.310843728738928,0.0,0.0,0.0,0.0,1.0,0.0,0.0,1.0,Paris
-0.8916133708775814,1.2815756349260092,1.0599933519900517,0.0,0.0,0.0,0.0,1.0,1.0,0.0,0.0,Rio de Janeiro
0.7612120559987471,0.7091487447373169,-0.06883334337989165,0.0,0.0,1.0,0.0,0.0,0.0,1.0,0.0,Rome
-0.8916133708775814,0.995362189831663,1.18541854036449,0.0,0.0,0.0,1.0,0.0,0.0,1.0,0.0,Sydney
-0.9577263879526345,-1.1912469794106262,-0.6959592852520824,0.0,1.0,0.0,0.0,0.0,0.0,1.0,0.0,Rome
0.6289860218486407,-0.5187992616352002,-0.6959592852520824,0.0,0.0,0.0,1.0,0.0,1.0,0.0,0.0,Rio de Janeiro
1.157890158449066,0.5629644582643982,0.056591844994546496,0.0,0.0,0.0,1.0,0.0,1.0,0.0,0.0,New York
-0.8255003538025283,-1.5990241995719259,-0.5705340968776442,1.0,0.0,0.0,0.0,0.0,0.0,0.0,1.0,Tokyo
0.8273250730738002,0.49602744287943024,-0.9468096620009587,0.0,0.0,0.0,0.0,1.0,0.0,1.0,0.0,Tokyo
-0.16437018305199688,1.6631935617184705,1.18541854036449,0.0,0.0,1.0,0.0,0.0,0.0,0.0,1.0,Rio de Janeiro
-0.8916133708775814,1.2369509580026972,-0.06883334337989165,1.0,0.0,0.0,0.0,0.0,1.0,0.0,0.0,Bali
0.49675998769853447,-0.8773354589845692,1.0599933519900517,1.0,0.0,0.0,0.0,0.0,0.0,0.0,1.0,Londres
1.0256641242989597,-1.4089846271571314,1.310843728738928,0.0,0.0,1.0,0.0,0.0,0.0,1.0,0.0,New York
0.5628730047735876,0.46525180362197366,0.18201703336898464,0.0,0.0,0.0,1.0,0.0,0.0,0.0,1.0,Paris
0.23230791939832193,0.9761274152957528,0.9345681636156136,0.0,0.0,0.0,1.0,0.0,0.0,0.0,1.0,New York
-0.4288222513522094,0.5329582099883781,-1.6993607922475875,0.0,0.0,0.0,0.0,1.0,0.0,1.0,0.0,Le Caire
-0.3627092342771563,-0.12640986110262892,0.9345681636156136,0.0,0.0,0.0,1.0,0.0,0.0,1.0,0.0,Rome
-1.4205175074780065,-0.9058029252977166,0.3074422217434228,0.0,0.0,1.0,0.0,0.0,0.0,0.0,1.0,Londres
-0.4288222513522094,1.3508208232552865,0.8091429752411754,1.0,0.0,0.0,0.0,0.0,0.0,0.0,1.0,Paris
-0.09825716597694376,1.5939483733891933,-1.072234850375397,1.0,0.0,0.0,0.0,0.0,1.0,0.0,0.0,Le Caire
1.224003175524119,-1.5059278908181197,-0.4451089085032061,0.0,0.0,1.0,0.0,0.0,1.0,0.0,0.0,Rome
-1.5527435416281128,0.35676767523943925,-0.4451089085032061,0.0,0.0,0.0,1.0,0.0,0.0,0.0,1.0,Barcelone
-1.0899524221027408,-1.6659612149568939,-0.5705340968776442,0.0,0.0,0.0,0.0,1.0,1.0,0.0,0.0,Tokyo
0.1661949023232688,0.6506750301481494,1.5616941054878042,0.0,0.0,0.0,1.0,0.0,0.0,1.0,0.0,Barcelone
0.5628730047735876,1.1300056115830355,0.5582925984922991,0.0,1.0,0.0,0.0,0.0,0.0,0.0,1.0,Sydney
0.6289860218486407,-0.4003130504939924,1.5616941054878042,0.0,1.0,0.0,0.0,0.0,1.0,0.0,0.0,Londres
-0.8916133708775814,-0.5457279459854747,-0.8213844736265206,0.0,1.0,0.0,0.0,0.0,1.0,0.0,0.0,Sydney
0.8934380901488533,0.8537942492473628,0.056591844994546496,0.0,1.0,0.0,0.0,0.0,1.0,0.0,0.0,Rome
-1.4866305245530596,1.405447582937272,-0.5705340968776442,0.0,1.0,0.0,0.0,0.0,0.0,0.0,1.0,Rome
-0.4949352684272626,-0.52957073537531,-0.8213844736265206,0.0,0.0,1.0,0.0,0.0,0.0,1.0,0.0,Londres
-0.3627092342771563,1.3492820412924136,0.5582925984922991,1.0,0.0,0.0,0.0,0.0,1.0,0.0,0.0,Paris
0.2984209364733751,-1.3489721306050912,1.310843728738928,0.0,0.0,1.0,0.0,0.0,0.0,1.0,0.0,New York
1.4223422267492785,-1.092764933786765,0.18201703336898464,0.0,0.0,0.0,0.0,1.0,1.0,0.0,0.0,Tokyo
-0.8255003538025283,-0.4249335618999576,0.5582925984922991,0.0,0.0,0.0,0.0,1.0,0.0,1.0,0.0,Paris
1.2901161925991722,0.002078432797252269,0.056591844994546496,0.0,1.0,0.0,0.0,0.0,0.0,1.0,0.0,New York
0.43064697062348134,0.5814298418188721,-1.072234850375397,1.0,0.0,0.0,0.0,0.0,0.0,0.0,1.0,Tokyo
1.224003175524119,1.6616547797555978,0.43286741011786095,0.0,0.0,0.0,1.0,0.0,0.0,1.0,0.0,Bali
-0.4288222513522094,1.1115402280285616,0.6837177868667372,0.0,0.0,0.0,1.0,0.0,0.0,1.0,0.0,Barcelone
0.1661949023232688,-0.8350189550055664,0.056591844994546496,0.0,1.0,0.0,0.0,0.0,0.0,1.0,0.0,New York
0.033968868173162525,-0.33645359903477,0.8091429752411754,0.0,0.0,1.0,0.0,0.0,0.0,1.0,0.0,Sydney
-1.684969575778219,-1.3612823863080739,0.18201703336898464,0.0,0.0,1.0,0.0,0.0,0.0,1.0,0.0,Tokyo
0.3645339535484282,0.5991258343919097,0.43286741011786095,0.0,0.0,1.0,0.0,0.0,0.0,0.0,1.0,Rio de Janeiro
0.23230791939832193,-0.5626545475770758,0.056591844994546496,0.0,0.0,1.0,0.0,0.0,0.0,0.0,1.0,Rio de Janeiro
-1.684969575778219,0.5368051648955602,1.0599933519900517,0.0,0.0,0.0,0.0,1.0,0.0,1.0,0.0,Rome
0.43064697062348134,-1.5205463194654114,-0.8213844736265206,0.0,0.0,0.0,1.0,0.0,1.0,0.0,0.0,Bali
-0.693274319652422,0.16749749380608134,-1.5739356038731493,1.0,0.0,0.0,0.0,0.0,0.0,0.0,1.0,New York
-0.5610482855023157,-1.4220642738415505,0.6837177868667372,0.0,0.0,0.0,1.0,0.0,0.0,1.0,0.0,Bali
-1.618856558703166,-0.30644735075874985,-0.8213844736265206,0.0,0.0,0.0,0.0,1.0,1.0,0.0,0.0,Bali
-0.4949352684272626,-1.3458945666793454,1.0599933519900517,0.0,0.0,0.0,0.0,1.0,0.0,0.0,1.0,Paris
0.9595511072239065,1.0015173176831544,-0.06883334337989165,0.0,0.0,0.0,1.0,0.0,1.0,0.0,0.0,Sydney
0.7612120559987471,0.20135069698928357,-0.1942585317543298,0.0,0.0,0.0,1.0,0.0,0.0,1.0,0.0,Rio de Janeiro
-0.4288222513522094,1.205405927763804,-0.1942585317543298,1.0,0.0,0.0,0.0,0.0,0.0,0.0,1.0,Le Caire
0.9595511072239065,0.6891445792199702,-0.31968372012876795,1.0,0.0,0.0,0.0,0.0,0.0,1.0,0.0,Sydney
-1.4205175074780065,-1.463611386839117,-0.5705340968776442,0.0,0.0,1.0,0.0,0.0,0.0,0.0,1.0,Bali
1.4223422267492785,-0.914266226093517,0.9345681636156136,0.0,1.0,0.0,0.0,0.0,0.0,1.0,0.0,Londres
1.224003175524119,0.4152413898286067,-1.197660038749835,0.0,0.0,1.0,0.0,0.0,0.0,1.0,0.0,Sydney
1.157890158449066,0.10517682430973178,0.9345681636156136,0.0,0.0,0.0,1.0,0.0,0.0,1.0,0.0,New York
0.1661949023232688,-0.9712011587198117,1.310843728738928,0.0,0.0,0.0,0.0,1.0,1.0,0.0,0.0,Bali
-1.684969575778219,-1.610565064293472,-0.5705340968776442,0.0,0.0,0.0,1.0,0.0,1.0,0.0,0.0,Rome
0.3645339535484282,0.7253059553474817,-1.3230852271242732,0.0,0.0,0.0,1.0,0.0,0.0,1.0,0.0,Londres
-0.4949352684272626,-1.577481252091706,0.5582925984922991,0.0,0.0,0.0,0.0,1.0,0.0,0.0,1.0,Paris
0.5628730047735876,-1.4128315820643136,-1.197660038749835,0.0,0.0,0.0,0.0,1.0,1.0,0.0,0.0,Londres
-1.0899524221027408,0.5206479542853955,-0.06883334337989165,1.0,0.0,0.0,0.0,0.0,1.0,0.0,0.0,Tokyo
-0.5610482855023157,0.6499056391667131,-0.9468096620009587,0.0,1.0,0.0,0.0,0.0,0.0,0.0,1.0,New York
-1.156065439177794,0.6183606089278201,-1.197660038749835,0.0,0.0,0.0,0.0,1.0,0.0,0.0,1.0,Londres
0.10008188524821567,-0.4103151332526658,-0.4451089085032061,0.0,0.0,0.0,1.0,0.0,0.0,0.0,1.0,Tokyo
-1.4205175074780065,-0.23489398948516332,-1.6993607922475875,0.0,0.0,1.0,0.0,0.0,1.0,0.0,0.0,Paris
-0.6271613025773689,1.1900181081350758,-0.31968372012876795,0.0,0.0,0.0,0.0,1.0,1.0,0.0,0.0,Barcelone
0.2984209364733751,0.8191716550827242,-0.6959592852520824,1.0,0.0,0.0,0.0,0.0,1.0,0.0,0.0,Le Caire
-1.618856558703166,0.5221867362482683,-0.31968372012876795,0.0,1.0,0.0,0.0,0.0,0.0,0.0,1.0,Le Caire
-1.3544044904029533,-0.5380340361711106,-1.4485104154987114,0.0,0.0,0.0,0.0,1.0,0.0,0.0,1.0,Londres
-0.7593873367274752,1.0723012879753044,0.056591844994546496,1.0,0.0,0.0,0.0,0.0,0.0,1.0,0.0,Sydney
-0.6271613025773689,-1.5728649062030877,-0.1942585317543298,0.0,0.0,0.0,0.0,1.0,0.0,0.0,1.0,Barcelone
1.4884552438243315,1.6554996519041065,0.6837177868667372,0.0,0.0,1.0,0.0,0.0,0.0,0.0,1.0,Sydney
-0.3627092342771563,-1.699814418140096,-1.4485104154987114,0.0,0.0,1.0,0.0,0.0,1.0,0.0,0.0,Paris
-0.29659621720210316,-0.7157633528829223,0.18201703336898464,0.0,0.0,0.0,1.0,0.0,0.0,0.0,1.0,Sydney
-0.6271613025773689,1.498543891691078,-0.9468096620009587,0.0,0.0,0.0,1.0,0.0,0.0,1.0,0.0,Londres
-1.0899524221027408,1.5647115160946097,0.5582925984922991,0.0,0.0,1.0,0.0,0.0,0.0,1.0,0.0,Londres
-0.032144148901890615,0.7883960158252676,1.4362689171133662,0.0,0.0,0.0,0.0,1.0,1.0,0.0,0.0,Bali
-1.4866305245530596,-1.6197977560707089,0.3074422217434228,0.0,1.0,0.0,0.0,0.0,0.0,1.0,0.0,Le Caire
1.2901161925991722,1.5423991776329535,-0.9468096620009587,0.0,0.0,0.0,1.0,0.0,1.0,0.0,0.0,New York
-1.156065439177794,0.0744011850522752,0.3074422217434228,1.0,0.0,0.0,0.0,0.0,0.0,1.0,0.0,Barcelone
-0.3627092342771563,0.8214798280270335,-0.9468096620009587,0.0,0.0,0.0,0.0,1.0,0.0,0.0,1.0,Rio de Janeiro
0.7612120559987471,0.6114360900948923,-0.6959592852520824,0.0,0.0,0.0,1.0,0.0,1.0,0.0,0.0,Le Caire
-0.29659621720210316,-0.9904359332557221,-0.9468096620009587,0.0,0.0,0.0,0.0,1.0,0.0,0.0,1.0,Barcelone
1.4884552438243315,-1.0165952266245601,0.18201703336898464,0.0,0.0,0.0,0.0,1.0,1.0,0.0,0.0,Bali
-1.4205175074780065,-1.5082360637624288,0.8091429752411754,0.0,0.0,0.0,0.0,1.0,0.0,1.0,0.0,Londres
-0.9577263879526345,-1.6005629815347986,1.4362689171133662,0.0,0.0,0.0,1.0,0.0,1.0,0.0,0.0,Tokyo
0.49675998769853447,1.5716360349275373,1.0599933519900517,0.0,0.0,1.0,0.0,0.0,1.0,0.0,0.0,Barcelone
-0.29659621720210316,0.9368884752424955,-1.197660038749835,1.0,0.0,0.0,0.0,0.0,0.0,0.0,1.0,Tokyo
1.3562292096742252,0.7414631659576464,-0.1942585317543298,0.0,0.0,0.0,1.0,0.0,0.0,0.0,1.0,New York
-0.4949352684272626,-1.60671810938629,-1.3230852271242732,0.0,0.0,1.0,0.0,0.0,0.0,0.0,1.0,Tokyo
1.4223422267492785,0.22750999035812164,-0.1942585317543298,0.0,0.0,0.0,0.0,1.0,0.0,0.0,1.0,New York
-1.5527435416281128,0.7283835192732273,0.3074422217434228,0.0,1.0,0.0,0.0,0.0,0.0,0.0,1.0,Londres
-0.5610482855023157,-0.7550022929361794,0.8091429752411754,0.0,0.0,0.0,1.0,0.0,0.0,0.0,1.0,Sydney
-0.5610482855023157,-1.2343328743710653,-1.072234850375397,0.0,0.0,0.0,0.0,1.0,0.0,0.0,1.0,Rio de Janeiro
-1.156065439177794,0.7245365643660452,0.6837177868667372,0.0,1.0,0.0,0.0,0.0,0.0,1.0,0.0,Londres
-0.032144148901890615,0.8907250163563107,-0.1942585317543298,0.0,1.0,0.0,0.0,0.0,0.0,1.0,0.0,Le Caire
-1.2882914733279003,0.7091487447373169,0.6837177868667372,0.0,0.0,0.0,0.0,1.0,1.0,0.0,0.0,Rio de Janeiro
0.3645339535484282,0.8499472943401808,-1.072234850375397,1.0,0.0,0.0,0.0,0.0,0.0,1.0,0.0,Paris
-0.4949352684272626,-0.8188617443954017,0.18201703336898464,1.0,0.0,0.0,0.0,0.0,0.0,1.0,0.0,Sydney
0.5628730047735876,-0.9650460308683204,0.3074422217434228,1.0,0.0,0.0,0.0,0.0,0.0,0.0,1.0,Londres
1.2901161925991722,-0.7426920372331968,0.6837177868667372,0.0,0.0,0.0,0.0,1.0,0.0,0.0,1.0,Londres
-1.618856558703166,-1.4651501688019897,-0.5705340968776442,1.0,0.0,0.0,0.0,0.0,1.0,0.0,0.0,Rome
-1.222178456252847,-1.287420852090178,1.6871192938622424,0.0,0.0,0.0,1.0,0.0,0.0,0.0,1.0,Rio de Janeiro
-1.2882914733279003,-1.5944078536833073,-0.06883334337989165,1.0,0.0,0.0,0.0,0.0,0.0,0.0,1.0,Londres
0.10008188524821567,0.6306708646308027,-0.8213844736265206,0.0,1.0,0.0,0.0,0.0,0.0,0.0,1.0,New York
1.5545682608993847,1.2723429431487723,-0.1942585317543298,0.0,1.0,0.0,0.0,0.0,0.0,1.0,0.0,Sydney
-0.7593873367274752,-1.0750689412137278,0.8091429752411754,0.0,0.0,0.0,1.0,0.0,1.0,0.0,0.0,New York
0.43064697062348134,-0.8396353008941849,-0.5705340968776442,0.0,1.0,0.0,0.0,0.0,0.0,0.0,1.0,Rome
-0.16437018305199688,1.2284876572068966,-0.31968372012876795,0.0,0.0,0.0,1.0,0.0,1.0,0.0,0.0,Barcelone
-1.5527435416281128,0.12133403491989647,-1.3230852271242732,1.0,0.0,0.0,0.0,0.0,0.0,1.0,0.0,Sydney
-0.032144148901890615,1.1500097771003823,-1.4485104154987114,0.0,1.0,0.0,0.0,0.0,1.0,0.0,0.0,Rio de Janeiro
-0.7593873367274752,-0.6619059841823732,-0.31968372012876795,0.0,1.0,0.0,0.0,0.0,0.0,0.0,1.0,Paris
0.49675998769853447,1.1607812508404922,0.3074422217434228,0.0,0.0,1.0,0.0,0.0,0.0,0.0,1.0,Rome
0.033968868173162525,1.342357522459486,0.8091429752411754,0.0,0.0,0.0,1.0,0.0,1.0,0.0,0.0,Le Caire
0.2984209364733751,0.7545428126420654,-0.1942585317543298,0.0,0.0,0.0,0.0,1.0,0.0,0.0,1.0,Paris
-0.09825716597694376,0.6345178195379848,-1.4485104154987114,1.0,0.0,0.0,0.0,0.0,0.0,1.0,0.0,Barcelone
0.8273250730738002,0.636825992482294,-1.072234850375397,0.0,0.0,0.0,1.0,0.0,0.0,0.0,1.0,Rio de Janeiro
-0.9577263879526345,-0.3856946218467005,-1.4485104154987114,0.0,0.0,0.0,1.0,0.0,0.0,1.0,0.0,Rome
-0.9577263879526345,1.3008104094619195,1.6871192938622424,1.0,0.0,0.0,0.0,0.0,0.0,0.0,1.0,Rome
1.157890158449066,-1.417447927952932,1.5616941054878042,0.0,1.0,0.0,0.0,0.0,0.0,0.0,1.0,Bali
1.0256641242989597,-1.2320247014267562,-0.1942585317543298,0.0,0.0,0.0,1.0,0.0,0.0,1.0,0.0,Paris
0.6289860218486407,0.30291030653889023,-0.06883334337989165,0.0,0.0,1.0,0.0,0.0,1.0,0.0,0.0,Le Caire
1.0917771413740127,0.7622367224564296,1.5616941054878042,1.0,0.0,0.0,0.0,0.0,1.0,0.0,0.0,Rio de Janeiro
1.2901161925991722,0.5368051648955602,-1.6993607922475875,0.0,0.0,1.0,0.0,0.0,0.0,0.0,1.0,Le Caire
0.10008188524821567,0.3906208784226415,0.6837177868667372,1.0,0.0,0.0,0.0,0.0,0.0,0.0,1.0,Paris
-1.4205175074780065,0.47063754049202855,-0.5705340968776442,0.0,0.0,0.0,0.0,1.0,0.0,1.0,0.0,Barcelone
0.23230791939832193,0.6098973081320195,-0.1942585317543298,1.0,0.0,0.0,0.0,0.0,0.0,1.0,0.0,Tokyo
0.7612120559987471,-1.1496998664130598,1.310843728738928,1.0,0.0,0.0,0.0,0.0,1.0,0.0,0.0,Barcelone
0.3645339535484282,0.8730290237832732,-0.1942585317543298,0.0,0.0,1.0,0.0,0.0,1.0,0.0,0.0,New York
1.5545682608993847,-0.9527357751653378,0.5582925984922991,0.0,0.0,0.0,0.0,1.0,0.0,1.0,0.0,New York
-1.156065439177794,0.32368386303767344,1.310843728738928,0.0,0.0,0.0,1.0,0.0,0.0,0.0,1.0,Rio de Janeiro
-0.29659621720210316,-1.5036197178738104,1.4362689171133662,0.0,0.0,0.0,0.0,1.0,0.0,0.0,1.0,Rome
1.4884552438243315,0.7414631659576464,1.310843728738928,0.0,0.0,0.0,1.0,0.0,0.0,1.0,0.0,Le Caire
-0.3627092342771563,1.2469530407613705,0.056591844994546496,1.0,0.0,0.0,0.0,0.0,0.0,1.0,0.0,Paris
-0.032144148901890615,0.21212217072939335,0.18201703336898464,0.0,0.0,1.0,0.0,0.0,1.0,0.0,0.0,Londres
1.4223422267492785,0.32368386303767344,1.5616941054878042,0.0,0.0,0.0,1.0,0.0,0.0,0.0,1.0,Sydney
1.686794295049491,0.7791633240480307,-1.4485104154987114,0.0,1.0,0.0,0.0,0.0,0.0,1.0,0.0,Paris
1.4884552438243315,-0.5711178483728764,-1.4485104154987114,0.0,0.0,1.0,0.0,0.0,0.0,0.0,1.0,Rome
0.5628730047735876,1.673195644477144,-1.6993607922475875,1.0,0.0,0.0,0.0,0.0,1.0,0.0,0.0,Barcelone
1.3562292096742252,-0.18411418471035998,-0.6959592852520824,1.0,0.0,0.0,0.0,0.0,0.0,1.0,0.0,Bali
0.23230791939832193,1.1553955139704373,-0.31968372012876795,0.0,0.0,0.0,0.0,1.0,1.0,0.0,0.0,Paris
1.5545682608993847,-1.1835530695962622,1.0599933519900517,1.0,0.0,0.0,0.0,0.0,0.0,0.0,1.0,Sydney
-0.7593873367274752,-0.12871803404693816,0.056591844994546496,1.0,0.0,0.0,0.0,0.0,0.0,1.0,0.0,Londres
1.0917771413740127,1.643189396201124,-1.6993607922475875,1.0,0.0,0.0,0.0,0.0,0.0,0.0,1.0,Barcelone
1.224003175524119,-0.9719705497012482,-0.1942585317543298,1.0,0.0,0.0,0.0,0.0,0.0,1.0,0.0,Barcelone
0.9595511072239065,1.201558972856622,-1.3230852271242732,0.0,0.0,0.0,1.0,0.0,0.0,0.0,1.0,Le Caire
-1.618856558703166,1.4516110418234567,-1.197660038749835,1.0,0.0,0.0,0.0,0.0,0.0,1.0,0.0,Le Caire
-0.032144148901890615,-0.8996477974462253,1.310843728738928,0.0,0.0,1.0,0.0,0.0,0.0,0.0,1.0,Bali
0.10008188524821567,0.38985148744120507,-0.1942585317543298,0.0,0.0,1.0,0.0,0.0,0.0,1.0,0.0,New York
0.8273250730738002,-1.4166785369714956,-1.197660038749835,0.0,0.0,1.0,0.0,0.0,0.0,1.0,0.0,Londres
-0.09825716597694376,1.220024356411096,1.6871192938622424,0.0,1.0,0.0,0.0,0.0,0.0,0.0,1.0,Rome
0.9595511072239065,0.3975453972555692,-0.5705340968776442,0.0,0.0,1.0,0.0,0.0,0.0,0.0,1.0,Bali
1.4223422267492785,1.5716360349275373,-0.4451089085032061,0.0,0.0,0.0,1.0,0.0,0.0,0.0,1.0,Rio de Janeiro
0.695099038923694,0.27828979513292496,0.43286741011786095,0.0,0.0,1.0,0.0,0.0,0.0,1.0,0.0,Londres
-0.9577263879526345,1.5777911627790286,1.6871192938622424,0.0,1.0,0.0,0.0,0.0,1.0,0.0,0.0,Barcelone
-1.5527435416281128,-1.6882735534185498,-1.072234850375397,1.0,0.0,0.0,0.0,0.0,1.0,0.0,0.0,Paris
0.3645339535484282,-1.7359757942676075,-0.5705340968776442,0.0,0.0,0.0,0.0,1.0,0.0,0.0,1.0,Barcelone
0.7612120559987471,0.8891862343934379,-0.9468096620009587,0.0,1.0,0.0,0.0,0.0,1.0,0.0,0.0,Tokyo
0.8934380901488533,0.12979733571569704,0.6837177868667372,0.0,0.0,1.0,0.0,0.0,0.0,1.0,0.0,Rio de Janeiro
-0.9577263879526345,1.1061544911585066,1.18541854036449,0.0,0.0,1.0,0.0,0.0,1.0,0.0,0.0,Bali
-0.693274319652422,-0.7757758494349626,1.310843728738928,0.0,1.0,0.0,0.0,0.0,0.0,1.0,0.0,Le Caire
-0.8916133708775814,1.6262627946095227,-1.4485104154987114,0.0,0.0,1.0,0.0,0.0,1.0,0.0,0.0,Paris
1.4223422267492785,-0.2979840499629493,1.4362689171133662,0.0,0.0,0.0,0.0,1.0,0.0,1.0,0.0,Le Caire
1.0256641242989597,0.2098139977850841,0.43286741011786095,0.0,0.0,0.0,0.0,1.0,1.0,0.0,0.0,Rome
0.5628730047735876,-1.6021017634976715,0.6837177868667372,0.0,0.0,1.0,0.0,0.0,1.0,0.0,0.0,Paris
-0.693274319652422,-0.1533385454529034,-1.072234850375397,0.0,0.0,1.0,0.0,0.0,1.0,0.0,0.0,Le Caire
-0.09825716597694376,-0.3349148170718972,1.310843728738928,1.0,0.0,0.0,0.0,0.0,0.0,1.0,0.0,Barcelone
-1.4205175074780065,0.03900919990620015,0.3074422217434228,0.0,0.0,1.0,0.0,0.0,0.0,1.0,0.0,New York
1.620681277974438,-1.408215236175695,1.310843728738928,0.0,0.0,0.0,0.0,1.0,0.0,1.0,0.0,Bali
-1.4205175074780065,0.7368468200690279,-1.197660038749835,0.0,0.0,1.0,0.0,0.0,1.0,0.0,0.0,Le Caire
0.7612120559987471,0.7814714969923399,1.18541854036449,0.0,1.0,0.0,0.0,0.0,1.0,0.0,0.0,Bali
0.3645339535484282,0.5983564434104733,0.18201703336898464,0.0,0.0,1.0,0.0,0.0,0.0,1.0,0.0,Bali
0.033968868173162525,1.1954038450051307,-1.3230852271242732,0.0,0.0,0.0,0.0,1.0,0.0,1.0,0.0,Bali
0.10008188524821567,-1.6559591321982203,-1.4485104154987114,1.0,0.0,0.0,0.0,0.0,1.0,0.0,0.0,Bali
-0.8916133708775814,-1.0450626929377076,1.5616941054878042,0.0,0.0,1.0,0.0,0.0,0.0,0.0,1.0,New York
1.224003175524119,-1.7382839672119168,1.18541854036449,0.0,1.0,0.0,0.0,0.0,0.0,0.0,1.0,Paris
0.3645339535484282,-1.4320663566002239,1.310843728738928,0.0,0.0,1.0,0.0,0.0,0.0,0.0,1.0,Rome
0.3645339535484282,-0.8996477974462253,-1.3230852271242732,0.0,1.0,0.0,0.0,0.0,0.0,0.0,1.0,New York
-1.3544044904029533,-1.135081437765768,0.6837177868667372,0.0,0.0,0.0,0.0,1.0,0.0,0.0,1.0,Paris
-0.3627092342771563,-1.152008039357369,0.056591844994546496,0.0,0.0,1.0,0.0,0.0,0.0,0.0,1.0,Tokyo
1.4223422267492785,0.7014548349229528,0.43286741011786095,0.0,0.0,1.0,0.0,0.0,1.0,0.0,0.0,New York
-1.0899524221027408,0.7683918503079209,-0.1942585317543298,0.0,0.0,0.0,1.0,0.0,0.0,1.0,0.0,Rio de Janeiro
-1.0899524221027408,-0.33183725314615153,0.5582925984922991,0.0,0.0,0.0,0.0,1.0,1.0,0.0,0.0,Rome
0.7612120559987471,0.7353080381061551,1.6871192938622424,0.0,1.0,0.0,0.0,0.0,0.0,0.0,1.0,Le Caire
-1.684969575778219,1.1700139426177292,-1.6993607922475875,0.0,0.0,0.0,0.0,1.0,0.0,0.0,1.0,Sydney
-0.3627092342771563,1.6570384338669792,1.18541854036449,1.0,0.0,0.0,0.0,0.0,0.0,1.0,0.0,Tokyo
-1.222178456252847,0.8722596328018368,0.9345681636156136,0.0,0.0,1.0,0.0,0.0,0.0,1.0,0.0,Bali
-1.0899524221027408,0.2898306598544712,1.310843728738928,0.0,0.0,1.0,0.0,0.0,0.0,0.0,1.0,Londres
0.23230791939832193,-0.8865681507618062,-0.6959592852520824,0.0,0.0,1.0,0.0,0.0,0.0,0.0,1.0,Bali
0.49675998769853447,1.2569551235200438,1.4362689171133662,0.0,0.0,0.0,1.0,0.0,1.0,0.0,0.0,Barcelone
1.4884552438243315,0.2906000508359076,-0.1942585317543298,1.0,0.0,0.0,0.0,0.0,0.0,0.0,1.0,Le Caire
0.2984209364733751,-1.6844265985113678,0.5582925984922991,0.0,0.0,1.0,0.0,0.0,0.0,1.0,0.0,Paris
0.695099038923694,1.6701180805513984,-1.3230852271242732,1.0,0.0,0.0,0.0,0.0,1.0,0.0,0.0,Paris
-0.6271613025773689,1.3300472667565033,-0.8213844736265206,0.0,0.0,0.0,1.0,0.0,1.0,0.0,0.0,Bali
-1.2882914733279003,-0.46494189293465116,0.9345681636156136,0.0,1.0,0.0,0.0,0.0,0.0,0.0,1.0,Barcelone
-0.23048320012705004,-1.2681860775542677,-0.31968372012876795,1.0,0.0,0.0,0.0,0.0,1.0,0.0,0.0,Rome
-0.4949352684272626,-1.1904775884291898,-0.06883334337989165,0.0,0.0,0.0,1.0,0.0,0.0,1.0,0.0,New York
0.43064697062348134,-0.26874719266836555,0.056591844994546496,1.0,0.0,0.0,0.0,0.0,0.0,0.0,1.0,Le Caire
-1.4205175074780065,-1.2851126791458687,0.5582925984922991,1.0,0.0,0.0,0.0,0.0,0.0,0.0,1.0,Sydney
0.23230791939832193,-0.6111261794075699,0.8091429752411754,0.0,0.0,0.0,0.0,1.0,0.0,0.0,1.0,Bali
-1.4205175074780065,1.205405927763804,-1.197660038749835,0.0,0.0,1.0,0.0,0.0,0.0,0.0,1.0,Paris
-0.4949352684272626,-1.1027670165454386,-0.06883334337989165,0.0,0.0,0.0,0.0,1.0,0.0,1.0,0.0,Barcelone
-1.4205175074780065,1.1946344540236944,0.056591844994546496,0.0,1.0,0.0,0.0,0.0,0.0,1.0,0.0,Tokyo
-0.09825716597694376,0.7260753463289181,-0.1942585317543298,0.0,1.0,0.0,0.0,0.0,1.0,0.0,0.0,Barcelone
-1.156065439177794,1.2715735521673357,-1.4485104154987114,1.0,0.0,0.0,0.0,0.0,1.0,0.0,0.0,Le Caire
0.033968868173162525,1.017674528293319,0.9345681636156136,0.0,1.0,0.0,0.0,0.0,0.0,1.0,0.0,Bali
-0.8916133708775814,0.8237880009713426,-0.9468096620009587,1.0,0.0,0.0,0.0,0.0,0.0,1.0,0.0,Barcelone
1.686794295049491,-0.1256404701211925,0.8091429752411754,0.0,0.0,0.0,0.0,1.0,1.0,0.0,0.0,Sydney
0.2984209364733751,-1.2643391226470855,1.0599933519900517,0.0,0.0,1.0,0.0,0.0,0.0,0.0,1.0,Rome
1.5545682608993847,-1.5582464775557958,-0.5705340968776442,0.0,0.0,1.0,0.0,0.0,0.0,1.0,0.0,Rio de Janeiro
-1.222178456252847,-0.3164494335174232,1.310843728738928,0.0,0.0,0.0,1.0,0.0,0.0,0.0,1.0,Tokyo
-0.7593873367274752,-1.6875041624371134,-1.072234850375397,0.0,0.0,0.0,0.0,1.0,0.0,1.0,0.0,Sydney
-1.3544044904029533,0.14210759141867965,-0.06883334337989165,0.0,0.0,0.0,1.0,0.0,1.0,0.0,0.0,Le Caire
-0.09825716597694376,-0.6103567884261335,1.6871192938622424,1.0,0.0,0.0,0.0,0.0,0.0,0.0,1.0,New York
1.3562292096742252,0.5875849696703636,0.3074422217434228,0.0,1.0,0.0,0.0,0.0,0.0,0.0,1.0,Tokyo
1.0917771413740127,-1.0558341666778173,-0.9468096620009587,0.0,0.0,0.0,0.0,1.0,0.0,0.0,1.0,Barcelone
-1.156065439177794,-0.7257654356415956,-1.072234850375397,0.0,1.0,0.0,0.0,0.0,0.0,0.0,1.0,Le Caire
-1.684969575778219,-0.745000210177506,1.310843728738928,0.0,1.0,0.0,0.0,0.0,1.0,0.0,0.0,Sydney
-1.684969575778219,1.1800160253764025,-1.072234850375397,0.0,1.0,0.0,0.0,0.0,0.0,1.0,0.0,Barcelone
0.695099038923694,0.6622158948696957,-0.1942585317543298,1.0,0.0,0.0,0.0,0.0,1.0,0.0,0.0,Bali
-0.4949352684272626,1.3115818832020294,0.5582925984922991,0.0,0.0,0.0,0.0,1.0,0.0,0.0,1.0,New York
-0.3627092342771563,-0.8411740828570577,0.056591844994546496,0.0,0.0,0.0,0.0,1.0,0.0,0.0,1.0,Le Caire
-0.4288222513522094,-0.8596394664115317,-1.4485104154987114,1.0,0.0,0.0,0.0,0.0,0.0,1.0,0.0,Le Caire
-1.618856558703166,0.5168009993782134,-1.197660038749835,1.0,0.0,0.0,0.0,0.0,1.0,0.0,0.0,Tokyo
0.7612120559987471,0.11056256117978668,1.5616941054878042,0.0,0.0,0.0,1.0,0.0,0.0,1.0,0.0,Tokyo
0.43064697062348134,-1.1458529115058778,1.5616941054878042,0.0,1.0,0.0,0.0,0.0,0.0,0.0,1.0,Le Caire
-1.2882914733279003,0.31752873518618213,-0.06883334337989165,1.0,0.0,0.0,0.0,0.0,1.0,0.0,0.0,Rome
0.43064697062348134,0.5298806460626324,-0.8213844736265206,0.0,1.0,0.0,0.0,0.0,0.0,1.0,0.0,Rio de Janeiro
-0.032144148901890615,-1.3766702059368021,0.18201703336898464,0.0,0.0,0.0,1.0,0.0,0.0,1.0,0.0,Sydney
1.157890158449066,1.260802078427226,-0.5705340968776442,0.0,0.0,0.0,1.0,0.0,1.0,0.0,0.0,Sydney
-0.032144148901890615,-0.6326691268877895,1.5616941054878042,0.0,1.0,0.0,0.0,0.0,0.0,0.0,1.0,Rome
0.10008188524821567,1.026907220070556,-0.6959592852520824,0.0,0.0,1.0,0.0,0.0,0.0,1.0,0.0,Paris
-0.4288222513522094,-1.3343537019577993,-1.5739356038731493,0.0,0.0,0.0,1.0,0.0,0.0,0.0,1.0,Tokyo
1.5545682608993847,-1.2935759799416693,-1.197660038749835,0.0,1.0,0.0,0.0,0.0,0.0,1.0,0.0,Londres
-0.7593873367274752,0.560656285320089,-1.5739356038731493,0.0,1.0,0.0,0.0,0.0,0.0,1.0,0.0,Londres
0.9595511072239065,-0.13564255287986587,1.5616941054878042,0.0,1.0,0.0,0.0,0.0,0.0,0.0,1.0,Rio de Janeiro
-1.0238394050276878,0.4298598184758986,0.3074422217434228,0.0,0.0,0.0,1.0,0.0,1.0,0.0,0.0,Rome
-1.4866305245530596,0.6383647744451668,-1.6993607922475875,0.0,0.0,0.0,1.0,0.0,0.0,0.0,1.0,Londres
0.5628730047735876,-0.6849877136254656,-1.6993607922475875,0.0,0.0,0.0,0.0,1.0,0.0,1.0,0.0,Londres
1.4223422267492785,-1.51439119161392,-1.3230852271242732,0.0,0.0,1.0,0.0,0.0,0.0,1.0,0.0,Londres
-0.29659621720210316,-0.027927815478767888,1.6871192938622424,1.0,0.0,0.0,0.0,0.0,0.0,0.0,1.0,Le Caire
0.6289860218486407,0.6322096465936755,0.43286741011786095,0.0,0.0,1.0,0.0,0.0,0.0,1.0,0.0,Bali
-0.7593873367274752,-0.5180298706537637,-0.9468096620009587,0.0,1.0,0.0,0.0,0.0,0.0,1.0,0.0,Rio de Janeiro
1.4223422267492785,1.1523179500446916,0.9345681636156136,0.0,1.0,0.0,0.0,0.0,1.0,0.0,0.0,Sydney
0.7612120559987471,1.0245990471262467,0.056591844994546496,0.0,0.0,0.0,1.0,0.0,0.0,0.0,1.0,Sydney
-1.156065439177794,0.5614256763015254,-0.5705340968776442,0.0,0.0,1.0,0.0,0.0,0.0,1.0,0.0,Rio de Janeiro
-1.156065439177794,-1.3820559428068568,-1.5739356038731493,0.0,0.0,0.0,1.0,0.0,0.0,1.0,0.0,Rome
-1.156065439177794,-0.32414334333178735,1.310843728738928,0.0,1.0,0.0,0.0,0.0,1.0,0.0,0.0,Bali
-0.3627092342771563,1.6347260954053233,-0.1942585317543298,0.0,1.0,0.0,0.0,0.0,0.0,0.0,1.0,Rome
0.695099038923694,-0.8319413910798208,-1.4485104154987114,1.0,0.0,0.0,0.0,0.0,0.0,0.0,1.0,Rio de Janeiro
-1.2882914733279003,0.43832311927169915,1.0599933519900517,0.0,0.0,1.0,0.0,0.0,0.0,0.0,1.0,Tokyo
0.10008188524821567,-1.041985129011962,-0.1942585317543298,0.0,1.0,0.0,0.0,0.0,1.0,0.0,0.0,New York
0.49675998769853447,-0.7834697592493267,1.18541854036449,0.0,0.0,0.0,1.0,0.0,1.0,0.0,0.0,Le Caire
-1.5527435416281128,-0.9096498802048986,0.6837177868667372,0.0,0.0,1.0,0.0,0.0,0.0,1.0,0.0,Tokyo
-0.8916133708775814,0.3536901113136936,-1.072234850375397,0.0,0.0,1.0,0.0,0.0,0.0,0.0,1.0,Paris
-0.29659621720210316,-0.2718247565941112,-1.6993607922475875,0.0,1.0,0.0,0.0,0.0,1.0,0.0,0.0,Barcelone
1.0256641242989597,1.2584939054829167,-0.6959592852520824,1.0,0.0,0.0,0.0,0.0,0.0,0.0,1.0,Bali
-1.618856558703166,0.026698944203217525,-0.6959592852520824,1.0,0.0,0.0,0.0,0.0,1.0,0.0,0.0,Barcelone
1.224003175524119,-0.3980048775496831,0.6837177868667372,0.0,0.0,0.0,0.0,1.0,0.0,0.0,1.0,Rome
-0.4288222513522094,0.7168426545516811,-0.1942585317543298,0.0,0.0,0.0,1.0,0.0,1.0,0.0,0.0,Paris
1.620681277974438,-0.4364744266215039,0.43286741011786095,0.0,0.0,0.0,0.0,1.0,0.0,1.0,0.0,New York
1.686794295049491,0.22366303545093957,0.5582925984922991,0.0,0.0,1.0,0.0,0.0,0.0,1.0,0.0,Sydney
-0.8255003538025283,0.4429394651603176,1.310843728738928,0.0,0.0,0.0,0.0,1.0,0.0,1.0,0.0,Rome
-1.3544044904029533,-0.46417250195321474,0.6837177868667372,1.0,0.0,0.0,0.0,0.0,0.0,1.0,0.0,Paris
-1.0899524221027408,1.2677265972601537,-0.1942585317543298,0.0,0.0,0.0,0.0,1.0,1.0,0.0,0.0,Londres
-1.4205175074780065,-1.627491665885073,-0.9468096620009587,0.0,0.0,0.0,0.0,1.0,0.0,1.0,0.0,Londres
-1.618856558703166,1.2000201908937493,-0.31968372012876795,1.0,0.0,0.0,0.0,0.0,0.0,0.0,1.0,New York
0.033968868173162525,-0.5795811491686769,-1.197660038749835,0.0,1.0,0.0,0.0,0.0,0.0,0.0,1.0,Bali
0.9595511072239065,-0.8096290526181648,0.8091429752411754,0.0,0.0,1.0,0.0,0.0,0.0,0.0,1.0,Rio de Janeiro
0.2984209364733751,0.9922846259059174,0.18201703336898464,0.0,0.0,1.0,0.0,0.0,0.0,1.0,0.0,Rome
1.620681277974438,-0.7942412329894365,-0.4451089085032061,0.0,0.0,1.0,0.0,0.0,1.0,0.0,0.0,Le Caire
1.224003175524119,-1.0758383321951641,0.18201703336898464,0.0,0.0,0.0,0.0,1.0,0.0,0.0,1.0,Londres
1.224003175524119,0.6937609251085887,-1.4485104154987114,0.0,0.0,0.0,0.0,1.0,0.0,1.0,0.0,Le Caire
-0.8916133708775814,0.9761274152957528,0.9345681636156136,0.0,0.0,0.0,0.0,1.0,1.0,0.0,0.0,Rome
-0.3627092342771563,-1.651342786309602,-0.31968372012876795,0.0,0.0,1.0,0.0,0.0,0.0,1.0,0.0,Rio de Janeiro
0.23230791939832193,-1.6759632977155672,1.18541854036449,0.0,0.0,0.0,1.0,0.0,1.0,0.0,0.0,Rio de Janeiro
-1.4205175074780065,0.2305875542838673,0.5582925984922991,0.0,1.0,0.0,0.0,0.0,0.0,0.0,1.0,Le Caire
-0.6271613025773689,-0.8127066165439104,1.18541854036449,0.0,0.0,0.0,1.0,0.0,1.0,0.0,0.0,Paris
1.4223422267492785,-0.20642652317201599,0.6837177868667372,0.0,1.0,0.0,0.0,0.0,0.0,1.0,0.0,Sydney
0.49675998769853447,0.48217840521357475,1.4362689171133662,0.0,0.0,0.0,0.0,1.0,0.0,0.0,1.0,Barcelone
1.3562292096742252,-0.4864848404148708,-0.5705340968776442,0.0,0.0,1.0,0.0,0.0,0.0,1.0,0.0,Rio de Janeiro
0.5628730047735876,-0.2779798844456025,1.6871192938622424,0.0,1.0,0.0,0.0,0.0,0.0,0.0,1.0,Londres
0.2984209364733751,-1.7452084860448445,0.5582925984922991,0.0,0.0,1.0,0.0,0.0,0.0,0.0,1.0,Rio de Janeiro
0.6289860218486407,0.7137650906259354,0.9345681636156136,0.0,0.0,0.0,0.0,1.0,1.0,0.0,0.0,Le Caire
-1.222178456252847,-1.5405504849827583,-0.5705340968776442,0.0,0.0,0.0,1.0,0.0,1.0,0.0,0.0,Rio de Janeiro
1.0917771413740127,0.33676350972209246,1.4362689171133662,0.0,0.0,1.0,0.0,0.0,0.0,1.0,0.0,Londres
0.6289860218486407,-1.0342912191975977,-0.8213844736265206,0.0,1.0,0.0,0.0,0.0,1.0,0.0,0.0,Sydney
-0.8916133708775814,0.8468697304144351,0.9345681636156136,0.0,1.0,0.0,0.0,0.0,0.0,1.0,0.0,Londres
0.43064697062348134,-1.5420892669456312,0.43286741011786095,0.0,0.0,0.0,0.0,1.0,0.0,0.0,1.0,Paris
0.3645339535484282,1.103076927232761,-0.06883334337989165,0.0,1.0,0.0,0.0,0.0,0.0,1.0,0.0,Rome
-0.6271613025773689,-1.2766493783500683,-1.4485104154987114,0.0,0.0,0.0,0.0,1.0,1.0,0.0,0.0,Paris
-1.3544044904029533,1.079225806808232,-1.4485104154987114,0.0,0.0,1.0,0.0,0.0,0.0,0.0,1.0,Paris
1.4884552438243315,0.6691404137026234,-0.5705340968776442,0.0,0.0,0.0,1.0,0.0,1.0,0.0,0.0,Bali
-1.156065439177794,-0.94581125633241,1.18541854036449,0.0,0.0,0.0,1.0,0.0,0.0,0.0,1.0,Rome
-0.3627092342771563,1.0684543330681224,-0.31968372012876795,0.0,0.0,0.0,1.0,0.0,0.0,1.0,0.0,Bali
0.6289860218486407,0.24905293783834123,0.43286741011786095,0.0,0.0,0.0,1.0,0.0,0.0,1.0,0.0,Rome
-0.9577263879526345,1.2715735521673357,-0.9468096620009587,0.0,0.0,0.0,1.0,0.0,0.0,0.0,1.0,Sydney
-1.4205175074780065,-1.0896873698610194,-1.4485104154987114,1.0,0.0,0.0,0.0,0.0,1.0,0.0,0.0,Barcelone
-1.4866305245530596,-0.9850501963856672,1.18541854036449,0.0,1.0,0.0,0.0,0.0,0.0,0.0,1.0,Rome
0.3645339535484282,-1.300500498774597,0.18201703336898464,0.0,0.0,0.0,1.0,0.0,0.0,1.0,0.0,Sydney
-1.684969575778219,-1.664422432994021,0.43286741011786095,0.0,0.0,0.0,0.0,1.0,1.0,0.0,0.0,Bali
0.033968868173162525,0.7960899256396318,-0.5705340968776442,0.0,1.0,0.0,0.0,0.0,1.0,0.0,0.0,Le Caire
-1.222178456252847,0.9761274152957528,-0.8213844736265206,1.0,0.0,0.0,0.0,0.0,0.0,1.0,0.0,Paris
-1.222178456252847,1.0476807765693392,1.310843728738928,0.0,0.0,1.0,0.0,0.0,1.0,0.0,0.0,Rome
0.1661949023232688,-0.6588284202566276,-1.072234850375397,1.0,0.0,0.0,0.0,0.0,0.0,1.0,0.0,Rome
-0.6271613025773689,-1.6836572075299314,-0.8213844736265206,1.0,0.0,0.0,0.0,0.0,1.0,0.0,0.0,New York
-0.29659621720210316,-0.5003338780807263,-0.06883334337989165,0.0,1.0,0.0,0.0,0.0,1.0,0.0,0.0,New York
1.157890158449066,0.6545219850553315,0.43286741011786095,0.0,0.0,0.0,0.0,1.0,1.0,0.0,0.0,Le Caire
0.2984209364733751,-1.0281360913461064,-0.5705340968776442,1.0,0.0,0.0,0.0,0.0,0.0,1.0,0.0,Tokyo
-1.5527435416281128,0.42601286356871654,-1.6993607922475875,0.0,1.0,0.0,0.0,0.0,0.0,1.0,0.0,Londres
-1.5527435416281128,-0.2987534409443857,-1.3230852271242732,1.0,0.0,0.0,0.0,0.0,0.0,0.0,1.0,Rome
1.224003175524119,-0.941964301425228,0.056591844994546496,0.0,0.0,1.0,0.0,0.0,1.0,0.0,0.0,Le Caire
-1.4866305245530596,0.3929290513669507,-1.3230852271242732,0.0,0.0,1.0,0.0,0.0,0.0,0.0,1.0,Londres
-0.3627092342771563,-0.28721257622283947,0.43286741011786095,0.0,0.0,1.0,0.0,0.0,1.0,0.0,0.0,New York
0.43064697062348134,-1.229716528482447,-0.4451089085032061,0.0,0.0,1.0,0.0,0.0,0.0,1.0,0.0,Tokyo
0.6289860218486407,0.5283418640997596,-0.1942585317543298,0.0,0.0,0.0,0.0,1.0,0.0,0.0,1.0,Rio de Janeiro
0.3645339535484282,0.9099597908922211,0.43286741011786095,0.0,1.0,0.0,0.0,0.0,0.0,1.0,0.0,Sydney
-0.4949352684272626,-1.3382006568649814,0.18201703336898464,0.0,0.0,0.0,0.0,1.0,0.0,1.0,0.0,Le Caire
1.5545682608993847,-0.771159503546344,1.310843728738928,1.0,0.0,0.0,0.0,0.0,0.0,1.0,0.0,New York
0.033968868173162525,-0.3533802006263711,0.43286741011786095,0.0,0.0,1.0,0.0,0.0,1.0,0.0,0.0,New York
0.49675998769853447,-0.9396561284809187,-0.4451089085032061,0.0,0.0,1.0,0.0,0.0,0.0,0.0,1.0,Tokyo
1.0917771413740127,-1.1927857613734991,-0.4451089085032061,0.0,0.0,1.0,0.0,0.0,0.0,0.0,1.0,Tokyo
1.4223422267492785,0.08825022271813067,1.4362689171133662,0.0,0.0,1.0,0.0,0.0,1.0,0.0,0.0,Barcelone
1.686794295049491,1.2838838078703183,-0.06883334337989165,1.0,0.0,0.0,0.0,0.0,1.0,0.0,0.0,Londres
0.7612120559987471,-1.694428681270041,-1.5739356038731493,0.0,1.0,0.0,0.0,0.0,0.0,1.0,0.0,Rio de Janeiro
-0.9577263879526345,-0.2587451099096922,1.6871192938622424,0.0,0.0,0.0,0.0,1.0,0.0,0.0,1.0,Barcelone
0.2984209364733751,1.2369509580026972,0.9345681636156136,0.0,0.0,0.0,1.0,0.0,1.0,0.0,0.0,Paris
1.4223422267492785,1.0061336635717728,1.0599933519900517,0.0,0.0,0.0,1.0,0.0,0.0,0.0,1.0,New York
-1.5527435416281128,-0.852714947578604,-1.3230852271242732,1.0,0.0,0.0,0.0,0.0,1.0,0.0,0.0,Barcelone
0.2984209364733751,0.07978692192233011,0.5582925984922991,0.0,0.0,0.0,0.0,1.0,1.0,0.0,0.0,Paris
-1.0238394050276878,0.18596287736055528,-1.4485104154987114,0.0,0.0,0.0,1.0,0.0,1.0,0.0,0.0,New York
1.2901161925991722,0.0744011850522752,-0.4451089085032061,1.0,0.0,0.0,0.0,0.0,0.0,1.0,0.0,Rome
1.5545682608993847,-0.5965077507602781,0.6837177868667372,0.0,0.0,0.0,1.0,0.0,1.0,0.0,0.0,Rome
-0.7593873367274752,1.2192549654296596,-0.31968372012876795,0.0,0.0,0.0,0.0,1.0,1.0,0.0,0.0,Sydney
0.6289860218486407,0.45140276595611817,-0.9468096620009587,0.0,0.0,0.0,1.0,0.0,0.0,0.0,1.0,Le Caire
-1.0238394050276878,-0.434935644658631,0.9345681636156136,0.0,0.0,0.0,1.0,0.0,0.0,1.0,0.0,Sydney
0.23230791939832193,0.8330206927485796,-0.1942585317543298,0.0,0.0,1.0,0.0,0.0,0.0,0.0,1.0,Tokyo
0.695099038923694,0.004386605741561512,1.6871192938622424,0.0,1.0,0.0,0.0,0.0,1.0,0.0,0.0,Sydney
-1.0238394050276878,0.7506958577348833,0.3074422217434228,0.0,0.0,1.0,0.0,0.0,1.0,0.0,0.0,Rome
-0.7593873367274752,-0.10101995871522725,-0.1942585317543298,0.0,0.0,1.0,0.0,0.0,1.0,0.0,0.0,Tokyo
0.43064697062348134,1.5085459744497514,0.056591844994546496,0.0,0.0,0.0,0.0,1.0,0.0,1.0,0.0,Sydney
-1.618856558703166,-0.5395728181339834,0.43286741011786095,1.0,0.0,0.0,0.0,0.0,0.0,1.0,0.0,Londres
1.686794295049491,-0.5703484573914399,1.0599933519900517,0.0,0.0,0.0,1.0,0.0,1.0,0.0,0.0,Rome
0.7612120559987471,1.26849598824159,0.9345681636156136,0.0,1.0,0.0,0.0,0.0,0.0,1.0,0.0,Rome
-0.6271613025773689,0.4098556529585518,-0.8213844736265206,0.0,0.0,0.0,1.0,0.0,1.0,0.0,0.0,Tokyo
0.8934380901488533,0.9199618736508944,-1.5739356038731493,0.0,0.0,0.0,1.0,0.0,0.0,0.0,1.0,Londres
0.8273250730738002,1.292347108666119,1.310843728738928,0.0,0.0,0.0,0.0,1.0,0.0,0.0,1.0,Londres
0.8273250730738002,0.9461211670197326,0.6837177868667372,1.0,0.0,0.0,0.0,0.0,0.0,0.0,1.0,New York
1.0917771413740127,-1.56594038737016,-0.6959592852520824,0.0,0.0,1.0,0.0,0.0,0.0,0.0,1.0,Paris
0.2984209364733751,1.2138692285596047,1.18541854036449,1.0,0.0,0.0,0.0,0.0,1.0,0.0,0.0,Bali
-1.222178456252847,-1.0804546780837825,0.6837177868667372,0.0,1.0,0.0,0.0,0.0,1.0,0.0,0.0,Sydney
1.224003175524119,1.210791664633859,1.18541854036449,0.0,1.0,0.0,0.0,0.0,1.0,0.0,0.0,Paris
0.5628730047735876,-1.6528815682724747,-1.4485104154987114,1.0,0.0,0.0,0.0,0.0,0.0,1.0,0.0,Tokyo
-1.222178456252847,0.35676767523943925,-0.5705340968776442,1.0,0.0,0.0,0.0,0.0,0.0,0.0,1.0,Tokyo
-0.3627092342771563,-0.8419434738384941,0.5582925984922991,0.0,0.0,0.0,1.0,0.0,1.0,0.0,0.0,Rio de Janeiro
0.10008188524821567,0.8099389633054872,0.9345681636156136,0.0,0.0,0.0,0.0,1.0,0.0,1.0,0.0,Rio de Janeiro
0.5628730047735876,0.3960066152926964,0.3074422217434228,0.0,1.0,0.0,0.0,0.0,1.0,0.0,0.0,Sydney
0.7612120559987471,1.3446656954037952,0.5582925984922991,0.0,0.0,0.0,1.0,0.0,0.0,0.0,1.0,Paris
0.3645339535484282,1.389290372327107,-1.3230852271242732,0.0,0.0,1.0,0.0,0.0,1.0,0.0,0.0,Rio de Janeiro
0.49675998769853447,0.8191716550827242,-1.072234850375397,0.0,0.0,0.0,1.0,0.0,0.0,1.0,0.0,Sydney
-1.684969575778219,0.9876682800172989,-0.06883334337989165,0.0,0.0,1.0,0.0,0.0,1.0,0.0,0.0,Londres
0.6289860218486407,-0.9504276022210285,1.6871192938622424,0.0,0.0,0.0,1.0,0.0,1.0,0.0,0.0,Le Caire
-1.5527435416281128,0.7699306322707937,1.18541854036449,0.0,0.0,0.0,1.0,0.0,0.0,0.0,1.0,Rio de Janeiro
-1.684969575778219,-0.9665848128311932,-1.6993607922475875,1.0,0.0,0.0,0.0,0.0,1.0,0.0,0.0,Londres
