Age,Budget,Interet,Duree,Climat,Destination
57,4745,Aventure,22,Froid,Tokyo
23,1688,Ville,9,Froid,Rio de Janeiro
35,4734,Aventure,21,Tempéré,Sydney
39,3797,Ville,23,Chaud,Le Caire
64,1222,Aventure,22,Chaud,Rio de Janeiro
46,3237,Ville,11,Chaud,Barcelone
20,4930,Ville,25,Froid,Rio de Janeiro
50,3761,Nature,8,Tempéré,Londres
57,1766,Ville,25,Tempéré,Rio de Janeiro
64,2290,Culture,11,Froid,Barcelone
56,1402,Culture,4,Chaud,Paris
41,2774,Plage,26,Tempéré,Paris
27,3211,Culture,15,Tempéré,Rio de Janeiro
69,3040,Nature,16,Chaud,Londres
59,1440,Plage,2,Tempéré,Rio de Janeiro
30,1569,Plage,20,Tempéré,Rio de Janeiro
54,3123,Ville,5,Tempéré,Le Caire
66,1848,Ville,21,Tempéré,Paris
66,3241,Culture,27,Chaud,Londres
41,4419,Culture,13,Tempéré,Tokyo
50,2913,Culture,25,Tempéré,Londres
69,3880,Culture,16,Chaud,Sydney
61,1595,Aventure,8,Froid,Barcelone
41,1258,Plage,16,Chaud,Barcelone
55,899,Nature,6,Chaud,Londres
48,667,Plage,28,Chaud,New York
30,1015,Plage,19,Tempéré,New York
22,3810,Nature,22,Tempéré,Tokyo
26,3348,Plage,23,Froid,Tokyo
31,1402,Aventure,8,Tempéré,Rome
40,2152,Aventure,27,Froid,Tokyo
46,762,Plage,9,Chaud,Rio de Janeiro
39,2127,Aventure,16,Tempéré,Paris
23,1338,Ville,18,Chaud,Bali
69,2058,Nature,29,Chaud,Londres
41,1450,Plage,19,Froid,Tokyo
36,1043,Culture,14,Froid,Tokyo
27,1815,Nature,10,Froid,Rome
50,1606,Nature,18,Froid,Le Caire
24,4491,Aventure,13,Froid,Sydney
63,3396,Aventure,8,Froid,Sydney
29,4718,Nature,10,Tempéré,Rome
52,4787,Culture,15,Froid,New York
57,4326,Culture,13,Tempéré,New York
39,4734,Culture,13,Tempéré,Barcelone
64,3191,Aventure,7,Tempéré,Bali
69,1565,Plage,14,Froid,Rio de Janeiro
44,4175,Plage,6,Tempéré,Sydney
55,3704,Plage,11,Chaud,Paris
31,2804,Aventure,12,Froid,Le Caire
61,1814,Culture,7,Chaud,New York
28,4336,Aventure,2,Froid,Bali
65,2450,Culture,9,Chaud,Tokyo
18,4250,Nature,15,Chaud,New York
36,701,Ville,5,Chaud,Rome
58,1524,Aventure,29,Froid,Rome
59,4632,Nature,6,Froid,Sydney
37,3731,Plage,18,Tempéré,Paris
53,503,Aventure,28,Tempéré,Paris
34,3821,Aventure,11,Froid,Paris
32,4758,Nature,24,Chaud,Bali
57,602,Ville,11,Froid,Le Caire
60,3610,Nature,25,Chaud,Bali
50,2161,Aventure,4,Froid,New York
61,1282,Culture,22,Froid,New York
54,3119,Ville,19,Chaud,Tokyo
35,3772,Culture,8,Tempéré,Barcelone
54,1802,Plage,8,Chaud,Bali
39,4602,Aventure,3,Tempéré,Rome
47,2596,Nature,12,Tempéré,Londres
56,786,Plage,4,Chaud,Bali
32,3429,Plage,17,Froid,Le Caire
48,973,Ville,24,Tempéré,Barcelone
53,3701,Plage,17,Tempéré,Rio de Janeiro
25,2271,Culture,8,Chaud,New York
30,1963,Culture,3,Froid,Tokyo
40,1820,Ville,14,Chaud,Le Caire
21,4686,Aventure,2,Tempéré,Rio de Janeiro
49,3555,Nature,16,Chaud,Paris
53,2845,Culture,3,Chaud,Sydney
49,1387,Aventure,12,Tempéré,Rome
39,1461,Aventure,19,Froid,New York
35,4804,Plage,12,Chaud,Rio de Janeiro
26,3871,Ville,10,Tempéré,Rio de Janeiro
44,2877,Aventure,17,Froid,Le Caire
63,4677,Plage,10,Tempéré,Rio de Janeiro
66,3631,Culture,8,Tempéré,Paris
34,1621,Aventure,17,Froid,Sydney
56,900,Ville,3,Chaud,Paris
19,2589,Nature,27,Tempéré,Rio de Janeiro
38,4823,Ville,7,Chaud,Paris
59,2523,Nature,17,Froid,Barcelone
49,3153,Ville,5,Froid,Rome
69,2200,Nature,4,Chaud,Rome
52,3209,Plage,5,Tempéré,Londres
69,1978,Plage,21,Chaud,Rome
28,1972,Ville,26,Chaud,Le Caire
51,3532,Nature,22,Chaud,Rio de Janeiro
42,786,Aventure,10,Chaud,Le Caire
66,1182,Aventure,16,Froid,Rome
28,1347,Plage,22,Froid,Bali
23,4700,Aventure,29,Froid,Rio de Janeiro
27,1254,Culture,14,Chaud,New York
46,4012,Ville,11,Tempéré,Sydney
49,4866,Culture,4,Tempéré,Le Caire
27,2542,Plage,3,Chaud,Rome
60,798,Ville,29,Froid,New York
63,4271,Culture,13,Froid,Bali
23,2773,Aventure,24,Tempéré,Londres
34,3077,Aventure,6,Froid,New York
21,1042,Culture,16,Chaud,New York
49,1710,Nature,16,Chaud,New York
30,3236,Ville,26,Tempéré,Rome
39,2464,Aventure,11,Froid,Londres
66,1110,Culture,15,Froid,Paris
45,2221,Culture,17,Froid,Le Caire
62,2214,Culture,24,Froid,Bali
19,2218,Plage,9,Chaud,Bali
25,1091,Ville,9,Tempéré,Rio de Janeiro
49,1855,Aventure,25,Chaud,Barcelone
58,978,Nature,12,Froid,New York
52,1559,Culture,29,Tempéré,Paris
68,1893,Aventure,28,Froid,Rio de Janeiro
53,1912,Aventure,3,Chaud,Rome
31,2284,Ville,9,Chaud,New York
33,2958,Nature,10,Chaud,Londres
35,3377,Aventure,11,Chaud,Rio de Janeiro
68,4601,Plage,11,Chaud,Rio de Janeiro
59,4610,Ville,25,Froid,Rome
46,1235,Nature,12,Chaud,Sydney
54,3869,Plage,28,Froid,Rio de Janeiro
66,1638,Plage,20,Tempéré,Paris
22,2120,Aventure,12,Chaud,Bali
67,935,Plage,15,Chaud,Le Caire
39,1148,Nature,27,Tempéré,Sydney
41,2025,Ville,22,Chaud,Tokyo
46,805,Ville,12,Chaud,Tokyo
58,1743,Nature,12,Froid,Tokyo
65,736,Aventure,2,Chaud,Le Caire
62,2776,Nature,19,Chaud,Le Caire
35,3288,Nature,3,Tempéré,Le Caire
58,3731,Ville,14,Tempéré,New York
68,659,Aventure,22,Chaud,Sydney
49,4539,Culture,20,Chaud,Rome
53,1110,Nature,2,Tempéré,Londres
37,1913,Plage,3,Chaud,New York
28,3804,Aventure,11,Tempéré,Sydney
57,548,Culture,13,Tempéré,Bali
21,4597,Plage,22,Froid,Rio de Janeiro
36,1511,Nature,18,Tempéré,Sydney
34,2646,Nature,9,Tempéré,Bali
60,1594,Nature,24,Froid,Tokyo
48,936,Ville,8,Froid,New York
54,815,Culture,4,Chaud,New York
64,3824,Aventure,24,Tempéré,Rio de Janeiro
64,3721,Plage,3,Tempéré,Rome
58,3640,Nature,14,Froid,New York
24,1620,Nature,29,Chaud,Rome
44,3361,Ville,8,Chaud,Sydney
30,2371,Plage,12,Tempéré,Paris
36,720,Culture,16,Tempéré,Sydney
54,1426,Ville,10,Froid,Sydney
21,4998,Culture,27,Froid,Sydney
54,4510,Plage,10,Froid,Londres
35,3067,Nature,2,Froid,Rio de Janeiro
38,3876,Plage,16,Froid,Londres
49,4842,Aventure,15,Froid,New York
64,2042,Culture,21,Chaud,Le Caire
64,4862,Aventure,22,Tempéré,Rio de Janeiro
68,4443,Nature,29,Chaud,Paris
48,3747,Culture,19,Chaud,Sydney
22,2044,Aventure,18,Chaud,Rio de Janeiro
59,3545,Plage,29,Chaud,Tokyo
52,1115,Ville,28,Chaud,Tokyo
64,1992,Plage,12,Chaud,Paris
52,3625,Culture,13,Tempéré,Londres
37,2996,Aventure,14,Tempéré,Sydney
30,777,Aventure,4,Chaud,Le Caire
66,4504,Aventure,26,Chaud,Tokyo
24,1563,Aventure,25,Tempéré,Paris
52,3748,Culture,17,Froid,Rio de Janeiro
65,1148,Ville,24,Tempéré,Barcelone
25,3526,Ville,22,Tempéré,Paris
59,1178,Ville,6,Chaud,Barcelone
51,4357,Plage,5,Froid,Barcelone
45,4257,Plage,13,Chaud,Barcelone
41,3930,Ville,16,Tempéré,Tokyo
51,2434,Nature,14,Froid,Barcelone
60,4487,Culture,27,Froid,Londres
39,3745,Nature,24,Tempéré,Le Caire
51,4464,Aventure,20,Chaud,Rio de Janeiro
54,1859,Plage,6,Chaud,Paris
65,3607,Aventure,16,Chaud,Le Caire
22,2300,Ville,8,Tempéré,Tokyo
63,2824,Aventure,21,Froid,New York
26,3544,Ville,11,Chaud,Barcelone
69,1481,Ville,24,Tempéré,Rome
51,2120,Ville,4,Tempéré,Le Caire
34,555,Plage,14,Chaud,Paris
49,2218,Aventure,22,Froid,Londres
21,1969,Ville,25,Froid,Rome
63,2732,Plage,20,Chaud,Sydney
50,657,Nature,15,Chaud,Rome
65,3881,Aventure,15,Chaud,Rio de Janeiro
37,3935,Aventure,23,Chaud,Sydney
44,589,Culture,6,Froid,Sydney
41,4821,Nature,16,Tempéré,Paris
21,1203,Aventure,3,Froid,New York
69,772,Culture,11,Tempéré,New York
32,2891,Aventure,6,Chaud,Bali
56,2469,Nature,3,Chaud,New York
60,1379,Aventure,6,Tempéré,Bali
58,2108,Ville,10,Tempéré,Le Caire
28,1455,Plage,6,Tempéré,Rio de Janeiro
22,4112,Nature,5,Chaud,Sydney
65,4251,Nature,7,Chaud,Rio de Janeiro
23,3294,Nature,25,Froid,Barcelone
69,3162,Nature,15,Froid,Paris
19,4492,Ville,11,Chaud,Rio de Janeiro
64,2948,Ville,18,Froid,Le Caire
48,4406,Plage,7,Chaud,Barcelone
25,4700,Plage,3,Chaud,Sydney
32,1041,Culture,2,Tempéré,Londres
38,4311,Aventure,11,Chaud,New York
24,4053,Plage,5,Chaud,Paris
19,2164,Aventure,25,Froid,Barcelone
44,1027,Ville,26,Tempéré,Paris
28,728,Ville,2,Tempéré,Bali
23,3196,Plage,28,Tempéré,New York
54,3945,Plage,14,Chaud,Bali
53,2205,Nature,9,Chaud,Sydney
43,4689,Plage,6,Tempéré,Tokyo
33,1634,Nature,15,Tempéré,Paris
39,974,Nature,8,Tempéré,Tokyo
45,2937,Plage,13,Chaud,Rome
22,4335,Ville,5,Froid,Paris
46,755,Ville,28,Chaud,Tokyo
65,3832,Culture,10,Froid,Rome
65,2871,Plage,15,Chaud,Rio de Janeiro
59,4398,Plage,7,Chaud,Sydney
60,2137,Plage,22,Froid,Londres
41,3713,Culture,8,Chaud,New York
26,1429,Plage,11,Chaud,New York
29,4531,Plage,29,Froid,New York
33,4436,Culture,22,Tempéré,Paris
28,2392,Aventure,2,Tempéré,Rio de Janeiro
63,4366,Plage,14,Froid,Rio de Janeiro
58,3943,Aventure,29,Chaud,Bali
56,4717,Ville,20,Tempéré,Rome
37,3560,Culture,11,Tempéré,Londres
51,4415,Plage,25,Tempéré,Paris
61,3748,Nature,22,Tempéré,Rio de Janeiro
49,1045,Culture,8,Chaud,Tokyo
67,3718,Aventure,24,Tempéré,Rio de Janeiro
38,1671,Ville,3,Tempéré,Sydney
64,2070,Culture,6,Chaud,Barcelone
63,3621,Aventure,23,Tempéré,Le Caire
20,4470,Plage,13,Tempéré,Londres
36,1363,Nature,2,Froid,Barcelone
64,3892,Nature,19,Chaud,Tokyo
29,4267,Aventure,17,Froid,Londres
67,1143,Culture,26,Chaud,Paris
67,4706,Aventure,4,Chaud,Rio de Janeiro
51,3874,Aventure,3,Froid,Londres
42,4537,Plage,5,Froid,Sydney
20,3378,Culture,27,Tempéré,Rome
35,3944,Ville,27,Chaud,Le Caire
45,2394,Nature,14,Tempéré,Rio de Janeiro
44,2843,Culture,3,Chaud,Barcelone
33,2316,Plage,26,Tempéré,Londres
37,1594,Nature,23,Froid,Paris
42,1941,Aventure,5,Tempéré,Sydney
44,4053,Aventure,23,Tempéré,Le Caire
69,2021,Nature,10,Chaud,Rome
56,2759,Nature,29,Chaud,Rio de Janeiro
29,4507,Plage,9,Chaud,Tokyo
20,3832,Nature,13,Tempéré,Bali
34,3764,Ville,27,Tempéré,Le Caire
36,4691,Culture,29,Tempéré,New York
44,627,Ville,4,Tempéré,Le Caire
48,4144,Ville,12,Tempéré,Sydney
36,3890,Aventure,25,Tempéré,Londres
25,857,Plage,14,Tempéré,Le Caire
20,3078,Nature,10,Chaud,Rome
60,3453,Culture,8,Froid,Barcelone
34,4924,Aventure,2,Tempéré,Le Caire
64,775,Culture,9,Froid,Tokyo
20,4232,Aventure,24,Chaud,Rome
46,3615,Aventure,20,Froid,Barcelone
40,3805,Aventure,23,Chaud,Rome
45,2798,Aventure,22,Chaud,Rome
46,4127,Nature,26,Chaud,Rio de Janeiro
29,2988,Ville,23,Tempéré,Le Caire
67,1886,Aventure,9,Tempéré,Sydney
32,1714,Aventure,28,Chaud,Le Caire
18,2300,Aventure,12,Froid,Tokyo
62,4768,Culture,13,Tempéré,Bali
32,3297,Aventure,18,Froid,Londres
60,2077,Culture,13,Tempéré,New York
19,3193,Ville,18,Chaud,Rome
50,4905,Culture,29,Chaud,Tokyo
43,2816,Ville,16,Chaud,Rio de Janeiro
32,3996,Culture,3,Froid,Tokyo
37,2210,Aventure,8,Froid,Rio de Janeiro
68,4764,Ville,26,Froid,Londres
45,1646,Ville,17,Chaud,Londres
44,1638,Aventure,6,Froid,Paris
46,3317,Plage,29,Chaud,Paris
18,4511,Aventure,24,Tempéré,Rome
52,3214,Nature,4,Froid,Le Caire
47,2321,Aventure,3,Tempéré,Bali
63,1567,Plage,15,Tempéré,Londres
59,1251,Ville,19,Chaud,Rio de Janeiro
68,715,Aventure,13,Tempéré,Tokyo
47,3217,Ville,10,Tempéré,Paris
64,825,Aventure,16,Chaud,Rio de Janeiro
64,2276,Aventure,10,Tempéré,New York
68,2812,Aventure,21,Tempéré,Londres
69,2354,Aventure,20,Froid,Paris
66,1223,Ville,29,Froid,Rio de Janeiro
21,3378,Plage,14,Chaud,Rome
18,653,Culture,23,Tempéré,Rio de Janeiro
44,2316,Nature,10,Tempéré,Bali
21,2130,Culture,15,Tempéré,Londres
38,3463,Nature,6,Tempéré,Barcelone
23,653,Plage,18,Tempéré,Barcelone
63,4431,Plage,26,Froid,Tokyo
67,550,Aventure,17,Tempéré,Barcelone
21,2400,Plage,24,Tempéré,Paris
63,2038,Culture,25,Chaud,Bali
51,1522,Ville,6,Froid,Barcelone
44,1619,Nature,17,Froid,Le Caire
67,3939,Aventure,23,Tempéré,Rome
28,3397,Culture,12,Chaud,Sydney
31,3914,Aventure,9,Tempéré,Bali
50,731,Nature,6,Tempéré,Rome
18,4451,Aventure,11,Froid,Bali
44,1262,Ville,25,Chaud,Bali
51,3470,Aventure,12,Froid,New York
55,907,Ville,13,Chaud,Barcelone
45,792,Plage,11,Tempéré,Barcelone
36,4757,Aventure,3,Chaud,Londres
64,3408,Ville,2,Froid,Londres
51,1073,Ville,7,Froid,Bali
34,4016,Ville,17,Chaud,Rio de Janeiro
26,4902,Aventure,14,Tempéré,Tokyo
23,4252,Ville,28,Tempéré,Rome
24,3069,Nature,28,Tempéré,Londres
29,4289,Aventure,23,Tempéré,Rio de Janeiro
57,3959,Aventure,16,Froid,New York
51,2257,Ville,18,Tempéré,Sydney
68,1238,Plage,20,Tempéré,Barcelone
32,4876,Plage,19,Chaud,Tokyo
26,515,Aventure,9,Tempéré,Tokyo
42,3339,Nature,29,Tempéré,Barcelone
49,1024,Culture,11,Tempéré,Londres
36,1352,Culture,19,Froid,Barcelone
26,2136,Nature,16,Tempéré,Rio de Janeiro
68,4426,Culture,29,Chaud,Barcelone
60,2126,Nature,9,Tempéré,New York
42,3195,Nature,20,Chaud,Rio de Janeiro
63,2429,Ville,25,Tempéré,Rio de Janeiro
29,3984,Aventure,21,Chaud,Sydney
22,1419,Ville,21,Chaud,Londres
64,693,Ville,27,Chaud,Rome
21,1981,Culture,10,Froid,New York
36,3562,Nature,12,Chaud,Barcelone
34,1186,Nature,16,Tempéré,Bali
39,4188,Nature,15,Froid,Rome
61,2995,Ville,2,Chaud,Barcelone
60,2365,Culture,18,Tempéré,Paris
28,3108,Nature,26,Tempéré,Sydney
68,1106,Aventure,21,Froid,Bali
30,2747,Ville,28,Chaud,Bali
36,4666,Nature,13,Froid,Rome
55,3594,Plage,25,Chaud,Bali
65,3639,Culture,19,Froid,Bali
42,4757,Aventure,22,Tempéré,Barcelone
65,1995,Plage,25,Froid,Paris
53,995,Ville,12,Chaud,Tokyo
58,1569,Nature,19,Froid,Barcelone
50,2615,Ville,28,Chaud,Londres
31,1214,Nature,23,Chaud,Bali
39,2723,Plage,4,Froid,Sydney
50,4863,Aventure,20,Chaud,New York
47,3127,Aventure,16,Tempéré,Tokyo
27,1474,Culture,17,Chaud,Tokyo
18,4086,Ville,28,Froid,Rio de Janeiro
45,1278,Ville,18,Tempéré,Londres
33,1935,Ville,16,Tempéré,Bali
60,3289,Aventure,26,Tempéré,New York
50,3644,Ville,8,Froid,Rio de Janeiro
33,2486,Plage,13,Tempéré,Bali
56,1885,Nature,28,Tempéré,Le Caire
39,545,Culture,9,Froid,Rome
55,2080,Culture,4,Chaud,Rome
52,3028,Ville,25,Chaud,Rio de Janeiro
37,3512,Nature,11,Froid,Paris
19,3786,Nature,11,Tempéré,Sydney
49,2962,Ville,24,Chaud,Tokyo
50,4146,Culture,13,Chaud,Sydney
27,3011,Plage,10,Chaud,Londres
67,4292,Plage,7,Froid,Sydney
68,4945,Ville,20,Chaud,New York
69,4512,Culture,13,Chaud,Rio de Janeiro
41,3502,Ville,3,Froid,Rome
58,3571,Plage,21,Tempéré,Paris
32,1691,Ville,14,Chaud,Tokyo
57,3156,Ville,25,Froid,Barcelone
44,2717,Culture,23,Froid,Rio de Janeiro
64,1489,Plage,23,Chaud,Bali
22,1689,Plage,11,Chaud,Bali
44,2442,Plage,28,Chaud,Rome
25,1882,Ville,10,Tempéré,Sydney
57,2549,Culture,11,Froid,Londres
67,1523,Ville,4,Chaud,Rome
26,3659,Ville,14,Froid,Sydney
26,2802,Ville,21,Tempéré,New York
52,1104,Culture,9,Chaud,New York
61,1690,Plage,12,Chaud,Sydney
62,4392,Aventure,4,Froid,New York
24,4978,Culture,8,Chaud,Bali
54,3080,Nature,29,Chaud,Paris
56,4198,Ville,5,Tempéré,Londres
45,3829,Aventure,21,Chaud,Barcelone
34,892,Plage,20,Chaud,Rio de Janeiro
34,3373,Ville,22,Tempéré,New York
19,4885,Nature,15,Tempéré,Rio de Janeiro
41,4471,Ville,7,Froid,Bali
51,2415,Aventure,13,Chaud,New York
37,2159,Aventure,17,Froid,Sydney
35,1452,Culture,7,Tempéré,Sydney
65,2911,Ville,28,Tempéré,Londres
56,3493,Nature,9,Tempéré,Paris
58,4021,Ville,7,Chaud,Barcelone
29,4425,Aventure,15,Froid,Rome
20,4040,Aventure,16,Chaud,Bali
23,726,Aventure,12,Froid,Londres
43,3337,Culture,17,Froid,New York
62,4865,Ville,3,Chaud,Barcelone
40,2535,Aventure,20,Tempéré,New York
55,4089,Plage,20,Chaud,Londres
66,2076,Aventure,6,Chaud,Sydney
37,897,Culture,26,Tempéré,Paris
32,3515,Culture,22,Chaud,Le Caire
67,2132,Aventure,16,Tempéré,Sydney
67,4742,Aventure,23,Chaud,Rio de Janeiro
35,3322,Plage,18,Tempéré,New York
52,3637,Culture,24,Froid,New York
18,704,Ville,20,Tempéré,Londres
63,2429,Plage,15,Chaud,Rome
40,2303,Culture,19,Chaud,Tokyo
47,1653,Ville,7,Tempéré,New York
25,3474,Culture,29,Tempéré,Tokyo
32,4780,Culture,26,Tempéré,Rome
59,4161,Ville,28,Froid,Sydney
37,3783,Aventure,25,Chaud,Tokyo
53,2300,Nature,3,Froid,New York
50,4427,Culture,5,Chaud,Rio de Janeiro
60,1978,Nature,9,Tempéré,Barcelone
36,953,Aventure,14,Froid,Barcelone
50,4383,Nature,15,Froid,New York
51,1701,Culture,15,Chaud,Bali
25,4616,Culture,3,Froid,Paris
55,3954,Plage,3,Chaud,Londres
52,4410,Culture,18,Tempéré,Le Caire
47,2605,Aventure,13,Tempéré,Bali
23,3846,Aventure,21,Tempéré,Rio de Janeiro
23,1451,Aventure,18,Tempéré,Rome
38,3809,Nature,25,Froid,Le Caire
35,2953,Nature,8,Tempéré,Rome
64,2744,Plage,6,Froid,New York
21,2426,Ville,8,Chaud,Paris
36,1421,Nature,5,Chaud,Paris
65,2127,Nature,5,Chaud,Barcelone
55,4608,Culture,25,Chaud,Rome
50,2052,Plage,18,Chaud,Paris
29,4659,Nature,24,Chaud,Sydney
32,2719,Culture,21,Froid,New York
59,3253,Aventure,26,Tempéré,Barcelone
69,740,Nature,15,Tempéré,Barcelone
42,4206,Aventure,18,Tempéré,Rio de Janeiro
40,2315,Culture,15,Chaud,Paris
55,4706,Aventure,26,Froid,Bali
50,3429,Culture,18,Tempéré,Barcelone
38,2415,Plage,21,Froid,Rio de Janeiro
43,2093,Ville,12,Chaud,Tokyo
65,1248,Ville,26,Froid,Barcelone
65,979,Plage,14,Froid,Le Caire
46,4662,Aventure,24,Froid,Le Caire
25,2860,Nature,12,Froid,Rio de Janeiro
45,858,Culture,2,Froid,Rio de Janeiro
45,3728,Nature,20,Froid,Tokyo
69,1171,Ville,5,Chaud,Le Caire
50,2813,Plage,11,Chaud,Le Caire
52,604,Aventure,12,Tempéré,Barcelone
27,954,Culture,2,Chaud,Bali
37,2934,Aventure,20,Chaud,Rio de Janeiro
37,1252,Plage,28,Tempéré,Londres
53,4977,Ville,12,Tempéré,Barcelone
19,4544,Culture,10,Froid,Sydney
59,2910,Plage,2,Chaud,Paris
55,4190,Culture,8,Tempéré,Bali
49,2594,Ville,21,Tempéré,Barcelone
18,1362,Culture,14,Tempéré,Tokyo
54,2016,Nature,15,Froid,Barcelone
26,3058,Plage,10,Froid,Sydney
43,2220,Nature,10,Froid,Paris
64,1800,Aventure,15,Chaud,Bali
48,3554,Culture,7,Chaud,Rio de Janeiro
61,3697,Ville,2,Froid,Rio de Janeiro
34,1629,Culture,21,Froid,Londres
25,4791,Ville,21,Froid,Le Caire
45,1819,Culture,27,Froid,Barcelone
41,1335,Plage,26,Chaud,Paris
43,983,Culture,5,Froid,Tokyo
25,3682,Aventure,28,Tempéré,Tokyo
38,4197,Culture,22,Froid,Londres
18,4258,Aventure,21,Tempéré,Barcelone
69,1008,Ville,13,Tempéré,Le Caire
32,4287,Ville,18,Froid,Paris
57,1035,Nature,19,Tempéré,New York
30,4632,Plage,18,Froid,Sydney
48,581,Nature,15,Tempéré,Paris
20,3045,Culture,27,Chaud,Bali
39,1577,Plage,14,Froid,Le Caire
31,788,Culture,25,Froid,Barcelone
23,3571,Plage,18,Chaud,Le Caire
68,2118,Ville,15,Tempéré,Londres
50,4619,Culture,19,Chaud,Rio de Janeiro
68,1992,Culture,15,Froid,Rome
63,900,Ville,3,Chaud,Rio de Janeiro
45,3926,Nature,2,Froid,Rio de Janeiro
37,3027,Nature,2,Froid,Sydney
46,1399,Ville,21,Tempéré,Barcelone
40,2526,Ville,11,Chaud,Paris
56,1560,Ville,4,Froid,Rio de Janeiro
35,625,Aventure,10,Chaud,Londres
57,1341,Nature,19,Chaud,Tokyo
21,2391,Nature,3,Froid,New York
46,3685,Ville,29,Tempéré,Londres
39,4703,Ville,23,Froid,Rome
51,1329,Plage,28,Chaud,Bali
32,2485,Nature,6,Chaud,Rio de Janeiro
51,2076,Culture,21,Chaud,Londres
60,1994,Aventure,23,Tempéré,Le Caire
21,738,Ville,10,Tempéré,Sydney
19,2803,Ville,13,Tempéré,Le Caire
58,3451,Plage,14,Froid,Rio de Janeiro
29,2828,Nature,10,Tempéré,Londres
58,3897,Plage,6,Chaud,Sydney
50,2947,Aventure,16,Chaud,Rome
45,764,Nature,6,Tempéré,Paris
41,4001,Culture,24,Tempéré,Barcelone
57,4637,Plage,4,Froid,Tokyo
44,1900,Ville,21,Froid,Paris
41,2078,Culture,26,Tempéré,Paris
60,1181,Plage,14,Chaud,Le Caire
62,1883,Nature,16,Chaud,Barcelone
69,1386,Culture,25,Chaud,New York
49,1621,Culture,14,Froid,New York
63,2115,Culture,27,Froid,Londres
18,1319,Nature,19,Tempéré,Rome
29,2463,Nature,9,Tempéré,New York
53,3517,Nature,11,Tempéré,Le Caire
41,3387,Ville,22,Tempéré,New York
18,1384,Plage,3,Chaud,Rome
49,2300,Plage,22,Tempéré,Sydney
26,3463,Aventure,12,Chaud,Bali
34,1089,Nature,28,Chaud,Rome
56,1178,Culture,3,Froid,Le Caire
44,911,Nature,29,Chaud,Le Caire
69,3276,Nature,20,Chaud,Rome
44,3029,Aventure,20,Chaud,Rio de Janeiro
53,867,Ville,8,Chaud,Rio de Janeiro
41,2477,Ville,4,Chaud,Bali
52,1294,Aventure,7,Chaud,Le Caire
28,1914,Nature,21,Chaud,Rio de Janeiro
35,1193,Plage,9,Tempéré,Le Caire
43,4688,Plage,27,Tempéré,Le Caire
60,2361,Ville,20,Froid,Londres
33,1594,Ville,2,Tempéré,Rome
31,4383,Ville,23,Froid,Sydney
37,649,Ville,11,Froid,Bali
23,1608,Culture,24,Tempéré,Barcelone
48,4630,Culture,7,Froid,Londres
28,4076,Nature,21,Tempéré,Tokyo
58,2382,Nature,21,Chaud,Rio de Janeiro
55,616,Culture,16,Tempéré,Rome
69,2894,Ville,19,Chaud,Tokyo
64,3667,Ville,13,Tempéré,New York
53,4019,Ville,5,Tempéré,Bali
28,2255,Culture,21,Chaud,Bali
61,1888,Aventure,15,Chaud,Tokyo
20,4840,Nature,24,Chaud,Londres
64,2189,Plage,3,Tempéré,Bali
22,4913,Nature,4,Tempéré,Sydney
61,2992,Aventure,6,Froid,Sydney
20,1955,Culture,11,Tempéré,Sydney
52,1813,Culture,9,Froid,Rio de Janeiro
53,873,Nature,22,Froid,Le Caire
59,3188,Aventure,6,Chaud,New York
53,2033,Plage,17,Chaud,Tokyo
51,2208,Culture,4,Chaud,Rome
59,707,Culture,25,Froid,Londres
61,3836,Plage,7,Tempéré,Sydney
47,1755,Plage,29,Chaud,Paris
50,3519,Nature,22,Chaud,Sydney
27,2035,Nature,28,Tempéré,Sydney
66,1351,Nature,24,Froid,Rome
22,3153,Culture,25,Froid,Bali
64,819,Aventure,29,Froid,Paris
51,3177,Culture,4,Froid,Rome
40,1090,Culture,12,Froid,Barcelone
64,4762,Culture,5,Froid,Bali
34,3630,Nature,24,Tempéré,Paris
32,3781,Plage,15,Tempéré,Rio de Janeiro
38,2668,Nature,23,Tempéré,New York
60,2761,Ville,24,Froid,Tokyo
67,3268,Aventure,19,Tempéré,New York
59,4310,Plage,17,Froid,Bali
34,791,Aventure,15,Chaud,Tokyo
54,4579,Nature,24,Chaud,Tokyo
47,1043,Culture,8,Tempéré,Rome
18,2318,Aventure,5,Froid,Rio de Janeiro
21,608,Ville,12,Chaud,Rio de Janeiro
64,3675,Plage,24,Chaud,Barcelone
55,1988,Culture,28,Tempéré,New York
43,4523,Aventure,5,Froid,Paris
32,3575,Plage,14,Froid,Paris
64,1838,Aventure,25,Chaud,New York
51,815,Culture,3,Chaud,Sydney
56,4323,Ville,8,Tempéré,Sydney
69,1876,Culture,17,Chaud,Rome
37,2431,Aventure,25,Chaud,Paris
32,3475,Aventure,22,Chaud,Rio de Janeiro
19,1400,Aventure,7,Tempéré,Le Caire
56,3335,Ville,20,Froid,Rome
44,3243,Nature,13,Froid,New York
23,1119,Culture,4,Chaud,Rio de Janeiro
60,1927,Ville,10,Froid,Tokyo
62,1667,Aventure,17,Froid,Sydney
19,4245,Aventure,14,Froid,Le Caire
45,1123,Aventure,24,Chaud,New York
27,1701,Culture,20,Tempéré,Rome
49,2543,Nature,9,Tempéré,Rio de Janeiro
32,2789,Culture,21,Froid,Rome
56,1547,Plage,24,Froid,Paris
32,705,Plage,5,Tempéré,Paris
64,3276,Aventure,14,Chaud,Paris
35,1137,Plage,2,Froid,New York
26,1861,Nature,2,Tempéré,Le Caire
69,3488,Plage,4,Tempéré,Bali
29,4112,Plage,2,Tempéré,Tokyo
23,4114,Aventure,12,Tempéré,New York
57,3108,Plage,17,Froid,Paris
29,994,Ville,14,Chaud,Le Caire
26,3527,Culture,24,Chaud,Barcelone
50,1646,Plage,11,Chaud,Sydney
43,4258,Plage,8,Chaud,New York
18,3121,Aventure,12,Froid,Sydney
54,4418,Plage,19,Froid,Paris
41,2218,Plage,16,Chaud,Paris
62,4831,Nature,3,Chaud,Tokyo
45,4890,Ville,16,Froid,Bali
23,1204,Aventure,7,Froid,New York
53,2931,Culture,21,Froid,Rio de Janeiro
36,4394,Ville,24,Froid,Paris
45,1220,Nature,5,Chaud,Rio de Janeiro
39,4093,Culture,24,Chaud,Tokyo
64,2572,Plage,7,Chaud,Tokyo
24,2169,Ville,10,Tempéré,Sydney
67,767,Culture,12,Tempéré,Rome
19,1468,Aventure,7,Chaud,Barcelone
22,1880,Nature,6,Froid,Rio de Janeiro
66,4521,Aventure,11,Froid,Rome
59,4762,Culture,14,Chaud,Rio de Janeiro
33,3391,Aventure,26,Tempéré,Rio de Janeiro
36,3484,Aventure,24,Tempéré,New York
24,3034,Culture,7,Froid,Londres
34,2585,Culture,6,Chaud,Rome
49,1404,Nature,20,Froid,New York
56,2513,Culture,29,Tempéré,Rio de Janeiro
30,605,Plage,2,Chaud,Londres
31,3068,Nature,3,Froid,Rio de Janeiro
23,2040,Aventure,23,Tempéré,Le Caire
33,2671,Nature,9,Froid,Barcelone
58,2330,Culture,11,Tempéré,Paris
50,4193,Ville,29,Froid,Tokyo
34,4331,Aventure,11,Tempéré,Tokyo
64,3440,Culture,17,Tempéré,Londres
27,2350,Culture,12,Chaud,Rome
29,1637,Ville,25,Tempéré,Bali
56,3940,Plage,11,Froid,Rome
36,3525,Nature,3,Froid,Rome
47,4446,Aventure,26,Tempéré,Rome
40,1423,Plage,24,Chaud,Barcelone
61,964,Culture,16,Chaud,Barcelone
35,2683,Plage,27,Froid,Rome
68,3927,Aventure,14,Tempéré,New York
55,583,Nature,11,Chaud,Barcelone
60,4629,Aventure,6,Froid,New York
44,4070,Aventure,9,Tempéré,Sydney
34,4527,Ville,12,Tempéré,New York
36,1915,Aventure,22,Chaud,Barcelone
44,602,Ville,16,Froid,Barcelone
41,1832,Aventure,24,Froid,Le Caire
36,4226,Ville,3,Chaud,Tokyo
50,2097,Nature,26,Froid,Paris
48,767,Plage,3,Tempéré,Sydney
49,954,Nature,24,Froid,Rio de Janeiro
23,2578,Aventure,5,Tempéré,Rio de Janeiro
21,1186,Culture,14,Tempéré,Rio de Janeiro
48,4903,Ville,14,Froid,Le Caire
60,2716,Ville,11,Chaud,Rome
61,1077,Nature,13,Tempéré,Le Caire
40,4599,Nature,19,Chaud,Rome
39,4159,Aventure,15,Tempéré,Barcelone
37,3173,Nature,10,Froid,New York
57,4768,Aventure,3,Chaud,Rome
33,1992,Plage,14,Tempéré,Le Caire
18,1767,Ville,28,Chaud,Tokyo
39,2367,Culture,17,Froid,Sydney
39,2865,Nature,15,Froid,Le Caire
46,3112,Plage,16,Froid,Tokyo
51,1660,Nature,15,Tempéré,Barcelone
44,644,Ville,16,Tempéré,Paris
55,2673,Nature,6,Froid,Sydney
57,750,Culture,26,Tempéré,Sydney
39,2354,Plage,5,Tempéré,Barcelone
68,1771,Culture,27,Chaud,Tokyo
19,1375,Aventure,13,Chaud,Londres
24,2647,Nature,19,Tempéré,Bali
69,4154,Culture,11,Chaud,Le Caire
42,1423,Ville,10,Tempéré,Barcelone
59,3679,Culture,10,Froid,Rio de Janeiro
26,1115,Aventure,28,Chaud,Bali
28,3980,Nature,27,Chaud,Tokyo
59,4333,Aventure,21,Chaud,Bali
43,2818,Ville,20,Froid,Barcelone
21,1401,Aventure,28,Chaud,Paris
33,1374,Culture,19,Froid,Le Caire
41,585,Plage,4,Chaud,Tokyo
47,3435,Plage,3,Chaud,Rio de Janeiro
29,653,Plage,28,Chaud,Paris
41,2763,Nature,22,Chaud,Le Caire
55,4208,Plage,4,Tempéré,Sydney
61,2477,Ville,27,Chaud,Sydney
35,3536,Culture,11,Tempéré,Tokyo
63,1269,Nature,15,Chaud,Londres
62,1986,Aventure,17,Tempéré,Barcelone
22,1868,Aventure,19,Froid,Rome
46,2007,Nature,5,Froid,Bali
69,4503,Plage,24,Chaud,Sydney
27,3346,Plage,10,Froid,Le Caire
51,3313,Ville,4,Tempéré,Rome
62,3458,Ville,28,Froid,New York
68,3214,Aventure,15,Froid,Barcelone
49,3373,Ville,22,Froid,Paris
62,3085,Nature,23,Froid,Rio de Janeiro
42,1192,Ville,22,Chaud,Rio de Janeiro
41,2195,Plage,26,Froid,Barcelone
34,3909,Aventure,11,Tempéré,Le Caire
28,933,Nature,17,Chaud,Rome
54,1151,Nature,17,Froid,Tokyo
61,1199,Aventure,17,Chaud,Barcelone
52,1213,Plage,20,Tempéré,New York
55,2941,Plage,8,Tempéré,Paris
22,1103,Nature,16,Tempéré,Paris
53,1774,Plage,23,Chaud,Le Caire
43,3850,Nature,19,Froid,Rio de Janeiro
56,2674,Plage,22,Froid,Bali
41,4287,Aventure,12,Froid,New York
53,2187,Culture,20,Froid,New York
67,896,Nature,8,Froid,Le Caire
52,3536,Nature,9,Chaud,Tokyo
50,1625,Aventure,7,Froid,Tokyo
61,3813,Ville,13,Tempéré,Barcelone
49,2550,Culture,26,Chaud,New York
52,3143,Aventure,21,Chaud,Londres
62,4219,Aventure,11,Tempéré,Rio de Janeiro
29,4364,Culture,5,Froid,Tokyo
59,2149,Aventure,15,Tempéré,New York
57,4874,Aventure,29,Chaud,Barcelone
38,4406,Culture,21,Tempéré,Bali
42,3835,Nature,5,Chaud,Rome
59,1586,Nature,10,Chaud,Bali
51,4237,Nature,29,Tempéré,Sydney
22,4904,Plage,14,Chaud,Rome
52,2807,Aventure,19,Tempéré,Rio de Janeiro
67,1761,Nature,18,Chaud,Rome
69,4093,Ville,5,Froid,Paris
60,4339,Aventure,26,Chaud,Barcelone
38,1373,Plage,24,Tempéré,New York
61,1474,Nature,19,Chaud,Barcelone
61,3311,Aventure,8,Chaud,Sydney
25,622,Aventure,18,Tempéré,Rio de Janeiro
26,3236,Plage,6,Tempéré,Tokyo
64,4507,Nature,22,Tempéré,Sydney
34,1371,Aventure,21,Tempéré,Le Caire
65,2298,Nature,17,Tempéré,Rio de Janeiro
66,4494,Plage,21,Tempéré,Barcelone
62,3003,Ville,5,Chaud,Rome
27,2740,Aventure,3,Froid,Rio de Janeiro
36,765,Plage,17,Tempéré,Londres
24,987,Ville,20,Chaud,Barcelone
51,4031,Nature,3,Tempéré,Londres
32,4394,Culture,2,Froid,Le Caire
31,1546,Aventure,4,Chaud,Rome
65,1779,Nature,3,Tempéré,Londres
64,2168,Plage,9,Froid,Paris
36,3457,Culture,23,Tempéré,Londres
22,1347,Nature,17,Chaud,Paris
20,3179,Aventure,19,Tempéré,Tokyo
56,760,Aventure,24,Froid,Sydney
26,2362,Nature,29,Froid,Londres
55,3584,Ville,17,Chaud,Paris
41,4555,Nature,8,Froid,Paris
34,3574,Ville,29,Tempéré,Rome
62,1053,Ville,14,Tempéré,Rio de Janeiro
25,1739,Plage,21,Froid,Paris
65,4731,Ville,27,Chaud,Le Caire
54,2351,Aventure,22,Froid,Le Caire
61,4430,Aventure,28,Tempéré,Paris
38,4255,Plage,28,Chaud,Le Caire
44,3139,Ville,10,Froid,Tokyo
30,4388,Aventure,23,Froid,Bali
32,2572,Ville,21,Tempéré,Rio de Janeiro
66,2684,Aventure,12,Chaud,New York
32,4472,Culture,4,Tempéré,Tokyo
57,2532,Culture,19,Froid,Londres
65,3518,Aventure,16,Froid,Tokyo
68,2884,Plage,25,Froid,Tokyo
22,4752,Aventure,5,Chaud,Paris
53,2765,Culture,2,Chaud,Bali
25,1489,Aventure,9,Froid,Bali
21,1305,Aventure,10,Tempéré,Barcelone
53,3779,Ville,17,Chaud,Bali
20,1707,Ville,14,Chaud,Sydney
45,4704,Nature,27,Froid,New York
67,1534,Aventure,17,Froid,New York
22,3763,Ville,27,Tempéré,Rio de Janeiro
30,1936,Culture,25,Tempéré,Sydney
50,1231,Ville,2,Chaud,Le Caire
59,3132,Plage,19,Tempéré,Barcelone
40,4536,Aventure,13,Chaud,Bali
63,3115,Ville,8,Froid,Rio de Janeiro
30,531,Aventure,9,Tempéré,Le Caire
22,826,Ville,20,Tempéré,Paris
38,4363,Culture,17,Froid,Rome
46,3146,Ville,14,Froid,Paris
55,4655,Ville,10,Tempéré,New York
25,1034,Plage,20,Froid,Paris
21,2362,Plage,26,Chaud,Rome
41,3336,Ville,8,Tempéré,Rio de Janeiro
56,4811,Nature,26,Froid,Barcelone
18,1149,Ville,21,Chaud,Londres
67,876,Culture,4,Chaud,Rio de Janeiro
62,4106,Culture,3,Chaud,Le Caire
28,1687,Plage,4,Froid,Paris
62,3612,Nature,2,Tempéré,Londres
30,3487,Aventure,3,Tempéré,Tokyo
54,4078,Ville,20,Tempéré,Rio de Janeiro
31,4877,Plage,6,Chaud,New York
31,3700,Ville,19,Tempéré,Barcelone
38,2507,Nature,27,Tempéré,New York
21,3925,Culture,20,Chaud,Rio de Janeiro
55,4531,Nature,25,Froid,Le Caire
62,4740,Culture,23,Froid,Bali
63,2812,Ville,27,Tempéré,New York
46,1145,Nature,2,Tempéré,New York
56,1324,Culture,5,Froid,Bali
69,2248,Culture,17,Chaud,Barcelone
66,4898,Ville,26,Tempéré,Londres
67,4215,Nature,18,Tempéré,Paris
33,833,Plage,11,Froid,Londres
23,793,Nature,26,Chaud,Barcelone
32,1480,Culture,2,Chaud,Le Caire
31,2700,Nature,11,Froid,Le Caire
36,3750,Nature,7,Froid,Le Caire
43,3254,Ville,3,Tempéré,New York
48,3858,Plage,15,Froid,Sydney
25,3859,Culture,26,Chaud,Rome
40,772,Culture,7,Tempéré,Paris
66,2113,Nature,11,Froid,Bali
58,3678,Ville,3,Chaud,Londres
40,1698,Aventure,4,Tempéré,Sydney
34,4570,Plage,9,Froid,New York
21,1997,Aventure,7,Tempéré,Sydney
18,2214,Nature,18,Froid,Tokyo
30,4992,Ville,18,Chaud,Londres
49,2886,Aventure,23,Tempéré,Bali
30,2666,Nature,3,Tempéré,Rio de Janeiro
65,1232,Ville,27,Froid,Bali
34,4004,Plage,14,Chaud,Sydney
46,3046,Aventure,5,Tempéré,Barcelone
64,1364,Nature,12,Chaud,Tokyo
54,651,Nature,14,Froid,Bali
59,1399,Ville,27,Tempéré,Le Caire
55,3121,Ville,4,Chaud,Paris
55,623,Plage,10,Froid,New York
43,1327,Culture,24,Froid,Paris
34,3168,Nature,21,Tempéré,Rome
52,2310,Ville,17,Tempéré,Paris
20,2584,Culture,22,Chaud,Tokyo
27,4856,Aventure,5,Tempéré,Sydney
37,2773,Aventure,4,Froid,Sydney
24,4198,Nature,7,Tempéré,Sydney
53,955,Nature,12,Froid,Barcelone
49,3405,Ville,26,Chaud,Sydney
49,2267,Ville,10,Tempéré,Tokyo
46,2723,Aventure,10,Froid,Barcelone
28,2633,Ville,29,Tempéré,Bali
38,827,Aventure,4,Froid,Rome
39,3649,Ville,2,Chaud,Londres
57,4267,Nature,16,Chaud,Tokyo
40,2312,Nature,5,Tempéré,Londres
53,2818,Ville,6,Chaud,Paris
49,3052,Ville,21,Tempéré,Bali
32,3265,Aventure,6,Chaud,Le Caire
27,4373,Ville,18,Froid,Bali
69,2677,Plage,19,Tempéré,Sydney
60,3843,Ville,19,Froid,Rome
38,2189,Plage,29,Froid,Rome
62,4055,Ville,23,Tempéré,Bali
58,2202,Culture,19,Chaud,Rome
49,3703,Ville,9,Tempéré,Londres
32,4541,Nature,5,Chaud,New York
64,3083,Nature,9,Chaud,New York
66,4267,Plage,19,Tempéré,Rio de Janeiro
63,1421,Nature,24,Tempéré,Bali
35,548,Plage,22,Chaud,Rio de Janeiro
62,1639,Aventure,7,Froid,Rome
60,1443,Aventure,18,Tempéré,Bali
67,3257,Ville,5,Tempéré,New York
66,4153,Ville,14,Chaud,New York
59,1416,Ville,17,Froid,New York
35,4241,Plage,17,Tempéré,Rome
22,741,Aventure,21,Froid,Barcelone
19,3198,Plage,16,Froid,Paris
62,2077,Nature,17,Chaud,New York
38,2645,Ville,8,Froid,Rome
60,2938,Plage,28,Tempéré,Rome
47,2877,Ville,24,Tempéré,Londres
33,2907,Nature,21,Tempéré,Sydney
65,1012,Plage,3,Tempéré,Rome
21,4557,Plage,2,Froid,New York
31,3699,Culture,3,Tempéré,Rio de Janeiro
64,821,Nature,22,Chaud,Sydney
47,2539,Culture,9,Chaud,Le Caire
22,1878,Aventure,23,Froid,Bali
19,4491,Aventure,23,Tempéré,Le Caire
53,2640,Ville,5,Froid,Paris
51,4201,Aventure,14,Tempéré,Bali
41,3496,Ville,24,Froid,Barcelone
48,4829,Ville,12,Chaud,Paris
53,999,Ville,24,Chaud,Rio de Janeiro
24,3003,Culture,8,Froid,Rome
56,4810,Plage,23,Tempéré,Tokyo
19,774,Culture,4,Tempéré,Rome
28,4373,Nature,12,Froid,Rome
47,4142,Culture,26,Tempéré,Rio de Janeiro
49,4449,Ville,4,Chaud,Tokyo
56,3208,Plage,6,Chaud,Barcelone
30,2024,Ville,7,Froid,Rome
67,3837,Nature,22,Chaud,Barcelone
22,655,Ville,23,Tempéré,New York
64,4071,Plage,2,Tempéré,Le Caire
33,3234,Nature,19,Tempéré,Rio de Janeiro
18,4593,Culture,20,Froid,Paris
53,1790,Ville,6,Chaud,Sydney
52,3113,Plage,29,Chaud,Tokyo
43,4292,Plage,11,Tempéré,Barcelone
36,3170,Nature,18,Chaud,Bali
51,1438,Aventure,28,Froid,New York
56,2392,Plage,25,Chaud,New York
43,3476,Culture,10,Froid,Sydney
31,4815,Culture,25,Tempéré,Rome
46,901,Aventure,15,Froid,Le Caire
44,2256,Ville,25,Froid,Londres
51,557,Aventure,12,Tempéré,Sydney
40,3074,Ville,5,Froid,Bali
42,1992,Ville,15,Froid,Bali
58,2939,Plage,4,Tempéré,Tokyo
63,1732,Nature,11,Tempéré,Tokyo
53,4818,Ville,17,Tempéré,Sydney
19,1474,Plage,10,Chaud,Londres
24,4472,Aventure,29,Chaud,New York
21,3591,Plage,28,Tempéré,Londres
24,4258,Culture,25,Froid,Le Caire
35,840,Culture,24,Chaud,Sydney
29,1903,Nature,25,Tempéré,Barcelone
22,3759,Plage,29,Chaud,Paris
68,4237,Nature,12,Tempéré,Bali
60,781,Nature,10,Tempéré,Paris
67,2052,Plage,26,Froid,Rome
53,2388,Ville,27,Chaud,Rio de Janeiro
22,1269,Ville,14,Chaud,Rio de Janeiro
38,3601,Nature,5,Chaud,Paris
51,4479,Nature,11,Froid,Londres
56,3084,Aventure,7,Froid,Londres
26,4934,Plage,11,Froid,New York
52,1514,Culture,25,Chaud,Tokyo
24,3119,Nature,9,Tempéré,Rome
68,4876,Ville,18,Chaud,Paris
61,1413,Aventure,4,Tempéré,Bali
22,1390,Nature,10,Chaud,New York
32,2153,Plage,3,Tempéré,Barcelone
30,4862,Culture,26,Froid,Londres
36,2519,Ville,28,Chaud,New York
64,3483,Nature,10,Chaud,Le Caire
23,4437,Aventure,14,Froid,New York
55,2060,Culture,10,Chaud,Rio de Janeiro
54,2848,Plage,12,Tempéré,Londres
27,849,Culture,26,Tempéré,Sydney
38,3178,Nature,13,Froid,Londres
39,912,Nature,9,Froid,Barcelone
63,715,Plage,29,Tempéré,New York
56,963,Aventure,18,Tempéré,Bali
43,3127,Ville,19,Chaud,Barcelone
51,1159,Culture,15,Froid,Paris
33,2471,Aventure,19,Tempéré,New York
69,3632,Nature,12,Chaud,Rome
27,3423,Ville,15,Chaud,Bali
26,3443,Plage,17,Chaud,New York
25,3917,Ville,13,Froid,Londres
52,2934,Aventure,8,Chaud,Barcelone
69,4820,Plage,19,Froid,Barcelone
45,2288,Nature,2,Tempéré,Barcelone
36,3103,Plage,15,Froid,New York
63,1761,Nature,16,Chaud,Bali
69,1849,Aventure,20,Chaud,Bali
66,1100,Culture,15,Froid,Le Caire
60,2382,Culture,12,Chaud,Rome
46,4229,Ville,29,Chaud,Paris
37,2549,Plage,10,Chaud,Rome
20,1878,Plage,29,Tempéré,Barcelone
63,687,Ville,19,Chaud,Rio de Janeiro
36,2170,Aventure,13,Chaud,Barcelone
36,1691,Culture,11,Tempéré,Sydney
41,1970,Culture,6,Tempéré,Rome
31,1128,Ville,29,Tempéré,Rome
50,1933,Culture,10,Tempéré,Le Caire
55,2065,Aventure,13,Froid,Rio de Janeiro
19,3934,Culture,25,Chaud,Paris
31,3301,Plage,10,Froid,Barcelone
39,3367,Ville,10,Froid,Tokyo
46,3677,Culture,15,Froid,Londres
57,2281,Plage,25,Chaud,Rome
34,1590,Plage,13,Chaud,Rome
33,3361,Culture,23,Chaud,Rome
25,3333,Ville,25,Tempéré,Tokyo
23,4536,Ville,4,Tempéré,Tokyo
60,2162,Culture,21,Chaud,Le Caire
27,2913,Nature,12,Chaud,New York
19,2806,Culture,28,Tempéré,Rome
29,4033,Aventure,11,Froid,Tokyo
69,3651,Plage,29,Chaud,Sydney
58,4635,Culture,23,Chaud,New York
31,3325,Nature,19,Tempéré,Barcelone
53,1960,Culture,28,Tempéré,Paris
53,1436,Plage,8,Chaud,Paris
69,2203,Ville,28,Tempéré,Rome
36,2265,Ville,11,Chaud,Bali
29,1384,Nature,27,Tempéré,Paris
32,630,Culture,2,Tempéré,Rome
43,1916,Culture,28,Froid,Rio de Janeiro
66,4044,Nature,11,Chaud,Bali
59,3475,Ville,4,Froid,Rio de Janeiro
36,3388,Nature,6,Froid,Tokyo
65,1636,Plage,26,Tempéré,Rio de Janeiro
34,530,Culture,16,Tempéré,Londres
53,2617,Plage,5,Tempéré,Londres
33,4610,Culture,4,Froid,Tokyo
30,3729,Plage,17,Tempéré,Le Caire
46,1282,Ville,18,Froid,Rio de Janeiro
51,1658,Nature,16,Chaud,Barcelone
68,2355,Aventure,23,Froid,Rio de Janeiro
60,4246,Nature,10,Chaud,Londres
42,2402,Aventure,21,Froid,New York
33,2758,Ville,8,Tempéré,Rome
38,4177,Nature,14,Froid,Rome
34,1437,Nature,16,Chaud,Paris
33,4042,Ville,3,Tempéré,Londres
24,1204,Aventure,22,Chaud,Sydney
69,761,Plage,3,Froid,Barcelone
56,2251,Culture,13,Tempéré,Londres
20,4977,Nature,29,Froid,Londres
43,4367,Ville,7,Tempéré,Tokyo
65,4011,Ville,29,Froid,Tokyo
62,3040,Plage,26,Chaud,New York
43,2192,Nature,7,Chaud,Le Caire
57,3702,Ville,3,Tempéré,Tokyo
32,4081,Nature,14,Tempéré,Sydney
59,1875,Plage,19,Chaud,Bali
34,2566,Nature,20,Froid,Sydney
60,4035,Culture,9,Tempéré,Paris
43,3706,Aventure,10,Froid,Barcelone
42,4842,Aventure,21,Chaud,Le Caire
43,2278,Plage,20,Chaud,Barcelone
53,3597,Aventure,3,Tempéré,Barcelone
27,4773,Aventure,2,Tempéré,Rome
18,668,Culture,8,Chaud,Londres
69,4764,Ville,19,Tempéré,Tokyo
40,2672,Culture,4,Chaud,Sydney
51,2309,Plage,22,Tempéré,Barcelone
58,976,Nature,16,Chaud,Sydney
61,3124,Plage,6,Froid,Sydney
43,2626,Aventure,9,Tempéré,Sydney
67,3477,Culture,17,Chaud,Bali
58,1295,Nature,21,Froid,New York
28,4755,Culture,8,Chaud,Sydney
21,619,Nature,18,Tempéré,Rio de Janeiro
41,3366,Ville,11,Froid,Rome
28,1079,Culture,22,Chaud,New York
34,4364,Plage,12,Chaud,Sydney
62,4906,Culture,4,Tempéré,Le Caire
66,692,Ville,8,Chaud,Bali
37,2237,Aventure,20,Tempéré,Londres
46,3358,Aventure,4,Chaud,Tokyo
55,4937,Culture,8,Tempéré,Tokyo
28,3290,Ville,17,Chaud,Bali
50,650,Aventure,3,Chaud,Rio de Janeiro
47,4601,Plage,22,Tempéré,Paris
21,1501,Culture,8,Chaud,Barcelone
67,2853,Plage,7,Tempéré,Tokyo
18,2953,Plage,21,Froid,Bali
65,2827,Culture,16,Tempéré,Le Caire
59,1815,Ville,25,Chaud,Tokyo
31,4498,Plage,21,Tempéré,New York
28,2595,Culture,22,Tempéré,Rio de Janeiro
40,2452,Culture,14,Chaud,Paris
67,3613,Culture,10,Froid,Le Caire
20,4185,Aventure,9,Froid,Barcelone
23,4780,Culture,14,Tempéré,Le Caire
34,4568,Ville,14,Tempéré,Rio de Janeiro
41,1208,Plage,12,Tempéré,Barcelone
67,2986,Culture,23,Froid,Londres
40,2863,Nature,21,Chaud,Londres
42,2622,Ville,8,Tempéré,Le Caire
37,2425,Aventure,13,Froid,Londres
19,2159,Ville,26,Tempéré,Rio de Janeiro
29,587,Nature,5,Froid,Le Caire
65,2847,Ville,5,Chaud,New York
29,707,Nature,7,Froid,Rome
38,2021,Nature,21,Tempéré,New York
47,4206,Ville,4,Chaud,Sydney
56,3275,Ville,26,Tempéré,Rio de Janeiro
67,628,Plage,29,Tempéré,Tokyo
20,3877,Plage,27,Chaud,Londres
36,4264,Nature,17,Chaud,Barcelone
44,639,Plage,12,Froid,Tokyo
26,4456,Plage,23,Chaud,Rome
38,3556,Ville,17,Froid,Rio de Janeiro
42,4725,Culture,9,Tempéré,Le Caire
68,665,Plage,27,Chaud,Bali
36,1441,Ville,4,Froid,Londres
56,1867,Nature,5,Tempéré,Tokyo
43,1295,Aventure,20,Tempéré,Rio de Janeiro
19,2171,Aventure,10,Chaud,Rome
66,2623,Nature,5,Tempéré,Tokyo
58,627,Plage,22,Chaud,Rio de Janeiro
58,3302,Ville,9,Chaud,Rome
45,4241,Ville,5,Froid,Bali
29,4039,Plage,23,Froid,Londres
68,2674,Nature,17,Froid,Londres
57,2570,Nature,21,Chaud,Tokyo
30,3821,Culture,29,Froid,Londres
42,2569,Nature,5,Tempéré,Tokyo
58,663,Culture,26,Chaud,Sydney
51,3227,Culture,29,Chaud,Rio de Janeiro
67,4193,Culture,27,Froid,Bali
54,3922,Ville,24,Tempéré,Paris
55,4348,Culture,21,Froid,New York
20,3814,Nature,23,Tempéré,Barcelone
20,1807,Plage,8,Chaud,Sydney
38,3991,Ville,9,Froid,Barcelone
18,1811,Plage,16,Froid,Bali
64,896,Ville,20,Froid,Le Caire
65,3170,Ville,6,Froid,Londres
36,512,Aventure,20,Froid,Le Caire
51,4073,Ville,17,Chaud,Rome
39,1594,Culture,3,Tempéré,Tokyo
62,592,Culture,11,Chaud,Londres
32,4981,Culture,19,Chaud,Paris
57,1658,Aventure,20,Tempéré,Bali
51,1067,Ville,24,Chaud,Barcelone
59,2631,Nature,25,Chaud,Rio de Janeiro
47,1238,Plage,14,Chaud,Paris
23,1463,Aventure,21,Chaud,Rio de Janeiro
62,3808,Ville,25,Froid,Barcelone
51,3534,Nature,2,Chaud,New York
22,4654,Ville,18,Froid,Tokyo
47,4467,Culture,3,Chaud,Tokyo
28,2646,Nature,7,Tempéré,Tokyo
69,4161,Plage,14,Tempéré,Le Caire
46,2617,Culture,8,Chaud,Barcelone
33,4460,Nature,22,Tempéré,New York
69,1913,Ville,14,Froid,Bali
49,862,Nature,11,Chaud,Bali
47,1521,Aventure,25,Tempéré,Bali
69,2864,Nature,14,Tempéré,Sydney
55,894,Aventure,28,Froid,Sydney
42,3047,Ville,15,Chaud,Le Caire
36,873,Ville,12,Tempéré,Paris
46,561,Culture,19,Chaud,Tokyo
54,4091,Plage,27,Froid,Bali
28,2042,Ville,21,Tempéré,Sydney
31,4993,Ville,24,Froid,Barcelone
62,1079,Ville,14,Chaud,New York
39,1668,Ville,14,Chaud,Londres
55,3588,Plage,16,Chaud,Bali
26,2972,Culture,12,Chaud,New York
66,4548,Ville,26,Chaud,Le Caire
54,914,Culture,3,Froid,Rio de Janeiro
43,4485,Nature,22,Froid,Londres
35,3480,Culture,18,Tempéré,Sydney
22,2738,Culture,10,Tempéré,Tokyo
53,3047,Culture,4,Froid,Sydney
47,3570,Culture,3,Tempéré,Le Caire
66,3493,Plage,19,Tempéré,Bali
37,4052,Nature,6,Froid,New York
51,2041,Plage,10,Froid,Londres
23,2584,Plage,17,Froid,Le Caire
63,1164,Plage,17,Chaud,Barcelone
40,3604,Ville,22,Froid,Rome
62,1806,Aventure,20,Chaud,New York
35,4640,Ville,19,Chaud,Sydney
37,4978,Ville,12,Froid,Rome
62,1883,Nature,17,Froid,Sydney
63,3605,Aventure,12,Froid,Barcelone
49,4761,Nature,5,Tempéré,Barcelone
60,885,Ville,15,Tempéré,Rio de Janeiro
50,2566,Aventure,28,Chaud,Sydney
29,4798,Aventure,6,Froid,Le Caire
42,1057,Aventure,28,Tempéré,Londres
49,1536,Nature,26,Tempéré,Bali
59,2051,Nature,14,Froid,Barcelone
40,702,Culture,2,Chaud,Bali
38,3729,Aventure,13,Froid,Paris
57,1328,Nature,27,Tempéré,Le Caire
44,2757,Culture,3,Tempéré,Rio de Janeiro
56,4179,Ville,8,Froid,Bali
64,4588,Aventure,13,Tempéré,Le Caire
53,968,Ville,9,Tempéré,Le Caire
24,827,Plage,20,Froid,Tokyo
62,775,Plage,3,Chaud,Sydney
55,1862,Ville,19,Tempéré,Paris
24,3336,Plage,25,Chaud,Tokyo
52,4907,Ville,15,Froid,Barcelone
63,1995,Culture,21,Chaud,New York
25,2664,Plage,22,Tempéré,Bali
24,3600,Culture,25,Tempéré,New York
61,4337,Nature,28,Froid,Sydney
50,2645,Nature,16,Chaud,Londres
45,1087,Nature,11,Froid,New York
60,2467,Nature,10,Froid,Tokyo
26,3637,Aventure,17,Froid,Bali
54,3285,Culture,16,Tempéré,New York
61,3850,Ville,5,Froid,New York
58,1947,Culture,13,Chaud,Paris
68,2061,Ville,28,Froid,Tokyo
56,4510,Nature,5,Chaud,Paris
64,2849,Aventure,16,Tempéré,Bali
24,1816,Ville,11,Froid,Londres
48,2352,Plage,17,Froid,Le Caire
27,3228,Plage,7,Tempéré,New York
25,1823,Ville,2,Tempéré,Paris
68,2832,Ville,4,Tempéré,Sydney
40,4751,Ville,28,Tempéré,Paris
65,1463,Aventure,26,Froid,Le Caire
22,2805,Culture,5,Tempéré,Rio de Janeiro
59,2993,Ville,25,Froid,Barcelone
43,4066,Nature,25,Tempéré,Barcelone
59,2952,Aventure,21,Tempéré,Tokyo
34,3163,Aventure,25,Tempéré,Rio de Janeiro
59,2251,Culture,8,Tempéré,Bali
26,1400,Ville,19,Chaud,Paris
25,1492,Aventure,6,Froid,Rome
30,3672,Culture,17,Froid,Rome
36,1455,Culture,29,Froid,Barcelone
46,2458,Aventure,13,Chaud,Le Caire
25,3469,Culture,18,Tempéré,Tokyo
23,3711,Aventure,11,Chaud,Londres
67,2318,Ville,17,Froid,Paris
43,4412,Plage,17,Tempéré,Bali
28,1825,Aventure,12,Tempéré,Sydney
68,2273,Plage,11,Froid,Barcelone
28,2922,Culture,21,Froid,Barcelone
61,2215,Ville,6,Chaud,Paris
38,1444,Culture,24,Froid,Tokyo
57,3835,Plage,21,Froid,New York
31,3401,Nature,13,Froid,New York
54,1486,Nature,5,Tempéré,Londres
52,4886,Aventure,13,Chaud,Paris
47,4397,Ville,29,Froid,Rome
54,1377,Aventure,6,Chaud,Sydney
33,1370,Nature,5,Chaud,Londres
56,3904,Plage,2,Tempéré,New York
64,555,Culture,14,Chaud,Sydney
24,3527,Nature,15,Froid,Rome
65,1090,Nature,4,Chaud,New York
43,3828,Aventure,28,Chaud,New York
18,4870,Plage,26,Froid,Le Caire
24,987,Culture,3,Froid,New York
62,2049,Nature,13,Tempéré,New York
29,4998,Culture,19,Froid,Sydney
69,4823,Plage,28,Chaud,Londres
29,2342,Aventure,18,Chaud,Londres
19,4533,Plage,27,Tempéré,Le Caire
37,1513,Nature,11,Chaud,Tokyo
28,1717,Nature,19,Froid,Londres
27,1871,Nature,29,Tempéré,Tokyo
25,2485,Nature,25,Tempéré,Le Caire
61,676,Plage,23,Froid,Rome
19,3784,Nature,28,Froid,New York
33,4681,Nature,6,Tempéré,Barcelone
45,985,Ville,21,Tempéré,Rome
54,4101,Ville,29,Tempéré,Rome
44,898,Aventure,14,Tempéré,Sydney
30,3125,Culture,18,Froid,Rio de Janeiro
65,1747,Ville,15,Froid,Tokyo
59,3787,Plage,26,Chaud,Rome
69,751,Ville,15,Tempéré,Rio de Janeiro
40,3768,Culture,18,Froid,Paris
68,2266,Plage,19,Chaud,Rome
50,2821,Ville,12,Froid,Sydney
61,3612,Aventure,17,Froid,Barcelone
51,3942,Culture,6,Tempéré,Tokyo
66,1527,Culture,18,Tempéré,Londres
56,4045,Ville,17,Froid,Paris
38,4083,Culture,17,Chaud,Sydney
27,4220,Plage,2,Tempéré,Sydney
50,3260,Ville,11,Froid,Tokyo
55,2535,Ville,11,Chaud,Barcelone
38,4917,Ville,11,Froid,Bali
49,2532,Nature,13,Chaud,New York
29,1878,Ville,22,Tempéré,Bali
31,575,Ville,24,Chaud,Sydney
34,3397,Aventure,19,Chaud,Paris
48,2441,Nature,17,Chaud,Londres
23,2437,Nature,12,Froid,Londres
33,3883,Plage,26,Tempéré,Rome
32,3557,Ville,6,Tempéré,Paris
47,3199,Ville,21,Froid,Bali
26,2867,Aventure,8,Tempéré,Paris
64,1187,Nature,5,Froid,Barcelone
63,828,Plage,12,Tempéré,Sydney
42,511,Plage,7,Froid,Rome
24,1230,Ville,7,Chaud,Rio de Janeiro
55,3218,Culture,19,Froid,Paris
69,3493,Ville,6,Froid,Tokyo
68,1436,Culture,15,Chaud,Bali
30,1549,Nature,5,Froid,Le Caire
29,3747,Nature,17,Froid,Londres
43,2543,Culture,6,Tempéré,Barcelone
23,3987,Culture,2,Tempéré,Tokyo
59,2411,Aventure,19,Tempéré,New York
60,2146,Culture,15,Tempéré,Le Caire
48,749,Aventure,3,Froid,New York
42,2701,Culture,29,Tempéré,New York
24,4155,Nature,13,Froid,Tokyo
33,4880,Ville,11,Tempéré,New York
57,2947,Plage,28,Chaud,Barcelone
39,1089,Nature,29,Tempéré,Paris
45,4680,Aventure,6,Tempéré,Tokyo
31,1167,Aventure,16,Chaud,New York
54,3501,Nature,22,Chaud,Tokyo
37,2858,Ville,8,Tempéré,Rome
47,3667,Plage,24,Chaud,Paris
66,2051,Aventure,19,Chaud,Londres
30,2349,Culture,17,Tempéré,Rio de Janeiro
47,3883,Aventure,12,Chaud,Barcelone
21,3512,Culture,17,Froid,Rio de Janeiro
56,2534,Aventure,28,Tempéré,Londres
43,580,Aventure,24,Tempéré,Sydney
18,3719,Ville,23,Chaud,Rome
64,932,Ville,16,Tempéré,Le Caire
58,3442,Culture,21,Chaud,Londres
58,2244,Culture,7,Tempéré,Paris
34,1693,Plage,5,Froid,Londres
35,1222,Ville,15,Tempéré,Rome
59,2445,Plage,3,Chaud,Rio de Janeiro
28,2892,Ville,23,Chaud,Barcelone
39,3490,Culture,13,Froid,New York
34,1893,Culture,12,Froid,Tokyo
24,1140,Nature,21,Chaud,Sydney
47,3120,Nature,25,Froid,Londres
60,2036,Aventure,6,Chaud,Paris
49,789,Plage,10,Chaud,Barcelone
42,1132,Culture,19,Tempéré,Bali
58,2449,Plage,22,Tempéré,New York
47,4606,Plage,10,Tempéré,Rio de Janeiro
18,2330,Plage,29,Chaud,Tokyo
67,2291,Culture,15,Chaud,Paris
55,4222,Culture,21,Chaud,Paris
46,3247,Culture,4,Tempéré,New York
48,1571,Culture,27,Tempéré,Barcelone
61,4966,Ville,23,Chaud,Bali
58,2957,Ville,21,Froid,Bali
68,3765,Culture,29,Chaud,Bali
58,4051,Nature,28,Tempéré,Barcelone
53,4775,Culture,10,Froid,Sydney
50,564,Plage,13,Tempéré,Le Caire
46,2035,Aventure,25,Tempéré,Tokyo
54,4761,Ville,2,Tempéré,Sydney
54,4822,Ville,3,Chaud,Barcelone
54,1955,Aventure,9,Froid,Tokyo
51,4100,Plage,15,Chaud,Rio de Janeiro
38,1697,Aventure,20,Froid,Londres
57,2075,Nature,16,Froid,Barcelone
55,1001,Plage,3,Chaud,Tokyo
41,4397,Nature,8,Tempéré,Sydney
62,3211,Ville,2,Froid,Rio de Janeiro
55,2082,Nature,4,Froid,Londres
29,3933,Nature,13,Tempéré,New York
63,831,Nature,15,Chaud,Sydney
36,1118,Plage,22,Tempéré,Barcelone
50,902,Nature,7,Chaud,Barcelone
22,1005,Plage,14,Froid,Barcelone
56,1297,Culture,7,Tempéré,Barcelone
46,2613,Ville,14,Chaud,Londres
54,4529,Nature,23,Chaud,Barcelone
57,1833,Ville,20,Froid,Rio de Janeiro
27,2662,Aventure,26,Tempéré,New York
49,3276,Culture,5,Froid,Bali
22,2252,Aventure,5,Tempéré,Sydney
63,4198,Plage,20,Froid,Londres
56,760,Nature,28,Tempéré,Londres
61,1751,Aventure,13,Chaud,Le Caire
58,4911,Nature,7,Froid,Bali
66,4050,Ville,5,Froid,Le Caire
41,3646,Ville,8,Froid,Tokyo
64,868,Aventure,22,Tempéré,Bali
61,1428,Plage,13,Froid,Rio de Janeiro
62,4304,Nature,7,Froid,Barcelone
22,519,Ville,22,Tempéré,Sydney
65,4023,Ville,29,Tempéré,Le Caire
58,4488,Culture,23,Froid,Bali
65,4594,Culture,29,Chaud,Barcelone
24,1868,Nature,13,Tempéré,Paris
38,1071,Nature,13,Froid,Rome
28,2296,Nature,28,Froid,New York
23,1151,Nature,7,Tempéré,Sydney
58,4727,Ville,9,Chaud,Le Caire
68,3278,Nature,15,Chaud,Le Caire
34,1638,Aventure,4,Tempéré,Rome
43,2003,Culture,4,Froid,Paris
34,4025,Ville,13,Tempéré,Londres
26,3046,Ville,16,Chaud,Bali
38,3740,Ville,29,Chaud,Rome
65,3374,Plage,29,Froid,Rome
25,1923,Plage,8,Tempéré,Bali
58,4404,Plage,2,Chaud,Paris
22,877,Plage,14,Chaud,Sydney
50,1565,Plage,10,Froid,Bali
21,2209,Plage,3,Froid,Bali
39,641,Ville,20,Chaud,Tokyo
42,3873,Culture,25,Chaud,Rome
21,1864,Culture,21,Chaud,Barcelone
26,2715,Ville,9,Tempéré,Sydney
60,4840,Ville,6,Froid,Bali
53,1539,Ville,5,Chaud,Rio de Janeiro
57,3064,Culture,8,Tempéré,New York
52,1176,Culture,10,Chaud,Barcelone
22,2374,Culture,6,Froid,Sydney
18,3777,Nature,5,Chaud,Bali
42,2805,Culture,3,Chaud,Rio de Janeiro
60,2381,Aventure,9,Tempéré,New York
41,1340,Culture,22,Froid,Bali
40,2680,Aventure,24,Froid,Tokyo
24,2822,Nature,23,Froid,Bali
46,2890,Ville,4,Chaud,Rio de Janeiro
44,2347,Culture,23,Froid,Sydney
69,979,Plage,7,Chaud,New York
53,1163,Nature,27,Froid,Le Caire
62,2924,Ville,3,Tempéré,Rio de Janeiro
54,3524,Ville,19,Tempéré,Paris
39,2869,Ville,14,Chaud,Rio de Janeiro
18,1325,Culture,21,Froid,Le Caire
30,517,Nature,21,Chaud,Le Caire
19,2635,Aventure,7,Tempéré,Sydney
49,1490,Aventure,19,Tempéré,Tokyo
30,3570,Culture,28,Chaud,Rome
46,3349,Culture,23,Chaud,Tokyo
45,4645,Nature,24,Tempéré,Rome
42,2312,Culture,15,Tempéré,Tokyo
24,4933,Culture,4,Chaud,Tokyo
62,652,Nature,14,Froid,Rio de Janeiro
21,3872,Plage,20,Froid,Rio de Janeiro
64,3571,Aventure,7,Froid,Rio de Janeiro
30,2788,Nature,14,Froid,Le Caire
29,2938,Plage,21,Tempéré,Barcelone
69,2350,Aventure,28,Tempéré,New York
59,2376,Nature,18,Chaud,Sydney
22,3402,Plage,2,Tempéré,Sydney
38,4754,Nature,6,Tempéré,Rio de Janeiro
40,3720,Culture,9,Froid,Sydney
44,2354,Aventure,18,Tempéré,Le Caire
46,1074,Aventure,27,Chaud,Paris
69,1035,Culture,26,Chaud,Rio de Janeiro
55,1370,Aventure,16,Tempéré,Rio de Janeiro
59,4774,Ville,12,Chaud,Rome
68,1033,Nature,27,Chaud,Londres
58,4775,Nature,8,Froid,Tokyo
60,4626,Ville,25,Chaud,Rome
42,3569,Plage,19,Froid,Rio de Janeiro
29,2954,Ville,12,Chaud,New York
64,3496,Plage,5,Chaud,Londres
18,1164,Nature,25,Chaud,Rome
44,4655,Culture,10,Chaud,Paris
61,3030,Ville,15,Froid,Rome
45,1171,Aventure,29,Froid,Londres
26,2965,Aventure,17,Froid,Tokyo
36,1767,Culture,24,Froid,Sydney
49,1200,Plage,19,Tempéré,Paris
39,4073,Culture,20,Chaud,Rio de Janeiro
64,1642,Plage,10,Froid,Sydney
49,1786,Ville,18,Froid,Tokyo
51,1852,Culture,14,Tempéré,Le Caire
60,1330,Nature,28,Froid,Bali
23,2185,Nature,19,Chaud,Barcelone
47,1569,Plage,26,Froid,Rio de Janeiro
50,4407,Aventure,12,Froid,Barcelone
58,3680,Aventure,25,Froid,Rome
56,3251,Culture,28,Chaud,Paris
61,900,Plage,19,Froid,Londres
18,4015,Nature,13,Tempéré,Tokyo
56,4901,Ville,22,Froid,Tokyo
27,2649,Nature,15,Chaud,Rio de Janeiro
31,3407,Plage,26,Tempéré,Sydney
19,1048,Ville,4,Chaud,Barcelone
22,2310,Nature,6,Froid,Le Caire
26,682,Culture,17,Froid,Bali
58,670,Culture,10,Tempéré,Tokyo
53,4193,Aventure,9,Chaud,Rio de Janeiro
44,728,Plage,27,Chaud,Sydney
31,1005,Plage,10,Froid,Le Caire
39,2357,Nature,20,Chaud,Londres
43,2461,Plage,11,Froid,Tokyo
42,4505,Aventure,21,Chaud,Sydney
39,2518,Nature,6,Chaud,Paris
55,3931,Ville,28,Chaud,Barcelone
28,1760,Plage,10,Froid,Paris
41,4344,Nature,14,Froid,Tokyo
36,1386,Plage,28,Tempéré,Sydney
29,2868,Aventure,5,Chaud,Barcelone
63,3645,Plage,19,Chaud,Paris
64,856,Ville,27,Froid,Sydney
50,1522,Nature,29,Chaud,New York
54,4944,Culture,7,Chaud,Rio de Janeiro
67,2869,Nature,8,Tempéré,Barcelone
42,851,Culture,13,Froid,Sydney
59,3325,Ville,23,Tempéré,Londres
41,4604,Ville,2,Froid,Londres
61,3532,Plage,10,Froid,Sydney
28,4939,Plage,13,Tempéré,Tokyo
38,4738,Nature,16,Froid,Bali
47,3727,Nature,18,Froid,Le Caire
67,1709,Aventure,26,Chaud,Rome
34,2932,Culture,25,Tempéré,Sydney
40,2623,Nature,13,Froid,Rio de Janeiro
38,3220,Ville,28,Tempéré,Bali
22,728,Culture,26,Chaud,Barcelone
19,2894,Plage,15,Froid,Bali
26,2245,Plage,19,Froid,Londres
67,1909,Culture,4,Tempéré,New York
27,4681,Nature,12,Chaud,Rome
61,4636,Aventure,6,Froid,New York
45,2445,Culture,19,Tempéré,Londres
43,1940,Plage,15,Froid,Rio de Janeiro
41,2761,Culture,15,Froid,New York
62,2434,Aventure,13,Chaud,Tokyo
66,4505,Aventure,16,Tempéré,Le Caire
33,4446,Culture,14,Tempéré,Rio de Janeiro
32,3088,Nature,26,Tempéré,Rio de Janeiro
18,1600,Culture,27,Froid,Londres
63,2558,Plage,21,Tempéré,New York
47,2136,Nature,2,Tempéré,Sydney
57,4661,Nature,25,Froid,New York
24,2832,Nature,16,Tempéré,Barcelone
25,3060,Culture,18,Tempéré,Le Caire
48,1873,Ville,22,Chaud,Sydney
67,3927,Aventure,26,Chaud,Bali
47,1091,Aventure,15,Chaud,Paris
54,616,Aventure,12,Tempéré,Rome
28,1473,Nature,26,Chaud,Paris
69,2706,Nature,26,Tempéré,Bali
62,1959,Culture,23,Chaud,Londres
46,3991,Nature,4,Chaud,Londres
64,4192,Plage,3,Chaud,Bali
50,4512,Plage,25,Froid,Rio de Janeiro
37,1583,Nature,6,Chaud,Rome
18,1514,Aventure,19,Froid,Londres
39,1237,Ville,19,Chaud,Barcelone
43,3491,Culture,5,Froid,Bali
24,3053,Ville,7,Froid,Paris
23,838,Plage,16,Chaud,Londres
66,4049,Nature,4,Froid,Rome
40,2843,Ville,22,Tempéré,Rio de Janeiro
38,1622,Nature,17,Chaud,Tokyo
37,1847,Culture,27,Chaud,Bali
56,2072,Plage,5,Chaud,Tokyo
65,2325,Plage,15,Tempéré,Le Caire
69,2135,Nature,4,Tempéré,Rome
20,534,Nature,4,Tempéré,Bali
36,4143,Nature,11,Froid,Rio de Janeiro
34,1108,Aventure,18,Tempéré,Rome
21,1847,Ville,7,Chaud,Paris
67,3259,Ville,12,Tempéré,Rio de Janeiro
22,1554,Aventure,18,Tempéré,Barcelone
59,1175,Culture,2,Tempéré,Rome
67,1479,Culture,22,Tempéré,Barcelone
47,2106,Ville,3,Froid,Bali
18,1110,Nature,25,Chaud,Paris
50,4727,Ville,12,Froid,New York
55,1484,Culture,11,Froid,Londres
44,3084,Culture,24,Froid,Bali
60,3563,Aventure,4,Froid,Rome
30,4662,Plage,19,Chaud,Paris
69,2223,Aventure,12,Froid,Rio de Janeiro
37,1927,Plage,4,Tempéré,New York
31,2803,Ville,15,Froid,Londres
33,3262,Plage,9,Froid,Rio de Janeiro
60,3831,Aventure,9,Chaud,Bali
59,3417,Aventure,7,Froid,Rio de Janeiro
45,4774,Culture,29,Froid,Londres
31,929,Culture,8,Tempéré,Bali
57,3161,Culture,7,Froid,Tokyo
34,3353,Nature,20,Froid,Paris
57,2984,Plage,25,Chaud,Bali
39,3227,Culture,8,Chaud,Le Caire
65,3188,Culture,20,Froid,Bali
39,4180,Aventure,4,Froid,Paris
38,3883,Plage,24,Chaud,Rio de Janeiro
64,1687,Aventure,28,Froid,Londres
27,1081,Aventure,13,Tempéré,Barcelone
24,3663,Ville,27,Chaud,Tokyo
42,1318,Ville,20,Tempéré,Barcelone
50,742,Culture,19,Tempéré,Rio de Janeiro
40,3878,Nature,29,Froid,Barcelone
46,2141,Plage,8,Tempéré,Bali
63,2798,Aventure,5,Froid,New York
52,2325,Aventure,12,Froid,Tokyo
29,1893,Ville,12,Tempéré,Rome
36,2792,Ville,14,Tempéré,New York
62,2874,Ville,7,Froid,Tokyo
65,4921,Culture,28,Chaud,Le Caire
33,4497,Culture,20,Tempéré,Rio de Janeiro
28,2367,Plage,20,Froid,Bali
55,3292,Culture,11,Froid,Rome
35,2918,Aventure,24,Chaud,Paris
40,1006,Nature,20,Chaud,Rome
66,1060,Culture,16,Tempéré,Londres
50,4093,Plage,18,Chaud,Londres
22,4886,Plage,15,Froid,Londres
29,2618,Plage,26,Froid,Paris
36,2371,Nature,5,Tempéré,New York
67,3385,Nature,15,Froid,Sydney
30,3688,Ville,16,Chaud,Rome
58,4946,Plage,16,Froid,Londres
46,3828,Ville,11,Chaud,Barcelone
21,1585,Aventure,12,Chaud,Le Caire
51,3347,Plage,2,Tempéré,Paris
35,2870,Culture,26,Tempéré,Barcelone
38,3526,Nature,27,Tempéré,Paris
23,1487,Culture,27,Tempéré,Rio de Janeiro
59,3821,Ville,12,Tempéré,Le Caire
24,1328,Ville,12,Tempéré,Bali
30,1250,Ville,10,Chaud,Rome
32,585,Plage,22,Tempéré,Rio de Janeiro
63,2925,Aventure,24,Chaud,Rio de Janeiro
55,1789,Ville,22,Chaud,Paris
39,2813,Ville,14,Tempéré,Londres
43,3158,Nature,9,Chaud,Rio de Janeiro
50,4802,Aventure,28,Froid,Tokyo
68,3384,Nature,10,Chaud,New York
27,1012,Aventure,22,Froid,Bali
48,2359,Ville,23,Tempéré,Londres
53,2287,Plage,20,Froid,New York
48,3964,Aventure,11,Froid,Tokyo
65,3183,Aventure,19,Chaud,Barcelone
50,4822,Culture,6,Chaud,Bali
61,576,Plage,19,Tempéré,Barcelone
55,4553,Culture,24,Chaud,New York
38,3095,Plage,11,Chaud,Le Caire
32,2680,Ville,7,Froid,Rio de Janeiro
47,1296,Aventure,29,Tempéré,Paris
30,2379,Aventure,29,Chaud,Londres
42,4237,Aventure,22,Tempéré,Barcelone
53,2342,Aventure,23,Tempéré,Sydney
19,763,Plage,5,Froid,Rome
55,4042,Aventure,20,Froid,Le Caire
52,603,Culture,14,Chaud,Tokyo
25,4073,Aventure,27,Froid,Bali
57,4035,Nature,18,Chaud,Rome
53,4182,Culture,28,Froid,Le Caire
41,3803,Aventure,3,Froid,Paris
29,2892,Nature,14,Froid,Rome
47,4966,Nature,29,Froid,Rome
61,3178,Aventure,6,Froid,Paris
62,2159,Ville,9,Froid,New York
65,3985,Plage,22,Tempéré,Londres
31,894,Plage,11,Tempéré,New York
23,596,Plage,8,Tempéré,Le Caire
18,2166,Culture,9,Tempéré,Londres
22,2361,Nature,25,Froid,Rome
66,1920,Aventure,3,Tempéré,Tokyo
51,4318,Ville,6,Froid,Le Caire
18,2096,Ville,20,Tempéré,Le Caire
18,4454,Plage,25,Tempéré,Paris
57,4571,Ville,28,Froid,Paris
19,1352,Aventure,19,Tempéré,New York
38,2010,Plage,24,Tempéré,Tokyo
37,3362,Nature,2,Tempéré,Bali
23,1438,Ville,11,Froid,Barcelone
66,1607,Nature,15,Froid,Le Caire
27,2989,Culture,7,Chaud,Londres
42,4258,Culture,22,Tempéré,Rome
60,1047,Plage,29,Froid,Sydney
44,2820,Aventure,9,Froid,Le Caire
23,4802,Nature,21,Froid,Rio de Janeiro
29,3846,Nature,25,Tempéré,Le Caire
49,780,Aventure,28,Froid,Sydney
46,1197,Culture,21,Chaud,Paris
59,4627,Nature,14,Froid,Barcelone
62,2746,Ville,15,Froid,New York
30,1039,Nature,26,Chaud,Paris
26,3315,Nature,20,Tempéré,New York
58,3510,Aventure,7,Froid,Sydney
66,3837,Aventure,19,Tempéré,Paris
48,4035,Culture,24,Tempéré,Sydney
66,2532,Culture,22,Chaud,New York
29,4542,Plage,9,Chaud,New York
34,667,Nature,17,Tempéré,Rio de Janeiro
64,710,Ville,23,Froid,Sydney
46,1770,Aventure,22,Chaud,Le Caire
54,4893,Aventure,9,Tempéré,Bali
41,629,Plage,3,Tempéré,New York
35,2917,Plage,2,Froid,Rome
41,1435,Ville,21,Chaud,New York
35,3954,Aventure,18,Tempéré,Tokyo
33,4137,Plage,27,Tempéré,Le Caire
35,2457,Ville,18,Froid,Rio de Janeiro
31,4902,Culture,13,Chaud,New York
25,1422,Culture,18,Froid,Londres
37,751,Aventure,14,Froid,Tokyo
39,3854,Plage,7,Tempéré,Le Caire
33,1942,Culture,25,Chaud,Bali
23,1675,Culture,21,Tempéré,Paris
19,1780,Plage,11,Chaud,Le Caire
34,4520,Aventure,19,Froid,New York
66,3875,Aventure,21,Chaud,Le Caire
34,3627,Ville,21,Tempéré,Barcelone
20,1793,Culture,18,Chaud,Rio de Janeiro
36,1525,Nature,9,Chaud,Londres
64,4989,Culture,24,Chaud,Barcelone
37,1139,Aventure,2,Tempéré,Tokyo
48,4532,Plage,19,Tempéré,New York
36,719,Plage,4,Tempéré,Tokyo
19,4687,Nature,21,Froid,Londres
64,880,Plage,10,Froid,Rio de Janeiro
59,4576,Aventure,16,Froid,Paris
49,2124,Ville,18,Chaud,Londres
39,3884,Nature,13,Tempéré,Le Caire
52,3736,Ville,4,Chaud,Rome
33,3966,Plage,14,Froid,Paris
24,884,Ville,12,Froid,Barcelone
57,4376,Ville,15,Chaud,New York
48,994,Culture,2,Chaud,Paris
23,1577,Aventure,26,Chaud,Rio de Janeiro
56,3445,Ville,20,Froid,Tokyo
34,2347,Culture,13,Chaud,Londres
31,1047,Plage,10,Tempéré,Barcelone
21,3866,Culture,5,Froid,Barcelone
62,3846,Nature,27,Chaud,Le Caire
43,3196,Ville,7,Chaud,Tokyo
47,1243,Plage,8,Tempéré,Rio de Janeiro
68,1619,Nature,15,Chaud,Tokyo
44,3018,Nature,9,Froid,Bali
32,3374,Culture,13,Chaud,Bali
43,2273,Nature,24,Froid,Barcelone
33,3900,Culture,21,Chaud,Londres
55,1163,Aventure,6,Tempéré,Paris
29,3417,Aventure,4,Tempéré,Paris
53,3001,Aventure,4,Froid,Londres
60,691,Nature,19,Tempéré,Sydney
36,1534,Nature,4,Froid,Tokyo
69,606,Plage,16,Froid,Barcelone
69,3580,Culture,11,Froid,Sydney
26,935,Plage,19,Tempéré,Rio de Janeiro
64,3682,Ville,8,Froid,Sydney
22,1187,Culture,15,Chaud,Paris
35,2136,Aventure,22,Tempéré,New York
64,4345,Plage,14,Chaud,Barcelone
25,3096,Ville,2,Tempéré,Tokyo
48,4348,Aventure,14,Froid,Londres
22,4486,Aventure,24,Tempéré,Tokyo
35,1616,Plage,17,Tempéré,Londres
49,2323,Aventure,4,Froid,Paris
32,2266,Nature,11,Tempéré,Tokyo
19,1818,Ville,20,Chaud,Le Caire
42,4483,Aventure,12,Chaud,Le Caire
52,4491,Plage,27,Chaud,Tokyo
23,1460,Aventure,5,Tempéré,Le Caire
38,1987,Plage,13,Tempéré,Le Caire
51,4630,Plage,12,Tempéré,Rome
63,1761,Aventure,11,Froid,Tokyo
32,921,Aventure,25,Froid,Londres
18,1398,Ville,17,Froid,Paris
66,2636,Aventure,22,Chaud,Rio de Janeiro
25,750,Aventure,20,Tempéré,Paris
39,3999,Ville,19,Chaud,Rome
39,3910,Ville,16,Froid,Bali
64,3611,Ville,9,Tempéré,Londres
51,4533,Aventure,13,Tempéré,Sydney
23,2140,Ville,4,Chaud,Bali
27,4171,Culture,18,Tempéré,Le Caire
50,3835,Ville,2,Tempéré,Tokyo
31,4793,Nature,3,Chaud,Rome
28,4589,Aventure,26,Froid,Londres
55,4911,Nature,4,Chaud,Rome
28,3867,Plage,5,Chaud,Rio de Janeiro
47,4036,Culture,17,Froid,Sydney
35,2655,Culture,11,Chaud,Rio de Janeiro
51,2597,Ville,17,Tempéré,Rio de Janeiro
58,610,Plage,9,Froid,Sydney
20,2757,Plage,26,Froid,Barcelone
49,1040,Culture,10,Tempéré,Barcelone
20,3702,Culture,4,Tempéré,Tokyo
56,3517,Aventure,17,Chaud,Londres
20,2817,Plage,8,Froid,Le Caire
27,2228,Aventure,18,Chaud,Rome
53,2077,Aventure,23,Tempéré,Sydney
46,1310,Aventure,3,Froid,Rio de Janeiro
42,2036,Plage,25,Froid,Sydney
41,3979,Aventure,27,Chaud,New York
18,4618,Culture,2,Tempéré,Sydney
43,4206,Nature,29,Froid,Barcelone
42,2393,Aventure,12,Chaud,Sydney
61,1286,Aventure,8,Tempéré,Londres
33,2429,Plage,13,Tempéré,Londres
53,1566,Plage,22,Tempéré,Rio de Janeiro
28,4144,Aventure,6,Tempéré,Rome
31,2182,Nature,13,Tempéré,Bali
42,3624,Nature,17,Froid,Rio de Janeiro
38,4170,Plage,9,Chaud,New York
61,3105,Aventure,11,Froid,Rome
41,4263,Nature,14,Chaud,Sydney
64,1197,Nature,22,Chaud,Paris
21,3167,Plage,24,Froid,Bali
18,3652,Culture,9,Tempéré,Paris
34,2383,Plage,10,Froid,Le Caire
62,2555,Plage,18,Froid,Bali
50,4438,Ville,19,Tempéré,Le Caire
50,4873,Aventure,25,Chaud,Paris
42,530,Culture,8,Chaud,Rio de Janeiro
35,3328,Plage,15,Froid,Paris
27,4687,Plage,18,Froid,Paris
22,1771,Culture,4,Chaud,Rome
46,1575,Nature,28,Tempéré,Sydney
37,1851,Culture,20,Chaud,Rio de Janeiro
51,4844,Aventure,24,Tempéré,Le Caire
52,2175,Culture,25,Tempéré,Le Caire
36,4606,Aventure,3,Froid,Le Caire
36,3005,Nature,4,Froid,Barcelone
55,2978,Nature,29,Tempéré,Londres
50,3997,Aventure,29,Froid,Londres
55,1259,Nature,15,Tempéré,Tokyo
54,1643,Culture,11,Chaud,Le Caire
40,850,Ville,11,Froid,Barcelone
20,4919,Ville,3,Froid,Londres
51,3891,Culture,9,Tempéré,Paris
26,3479,Ville,29,Tempéré,Sydney
38,4124,Aventure,7,Tempéré,Londres
21,2863,Aventure,22,Froid,Rio de Janeiro
27,2619,Aventure,26,Tempéré,Tokyo
54,2382,Nature,8,Chaud,Rio de Janeiro
59,4756,Plage,18,Tempéré,Sydney
35,3654,Ville,19,Chaud,New York
51,2603,Nature,25,Tempéré,Rio de Janeiro
51,1117,Ville,18,Chaud,Londres
47,748,Nature,7,Froid,Rio de Janeiro
68,4518,Aventure,4,Chaud,Barcelone
33,4170,Culture,7,Tempéré,Rio de Janeiro
38,3206,Aventure,29,Tempéré,Londres
42,3258,Ville,25,Tempéré,Paris
26,924,Plage,12,Froid,Londres
45,916,Plage,11,Chaud,Barcelone
57,2135,Culture,18,Chaud,Paris
53,3330,Culture,19,Froid,Le Caire
54,685,Ville,26,Froid,Tokyo
33,2508,Culture,28,Chaud,Sydney
49,3812,Culture,7,Tempéré,Bali
34,4404,Aventure,19,Froid,New York
62,1501,Aventure,28,Froid,Le Caire
29,4384,Aventure,24,Froid,Sydney
33,1277,Culture,10,Chaud,Rome
27,1203,Ville,6,Tempéré,Tokyo
55,3608,Culture,3,Froid,Tokyo
20,1168,Nature,3,Froid,Rome
22,714,Plage,7,Chaud,Sydney
57,3561,Ville,5,Tempéré,Rio de Janeiro
67,3778,Ville,26,Chaud,Sydney
31,3000,Ville,2,Tempéré,Rio de Janeiro
65,4036,Plage,22,Chaud,Sydney
35,4281,Nature,5,Froid,Rio de Janeiro
28,4469,Plage,21,Tempéré,Rio de Janeiro
53,3687,Aventure,29,Chaud,Le Caire
46,1489,Plage,19,Froid,Londres
26,4987,Ville,6,Froid,Le Caire
39,4330,Culture,22,Chaud,Londres
21,4284,Culture,24,Tempéré,Barcelone
25,4276,Culture,10,Tempéré,Tokyo
50,4056,Culture,18,Chaud,Bali
61,614,Aventure,25,Tempéré,Sydney
61,4162,Nature,7,Chaud,Paris
50,1330,Culture,24,Tempéré,Sydney
48,4523,Plage,12,Chaud,Paris
52,3152,Nature,9,Froid,New York
68,646,Aventure,12,Tempéré,New York
32,997,Culture,22,Tempéré,Barcelone
42,2687,Ville,19,Chaud,Tokyo
28,2253,Plage,19,Chaud,Barcelone
41,756,Plage,8,Chaud,Paris
51,1023,Nature,11,Tempéré,Barcelone
35,4747,Aventure,5,Tempéré,Paris
69,2235,Nature,14,Froid,Barcelone
32,1601,Nature,25,Froid,Paris
51,4497,Ville,17,Froid,Paris
48,2598,Nature,12,Froid,Barcelone
41,2571,Plage,17,Froid,Tokyo
65,3577,Aventure,23,Tempéré,New York
33,4761,Nature,26,Tempéré,Londres
44,2460,Aventure,7,Froid,Londres
24,3803,Nature,5,Froid,New York
22,4968,Culture,20,Chaud,Tokyo
60,717,Nature,16,Tempéré,Rio de Janeiro
20,2143,Plage,14,Tempéré,Londres
28,4918,Aventure,12,Froid,Tokyo
32,624,Ville,25,Tempéré,Tokyo
36,4303,Culture,2,Tempéré,New York
64,1456,Nature,16,Tempéré,Tokyo
28,1464,Plage,26,Tempéré,Tokyo
41,4665,Aventure,27,Froid,Paris
41,1171,Plage,24,Tempéré,Bali
65,4992,Culture,29,Chaud,New York
45,4376,Nature,13,Tempéré,Bali
23,1870,Aventure,4,Tempéré,Rio de Janeiro
33,1085,Nature,18,Tempéré,Barcelone
69,4366,Plage,6,Tempéré,Le Caire
54,4927,Nature,24,Froid,Sydney
33,1153,Nature,11,Tempéré,Rio de Janeiro
18,2925,Ville,23,Froid,Rio de Janeiro
18,4979,Nature,17,Chaud,Le Caire
35,4101,Plage,24,Froid,Rome
62,2186,Nature,25,Chaud,Barcelone
56,4731,Ville,13,Froid,Londres
57,3863,Nature,16,Chaud,Rio de Janeiro
20,4533,Culture,24,Froid,New York
31,4776,Plage,5,Froid,Sydney
51,2772,Aventure,13,Froid,Le Caire
30,1682,Aventure,22,Chaud,Sydney
68,3986,Aventure,15,Froid,Barcelone
64,3156,Aventure,22,Chaud,Tokyo
42,1526,Culture,27,Chaud,New York
52,2396,Plage,22,Froid,New York
36,4930,Culture,23,Tempéré,New York
45,796,Plage,15,Chaud,Rio de Janeiro
68,1668,Culture,28,Froid,Le Caire
61,1969,Nature,14,Chaud,Londres
63,533,Aventure,8,Tempéré,Londres
59,1864,Aventure,25,Tempéré,Londres
42,2652,Culture,29,Chaud,Barcelone
58,4218,Culture,12,Froid,Tokyo
52,1067,Ville,4,Froid,New York
19,2387,Plage,24,Tempéré,Le Caire
52,4783,Ville,10,Tempéré,Rio de Janeiro
58,2374,Aventure,7,Chaud,Rio de Janeiro
65,3816,Plage,5,Chaud,Londres
22,2192,Culture,9,Froid,Barcelone
38,3504,Aventure,11,Chaud,Barcelone
54,3218,Nature,18,Chaud,Londres
43,1768,Plage,17,Tempéré,New York
37,1532,Culture,22,Froid,Bali
21,2887,Ville,25,Chaud,Sydney
26,2586,Plage,20,Tempéré,Londres
51,4269,Culture,24,Froid,New York
24,4933,Aventure,22,Chaud,Londres
57,4189,Aventure,13,Tempéré,Paris
34,1575,Culture,22,Chaud,Barcelone
64,3564,Plage,16,Chaud,Rio de Janeiro
25,3681,Ville,17,Tempéré,New York
59,3362,Plage,20,Froid,Bali
64,4372,Plage,21,Chaud,Rio de Janeiro
24,4236,Aventure,16,Tempéré,Sydney
53,4353,Ville,6,Froid,Barcelone
61,917,Plage,5,Chaud,Londres
22,3690,Ville,29,Chaud,Paris
67,3277,Nature,4,Chaud,Rio de Janeiro
52,752,Ville,29,Froid,New York
46,2505,Ville,11,Chaud,Londres
27,1292,Plage,23,Chaud,Bali
34,1662,Ville,4,Froid,Rio de Janeiro
45,3650,Plage,5,Tempéré,New York
45,4347,Ville,24,Froid,Sydney
53,851,Culture,5,Tempéré,Barcelone
32,4990,Plage,20,Chaud,Bali
31,2833,Ville,14,Tempéré,Sydney
29,2752,Aventure,10,Froid,New York
31,1057,Aventure,11,Froid,Rome
26,4839,Plage,25,Froid,Tokyo
49,4857,Culture,12,Tempéré,Bali
25,1158,Ville,15,Tempéré,Paris
50,1272,Aventure,17,Chaud,Paris
22,4299,Culture,19,Chaud,Barcelone
55,2684,Culture,17,Chaud,Rio de Janeiro
32,2141,Nature,23,Tempéré,New York
22,1285,Nature,27,Tempéré,Bali
19,4548,Aventure,12,Froid,Le Caire
57,993,Plage,9,Tempéré,Tokyo
27,4123,Culture,10,Froid,Sydney
39,2015,Plage,14,Froid,Paris
37,3232,Culture,2,Tempéré,New York
23,4056,Ville,15,Tempéré,New York
37,2506,Aventure,5,Tempéré,Barcelone
26,4771,Nature,13,Froid,Rome
27,779,Ville,21,Froid,Paris
20,3487,Plage,8,Froid,Rome
58,1355,Aventure,16,Tempéré,Londres
63,873,Aventure,8,Froid,Rio de Janeiro
34,3062,Nature,16,Froid,New York
28,2737,Ville,18,Froid,Tokyo
42,4869,Ville,27,Tempéré,Barcelone
35,4615,Nature,5,Chaud,Barcelone
25,767,Nature,27,Froid,Le Caire
58,824,Plage,13,Chaud,Bali
30,2640,Nature,23,Tempéré,New York
52,4962,Plage,24,Froid,New York
28,889,Aventure,7,Chaud,Tokyo
26,516,Nature,29,Tempéré,Paris
59,4940,Culture,23,Tempéré,Le Caire
31,2592,Aventure,29,Tempéré,Tokyo
65,4403,Culture,12,Froid,Le Caire
29,1881,Culture,5,Froid,Barcelone
32,3497,Aventure,21,Tempéré,Bali
28,3841,Aventure,5,Froid,Paris
44,2964,Nature,24,Tempéré,Rio de Janeiro
64,2610,Plage,22,Froid,Bali
51,2580,Culture,6,Froid,Londres
61,4602,Plage,14,Froid,Bali
36,2543,Ville,2,Chaud,Le Caire
30,1393,Aventure,8,Froid,Londres
43,4568,Ville,11,Tempéré,Tokyo
54,2238,Nature,9,Tempéré,Bali
30,3792,Culture,6,Tempéré,New York
37,1873,Culture,24,Tempéré,Rio de Janeiro
37,3906,Ville,27,Chaud,Le Caire
58,751,Ville,7,Froid,Barcelone
52,1822,Nature,18,Chaud,Paris
45,3487,Culture,12,Chaud,Barcelone
25,3422,Culture,15,Tempéré,Paris
27,4343,Culture,13,Froid,Paris
55,2218,Ville,26,Tempéré,Rio de Janeiro
63,1952,Aventure,9,Chaud,Le Caire
54,4570,Ville,17,Froid,Barcelone
68,4810,Plage,3,Froid,Rome
41,3320,Culture,29,Froid,Sydney
43,4635,Culture,4,Tempéré,New York
62,3905,Plage,29,Tempéré,Tokyo
56,4062,Nature,16,Chaud,Le Caire
27,3660,Aventure,21,Froid,Londres
40,4925,Ville,4,Tempéré,Barcelone
28,655,Culture,9,Tempéré,Bali
35,1978,Culture,20,Tempéré,Bali
39,1281,Plage,7,Froid,Tokyo
25,3562,Ville,11,Chaud,Tokyo
35,3983,Ville,22,Tempéré,Tokyo
39,3459,Aventure,13,Tempéré,Sydney
50,3478,Culture,13,Chaud,Le Caire
20,638,Plage,10,Tempéré,Londres
36,885,Plage,24,Chaud,Sydney
27,4154,Aventure,7,Tempéré,Bali
45,1654,Nature,15,Tempéré,Tokyo
64,3321,Aventure,5,Chaud,Rio de Janeiro
46,1433,Ville,10,Chaud,Rio de Janeiro
28,3071,Ville,9,Chaud,Le Caire
42,2863,Aventure,5,Tempéré,Bali
48,2061,Culture,14,Froid,Paris
32,2156,Nature,6,Chaud,Barcelone
63,2663,Aventure,13,Chaud,Paris
61,641,Aventure,20,Chaud,Tokyo
47,2089,Plage,29,Chaud,Rio de Janeiro
63,1627,Ville,28,Froid,Londres
58,682,Culture,19,Chaud,New York
23,1326,Nature,27,Tempéré,Paris
23,2443,Ville,5,Tempéré,Le Caire
66,2313,Culture,21,Froid,Londres
59,3024,Plage,11,Tempéré,Tokyo
45,1062,Nature,9,Chaud,Tokyo
55,1876,Culture,19,Froid,New York
19,1045,Plage,16,Froid,Rio de Janeiro
27,4993,Culture,4,Froid,Rome
33,1431,Plage,16,Froid,New York
25,4101,Aventure,20,Chaud,Tokyo
67,4975,Aventure,4,Tempéré,Barcelone
56,2438,Culture,4,Chaud,Sydney
28,1415,Plage,17,Tempéré,Barcelone
30,851,Aventure,2,Chaud,Sydney
19,4862,Nature,23,Chaud,New York
26,1783,Nature,12,Tempéré,Rio de Janeiro
66,1801,Nature,2,Tempéré,Barcelone
48,4345,Plage,28,Tempéré,Rome
42,1102,Culture,23,Tempéré,Rome
21,1559,Ville,13,Chaud,Barcelone
69,2400,Culture,27,Chaud,Sydney
62,1543,Nature,23,Chaud,Tokyo
56,4286,Ville,19,Froid,Le Caire
49,4735,Plage,28,Tempéré,Tokyo
37,3111,Culture,9,Froid,Rome
43,4889,Aventure,29,Froid,Londres
64,2756,Plage,17,Froid,Le Caire
59,1258,Aventure,21,Chaud,Rome
50,2267,Culture,22,Tempéré,New York
55,1517,Culture,5,Chaud,Sydney
64,749,Plage,27,Chaud,Sydney
33,4950,Ville,17,Chaud,Bali
37,4963,Ville,19,Tempéré,Rio de Janeiro
32,3487,Plage,20,Chaud,New York
22,3251,Aventure,24,Froid,Tokyo
53,1235,Plage,28,Tempéré,Barcelone
54,1430,Culture,5,Froid,Sydney
54,1735,Culture,29,Froid,Bali
59,4974,Culture,15,Tempéré,Rio de Janeiro
33,876,Nature,23,Tempéré,New York
24,4723,Nature,9,Froid,Rome
63,4048,Aventure,29,Chaud,Rome
45,4059,Nature,18,Tempéré,Rio de Janeiro
48,4082,Culture,22,Froid,New York
26,1928,Culture,7,Tempéré,New York
61,2795,Aventure,7,Chaud,Rio de Janeiro
19,2082,Culture,6,Tempéré,Barcelone
37,993,Nature,2,Froid,Sydney
20,3368,Culture,10,Tempéré,Rio de Janeiro
21,728,Aventure,15,Chaud,Barcelone
23,1352,Ville,2,Tempéré,Rome
52,3492,Nature,13,Tempéré,Tokyo
35,2855,Aventure,20,Tempéré,Sydney
29,828,Ville,21,Froid,Le Caire
46,507,Ville,27,Tempéré,New York
19,2706,Aventure,8,Chaud,Londres
29,2645,Culture,11,Chaud,Paris
39,2080,Ville,17,Chaud,Rio de Janeiro
47,4433,Ville,22,Chaud,Bali
43,3119,Culture,3,Tempéré,Bali
53,3377,Culture,11,Chaud,Londres
58,2303,Nature,29,Chaud,Rio de Janeiro
43,728,Aventure,14,Tempéré,Bali
39,1539,Plage,17,Froid,New York
56,2039,Nature,10,Chaud,New York
50,4629,Plage,8,Froid,Le Caire
57,964,Nature,7,Tempéré,Paris
68,4466,Plage,6,Chaud,Barcelone
67,2687,Ville,18,Froid,Rome
34,3279,Nature,17,Chaud,Sydney
37,2782,Plage,12,Tempéré,Bali
37,3056,Plage,12,Froid,Sydney
31,4751,Aventure,21,Tempéré,Bali
35,4989,Culture,7,Froid,Barcelone
44,566,Ville,26,Froid,Sydney
24,4816,Nature,29,Chaud,Paris
39,523,Aventure,12,Froid,Barcelone
35,1049,Plage,3,Tempéré,Barcelone
68,4732,Ville,22,Tempéré,Tokyo
29,1282,Culture,8,Chaud,Rome
66,2009,Ville,4,Froid,Rome
30,2719,Culture,25,Chaud,Rome
19,1699,Culture,24,Chaud,Rome
67,4912,Aventure,19,Chaud,Rio de Janeiro
61,2107,Ville,6,Chaud,Paris
42,4818,Aventure,28,Chaud,Tokyo
21,3615,Plage,12,Chaud,New York
58,969,Plage,12,Froid,Sydney
33,1783,Plage,2,Froid,Paris
68,4532,Culture,11,Tempéré,Le Caire
35,3333,Culture,10,Tempéré,Londres
35,1443,Nature,18,Froid,Tokyo
44,3847,Aventure,15,Tempéré,New York
41,3681,Plage,7,Tempéré,Rio de Janeiro
34,1175,Culture,24,Chaud,Tokyo
38,1187,Ville,26,Chaud,Londres
23,4301,Nature,5,Tempéré,Le Caire
45,512,Culture,2,Froid,Rome
43,1075,Nature,6,Froid,Rome
69,3811,Ville,26,Froid,Bali
43,881,Aventure,26,Tempéré,Tokyo
42,4720,Culture,16,Froid,Tokyo
52,3411,Culture,5,Chaud,Tokyo
50,4676,Aventure,27,Froid,New York
28,2715,Culture,26,Tempéré,Sydney
30,4253,Culture,27,Chaud,New York
63,1415,Aventure,24,Froid,Londres
22,1154,Plage,24,Chaud,Bali
39,1684,Ville,20,Tempéré,Rio de Janeiro
52,3852,Ville,17,Froid,Tokyo
23,3133,Nature,25,Tempéré,Rome
26,2432,Culture,15,Tempéré,Le Caire
68,4408,Culture,27,Chaud,Sydney
56,2383,Aventure,20,Chaud,Bali
43,4070,Culture,7,Froid,Bali
61,2092,Culture,23,Tempéré,Sydney
64,992,Culture,22,Tempéré,Sydney
37,2685,Ville,22,Chaud,Le Caire
28,1241,Culture,4,Froid,New York
67,2633,Plage,28,Tempéré,Rio de Janeiro
34,2468,Nature,15,Froid,Tokyo
42,3660,Plage,9,Froid,Rio de Janeiro
66,4482,Plage,23,Tempéré,New York
60,3510,Aventure,3,Tempéré,New York
38,2616,Aventure,12,Tempéré,Rio de Janeiro
41,2451,Culture,8,Chaud,Rome
58,1979,Plage,24,Tempéré,Barcelone
32,1335,Ville,14,Tempéré,Rome
25,4974,Culture,26,Froid,New York
53,1445,Nature,13,Chaud,Barcelone
57,3820,Plage,8,Tempéré,Barcelone
67,4261,Culture,15,Chaud,New York
55,820,Ville,5,Chaud,Rio de Janeiro
47,3460,Plage,11,Chaud,Sydney
34,2190,Aventure,5,Tempéré,Tokyo
43,4048,Aventure,15,Chaud,Barcelone
26,4907,Ville,26,Froid,Le Caire
52,2291,Culture,28,Chaud,Bali
54,4565,Aventure,22,Froid,Barcelone
23,3001,Plage,23,Tempéré,New York
19,1692,Plage,29,Chaud,Le Caire
53,1471,Ville,25,Tempéré,Rio de Janeiro
69,2835,Ville,3,Froid,Le Caire
26,2562,Ville,23,Chaud,Bali
25,2731,Nature,23,Chaud,Rio de Janeiro
41,596,Nature,19,Tempéré,Londres
51,1146,Culture,26,Froid,Rio de Janeiro
64,1327,Nature,8,Tempéré,Londres
23,3658,Nature,5,Tempéré,Le Caire
20,1326,Plage,25,Tempéré,Bali
31,1579,Culture,23,Tempéré,Rio de Janeiro
51,3668,Nature,19,Tempéré,Rome
69,4509,Plage,10,Froid,Tokyo
49,2746,Nature,2,Chaud,Rio de Janeiro
44,3576,Culture,17,Chaud,Bali
46,1982,Ville,11,Tempéré,Tokyo
33,2943,Ville,2,Froid,New York
37,4821,Culture,27,Tempéré,Rome
40,3535,Plage,27,Froid,Bali
35,671,Plage,7,Chaud,Le Caire
36,3207,Aventure,5,Tempéré,Paris
57,863,Culture,4,Chaud,New York
40,4121,Ville,24,Tempéré,Le Caire
31,1987,Culture,5,Froid,Londres
26,3444,Ville,11,Tempéré,Rome
24,2223,Plage,25,Tempéré,Paris
67,1193,Aventure,23,Tempéré,Bali
32,3894,Nature,11,Froid,Paris
59,3832,Aventure,22,Froid,New York
55,1297,Culture,29,Tempéré,Paris
19,2709,Ville,2,Froid,New York
23,1045,Culture,18,Chaud,Barcelone
25,4264,Culture,27,Chaud,Sydney
63,853,Plage,12,Tempéré,Rome
52,3612,Aventure,22,Chaud,Barcelone
19,2155,Aventure,26,Tempéré,Bali
62,2646,Aventure,14,Chaud,Tokyo
39,4010,Culture,26,Chaud,Bali
60,2462,Aventure,16,Tempéré,Rome
20,4291,Culture,25,Froid,Sydney
19,4238,Ville,19,Froid,Rio de Janeiro
35,1974,Nature,4,Froid,Paris
54,2224,Nature,9,Tempéré,Le Caire
57,2638,Nature,4,Tempéré,Londres
57,1237,Aventure,11,Chaud,New York
57,2388,Ville,7,Tempéré,New York
68,3112,Plage,15,Froid,Londres
57,2921,Culture,10,Froid,Tokyo
36,4011,Aventure,21,Tempéré,Sydney
45,1664,Plage,11,Tempéré,Barcelone
28,1395,Aventure,10,Tempéré,New York
61,4174,Nature,9,Froid,Londres
58,1844,Ville,3,Froid,Tokyo
53,2066,Aventure,25,Tempéré,Rio de Janeiro
66,522,Aventure,24,Chaud,New York
34,2965,Plage,18,Froid,Barcelone
50,3105,Aventure,27,Chaud,Tokyo
68,3631,Culture,16,Tempéré,Tokyo
66,3004,Culture,22,Tempéré,Rome
24,868,Ville,3,Tempéré,Bali
49,4739,Nature,19,Froid,Rio de Janeiro
64,4732,Aventure,20,Froid,Bali
61,1891,Culture,2,Chaud,Le Caire
44,1647,Plage,26,Chaud,New York
48,2122,Aventure,27,Froid,Sydney
45,3899,Culture,23,Chaud,Paris
30,2805,Culture,16,Tempéré,New York
42,2856,Nature,12,Tempéré,Paris
66,1689,Nature,25,Tempéré,Barcelone
21,1189,Nature,16,Tempéré,Le Caire
31,4816,Ville,14,Tempéré,Sydney
33,4239,Culture,20,Froid,Bali
60,3748,Ville,25,Tempéré,Londres
30,2311,Nature,20,Chaud,Le Caire
60,3290,Plage,11,Froid,Rome
38,1210,Culture,22,Tempéré,Barcelone
59,1765,Ville,10,Chaud,Sydney
52,3777,Ville,12,Chaud,Paris
36,1121,Nature,6,Tempéré,Sydney
58,3473,Culture,23,Chaud,Tokyo
26,1193,Ville,8,Tempéré,New York
32,2812,Nature,8,Chaud,Bali
26,4947,Nature,18,Tempéré,Le Caire
48,3309,Nature,27,Froid,New York
33,2612,Culture,19,Tempéré,Barcelone
35,1012,Ville,18,Tempéré,Rio de Janeiro
42,1011,Nature,19,Chaud,Rome
20,2182,Ville,7,Chaud,Rome
35,3282,Culture,5,Froid,Paris
50,4385,Plage,6,Chaud,Barcelone
58,3664,Ville,27,Froid,New York
35,1761,Nature,24,Froid,Londres
19,3878,Aventure,5,Chaud,Bali
37,1837,Plage,7,Tempéré,Tokyo
25,4505,Ville,27,Tempéré,Le Caire
19,2395,Nature,7,Tempéré,Rome
43,4040,Culture,22,Froid,Bali
63,1652,Culture,21,Chaud,New York
46,4647,Aventure,6,Froid,Londres
63,2487,Nature,10,Tempéré,Barcelone
65,4753,Culture,7,Tempéré,Rio de Janeiro
37,3752,Nature,23,Chaud,Sydney
67,4499,Nature,3,Froid,New York
56,993,Ville,19,Tempéré,New York
64,1777,Nature,14,Tempéré,Sydney
32,3613,Nature,27,Chaud,Le Caire
20,3551,Nature,4,Froid,Rome
63,1693,Aventure,7,Chaud,Tokyo
25,667,Aventure,24,Chaud,Rome
34,1105,Ville,22,Tempéré,New York
46,4267,Nature,16,Chaud,Barcelone
25,824,Ville,29,Froid,Paris
24,4920,Culture,24,Tempéré,Londres
44,2296,Nature,6,Chaud,Le Caire
26,2114,Nature,25,Froid,Sydney
59,1837,Culture,26,Tempéré,Le Caire
41,4384,Culture,24,Froid,Bali
45,1809,Aventure,14,Chaud,Le Caire
29,1799,Nature,14,Chaud,Rome
20,4184,Aventure,4,Froid,Bali
55,569,Ville,23,Froid,Bali
22,2088,Nature,24,Froid,Barcelone
22,1499,Culture,21,Chaud,Bali
46,4738,Aventure,16,Chaud,Sydney
27,3600,Culture,13,Chaud,Bali
19,4488,Aventure,21,Froid,Paris
29,2356,Nature,10,Chaud,Barcelone
56,3424,Ville,17,Tempéré,Tokyo
41,856,Culture,10,Chaud,New York
62,3095,Plage,4,Tempéré,Bali
48,914,Plage,17,Tempéré,Rio de Janeiro
68,3338,Nature,11,Tempéré,Paris
26,2796,Culture,29,Chaud,Sydney
46,1782,Nature,2,Tempéré,New York
29,4454,Ville,25,Tempéré,Tokyo
60,2394,Aventure,28,Tempéré,Londres
50,4570,Ville,10,Chaud,Le Caire
38,2183,Culture,19,Tempéré,New York
50,2496,Nature,11,Chaud,Rio de Janeiro
60,4472,Nature,28,Tempéré,Tokyo
55,1862,Culture,27,Froid,Rio de Janeiro
20,2305,Culture,4,Chaud,Tokyo
56,1951,Culture,10,Chaud,Londres
36,2604,Plage,22,Tempéré,Rome
54,1224,Nature,23,Tempéré,Barcelone
57,2253,Aventure,22,Chaud,Londres
23,836,Ville,12,Tempéré,Barcelone
30,2833,Nature,29,Chaud,Londres
63,3996,Nature,8,Froid,Le Caire
20,4639,Nature,28,Chaud,Paris
66,2164,Plage,29,Chaud,New York
55,2553,Nature,21,Chaud,Tokyo
66,1450,Culture,29,Chaud,Rio de Janeiro
18,3659,Nature,20,Chaud,Paris
29,2518,Nature,20,Chaud,New York
46,1502,Nature,6,Froid,Paris
51,3411,Aventure,4,Froid,Rio de Janeiro
58,1890,Aventure,12,Froid,Le Caire
56,1900,Culture,23,Chaud,Barcelone
58,3666,Ville,8,Froid,Le Caire
65,2544,Ville,4,Chaud,Rio de Janeiro
29,2847,Culture,24,Froid,Sydney
18,784,Plage,12,Chaud,Rio de Janeiro
59,2105,Aventure,26,Froid,New York
43,1635,Ville,29,Chaud,Le Caire
19,4200,Culture,5,Tempéré,Le Caire
32,2993,Nature,8,Chaud,Barcelone
65,2379,Plage,20,Tempéré,Barcelone
67,3970,Nature,7,Chaud,Paris
28,975,Aventure,27,Froid,Paris
46,3989,Plage,26,Chaud,Sydney
68,1269,Culture,22,Chaud,Bali
69,4750,Culture,26,Tempéré,Tokyo
30,2007,Aventure,13,Froid,Bali
47,3594,Aventure,21,Tempéré,Le Caire
67,902,Ville,16,Chaud,Sydney
54,1453,Ville,13,Tempéré,Le Caire
62,2059,Nature,24,Chaud,Rio de Janeiro
63,3000,Culture,29,Tempéré,Bali
57,2417,Aventure,23,Chaud,Barcelone
57,1303,Ville,4,Tempéré,Londres
37,4880,Plage,18,Tempéré,Tokyo
21,3453,Culture,26,Chaud,Londres
56,2866,Ville,18,Tempéré,Sydney
69,758,Plage,18,Froid,Paris
21,3483,Culture,13,Tempéré,Sydney
41,1309,Nature,19,Tempéré,Paris
47,1464,Culture,27,Tempéré,Tokyo
23,3583,Plage,15,Tempéré,Bali
69,2291,Plage,27,Chaud,Paris
63,4976,Culture,29,Froid,Sydney
66,4889,Aventure,6,Froid,Barcelone
62,4127,Aventure,27,Chaud,Tokyo
69,3036,Plage,13,Chaud,Tokyo
21,3230,Culture,14,Froid,Londres
66,1696,Nature,29,Froid,Bali
61,3000,Culture,23,Tempéré,Londres
68,4585,Aventure,17,Chaud,Paris
34,3224,Ville,8,Froid,Bali
38,765,Aventure,9,Tempéré,Londres
60,1997,Culture,24,Tempéré,Londres
65,1818,Culture,2,Tempéré,Tokyo
42,4486,Nature,6,Froid,Paris
32,3993,Ville,10,Chaud,Londres
68,3620,Plage,25,Chaud,Paris
26,1799,Nature,26,Froid,Tokyo
54,1678,Nature,9,Tempéré,Paris
42,1918,Culture,15,Chaud,Paris
47,1742,Aventure,4,Chaud,Rio de Janeiro
62,4061,Plage,17,Chaud,Londres
62,4128,Nature,12,Chaud,Rome
67,3268,Culture,20,Froid,Barcelone
20,3181,Culture,8,Froid,Rome
53,3234,Nature,13,Chaud,Barcelone
23,2384,Nature,17,Chaud,Sydney
59,4738,Plage,3,Tempéré,Rome
66,2703,Culture,5,Chaud,Barcelone
29,4441,Ville,11,Chaud,Londres
64,4078,Plage,16,Froid,Bali
21,1761,Aventure,23,Chaud,Tokyo
42,654,Nature,28,Tempéré,Barcelone
62,1632,Nature,9,Chaud,Paris
69,573,Culture,29,Froid,Rio de Janeiro
26,867,Nature,15,Chaud,Londres
23,1653,Aventure,26,Froid,Paris
46,600,Plage,20,Tempéré,Bali
67,4661,Plage,4,Froid,Sydney
54,3357,Ville,29,Chaud,Barcelone
25,821,Culture,15,Froid,Londres
48,1188,Plage,28,Froid,Paris
66,1352,Nature,16,Tempéré,Tokyo
56,3702,Nature,7,Chaud,Sydney
38,4844,Nature,22,Chaud,Londres
35,2256,Culture,27,Froid,New York
35,3060,Ville,12,Tempéré,Le Caire
25,4584,Culture,4,Tempéré,Tokyo
42,1953,Plage,7,Tempéré,Bali
23,4826,Ville,15,Froid,Bali
19,974,Nature,11,Tempéré,Sydney
64,3468,Aventure,13,Froid,Paris
57,2886,Aventure,24,Chaud,Paris
58,1108,Culture,27,Tempéré,New York
50,1043,Plage,11,Tempéré,Le Caire
28,4452,Nature,20,Tempéré,Rio de Janeiro
40,4579,Ville,24,Tempéré,New York
57,4992,Ville,27,Froid,Tokyo
19,4558,Ville,3,Chaud,Barcelone
58,3234,Plage,16,Froid,Rome
49,1977,Nature,5,Tempéré,Bali
55,1895,Ville,18,Chaud,Le Caire
41,4740,Nature,14,Chaud,Rio de Janeiro
63,2287,Ville,3,Chaud,Barcelone
18,2394,Plage,29,Froid,Le Caire
37,977,Aventure,18,Froid,Sydney
19,2087,Ville,16,Chaud,Rome
59,2482,Nature,16,Froid,Tokyo
61,4803,Nature,4,Chaud,Londres
26,3061,Culture,26,Chaud,Sydney
25,618,Aventure,25,Tempéré,Paris
51,3710,Nature,16,Chaud,Tokyo
62,1606,Plage,15,Froid,Rio de Janeiro
51,816,Plage,8,Chaud,Rio de Janeiro
67,4593,Nature,9,Chaud,Tokyo
69,3306,Ville,14,Tempéré,Tokyo
63,2917,Nature,9,Tempéré,Londres
60,4024,Aventure,29,Froid,Londres
21,2381,Culture,12,Froid,Paris
60,3173,Ville,7,Chaud,Rio de Janeiro
24,3778,Ville,10,Froid,Londres
53,4809,Culture,15,Froid,Sydney
43,2857,Aventure,17,Tempéré,Sydney
22,1038,Aventure,8,Froid,Sydney
68,2588,Plage,27,Froid,Londres
45,1354,Culture,24,Froid,Paris
43,2098,Culture,17,Froid,Tokyo
34,1702,Aventure,11,Chaud,Rio de Janeiro
53,698,Culture,12,Chaud,Tokyo
39,3097,Aventure,10,Tempéré,Barcelone
23,3483,Aventure,11,Froid,New York
28,2174,Ville,14,Chaud,Rio de Janeiro
61,4151,Aventure,12,Froid,Rio de Janeiro
23,2036,Culture,29,Froid,Rome
30,633,Aventure,6,Chaud,New York
51,864,Culture,13,Tempéré,Tokyo
39,2844,Culture,21,Tempéré,Bali
21,2271,Nature,6,Tempéré,Bali
66,4139,Nature,22,Froid,New York
49,3932,Plage,11,Froid,Sydney
45,4374,Culture,19,Chaud,Le Caire
47,4556,Ville,18,Froid,Rio de Janeiro
68,3174,Plage,13,Froid,New York
35,652,Plage,20,Froid,Barcelone
59,2253,Culture,14,Froid,Londres
33,2105,Plage,24,Tempéré,Le Caire
41,2198,Aventure,27,Froid,Rome
52,1995,Plage,7,Chaud,Rio de Janeiro
42,3272,Ville,9,Tempéré,Sydney
55,952,Aventure,13,Tempéré,New York
25,4170,Ville,2,Froid,Paris
61,1406,Culture,4,Tempéré,Tokyo
28,4866,Aventure,27,Chaud,Rio de Janeiro
51,2029,Aventure,12,Froid,Barcelone
41,2683,Culture,19,Tempéré,Rio de Janeiro
30,3600,Ville,18,Froid,Sydney
42,3091,Plage,12,Froid,Sydney
23,552,Ville,26,Froid,Rome
29,820,Aventure,29,Tempéré,Rome
19,3073,Plage,2,Froid,Le Caire
55,3180,Plage,11,Tempéré,Londres
31,2214,Nature,7,Chaud,Sydney
28,1583,Ville,17,Froid,Rio de Janeiro
25,1758,Aventure,24,Tempéré,Bali
24,3529,Aventure,20,Chaud,Paris
58,3253,Aventure,5,Froid,Barcelone
51,1191,Aventure,16,Froid,Rome
42,1971,Ville,7,Tempéré,Sydney
24,2050,Ville,17,Chaud,Le Caire
56,1775,Culture,29,Froid,Sydney
42,4430,Plage,20,Tempéré,Londres
18,2750,Plage,3,Chaud,New York
20,2484,Aventure,15,Tempéré,New York
45,884,Ville,5,Tempéré,Paris
64,4238,Ville,8,Froid,Bali
40,1223,Ville,2,Chaud,Rio de Janeiro
53,2508,Ville,24,Froid,Rome
63,1091,Plage,29,Froid,Rio de Janeiro
39,3654,Aventure,24,Tempéré,Barcelone
26,4309,Nature,16,Tempéré,Barcelone
31,2166,Aventure,24,Chaud,Rio de Janeiro
27,3091,Plage,14,Tempéré,Barcelone
27,4748,Culture,10,Tempéré,Sydney
35,1406,Culture,8,Froid,Londres
69,1676,Aventure,7,Froid,Rio de Janeiro
23,1297,Ville,17,Tempéré,Barcelone
30,3870,Plage,2,Tempéré,Londres
26,3960,Culture,16,Froid,New York
52,4629,Aventure,7,Froid,Bali
28,1638,Ville,9,Froid,Rio de Janeiro
30,3509,Aventure,28,Froid,Londres
57,2222,Nature,29,Chaud,Rome
21,2805,Aventure,3,Tempéré,Tokyo
56,3167,Ville,20,Froid,Barcelone
42,1399,Plage,13,Froid,Sydney
21,4932,Nature,14,Froid,Barcelone
55,1844,Culture,11,Tempéré,Paris
33,4961,Ville,16,Froid,Tokyo
50,3300,Plage,22,Froid,Rio de Janeiro
41,1063,Nature,5,Tempéré,Tokyo
32,1489,Nature,3,Chaud,Barcelone
19,1703,Ville,9,Chaud,Londres
59,1058,Culture,10,Tempéré,Rome
22,733,Plage,11,Froid,Rio de Janeiro
26,4019,Aventure,15,Tempéré,New York
49,1240,Aventure,29,Chaud,Paris
28,1638,Nature,25,Tempéré,Tokyo
66,3929,Culture,6,Froid,Le Caire
26,3487,Nature,16,Tempéré,Rome
60,4572,Culture,24,Tempéré,Bali
57,4260,Nature,16,Froid,New York
29,4307,Culture,8,Chaud,Bali
58,1684,Nature,10,Tempéré,Sydney
19,830,Ville,23,Chaud,Rome
63,1500,Ville,22,Froid,Sydney
21,2634,Nature,11,Tempéré,Bali
37,604,Plage,6,Chaud,Rome
21,4499,Ville,5,Tempéré,Paris
53,4878,Plage,21,Froid,Tokyo
30,1317,Ville,6,Tempéré,Paris
25,4332,Culture,21,Tempéré,Sydney
29,2887,Plage,10,Chaud,Rio de Janeiro
52,4269,Culture,10,Chaud,Sydney
20,979,Nature,2,Chaud,Paris
47,1077,Plage,22,Tempéré,Londres
49,4688,Ville,5,Froid,Le Caire
51,2744,Culture,6,Chaud,Sydney
61,4747,Plage,25,Froid,Tokyo
58,2723,Nature,15,Froid,Bali
25,3144,Culture,24,Froid,Tokyo
54,1243,Aventure,15,Chaud,New York
22,4018,Culture,21,Froid,Rome
22,1891,Nature,8,Chaud,Rome
38,1933,Aventure,26,Chaud,Bali
30,4430,Aventure,14,Chaud,Bali
22,4447,Aventure,3,Chaud,Paris
45,2821,Ville,24,Tempéré,Londres
44,3572,Culture,17,Tempéré,Rome
41,1015,Culture,20,Froid,Rio de Janeiro
28,3804,Plage,15,Chaud,Le Caire
41,4961,Plage,22,Chaud,Le Caire
62,4608,Culture,16,Tempéré,Paris
54,2124,Plage,12,Froid,Le Caire
51,4617,Culture,29,Chaud,Sydney
24,3718,Plage,4,Tempéré,Londres
28,709,Nature,15,Tempéré,Le Caire
53,1976,Aventure,7,Chaud,Sydney
56,1960,Nature,6,Chaud,Sydney
29,4641,Ville,26,Chaud,Londres
23,545,Nature,18,Froid,New York
27,4876,Nature,10,Froid,New York
19,4477,Culture,3,Froid,Barcelone
37,3549,Nature,3,Chaud,Rome
35,2780,Nature,25,Froid,Tokyo
39,1222,Culture,24,Froid,Rio de Janeiro
27,2902,Ville,19,Froid,Paris
49,1968,Ville,6,Tempéré,Rio de Janeiro
56,4164,Ville,6,Chaud,Londres
56,3664,Plage,3,Tempéré,Bali
56,3201,Aventure,12,Tempéré,Rio de Janeiro
38,2255,Nature,22,Tempéré,Bali
54,4941,Culture,15,Tempéré,Bali
36,3874,Nature,24,Chaud,Barcelone
40,4127,Nature,10,Froid,Rio de Janeiro
34,3579,Culture,9,Froid,Rio de Janeiro
49,2045,Culture,22,Chaud,Barcelone
37,610,Ville,12,Froid,Le Caire
62,2050,Plage,27,Tempéré,Le Caire
61,3356,Nature,28,Chaud,Londres
20,4026,Plage,7,Froid,Sydney
19,4713,Culture,26,Froid,Paris
60,4778,Nature,2,Tempéré,Rome
54,546,Plage,5,Chaud,Paris
55,3474,Plage,28,Tempéré,Londres
31,1360,Nature,20,Chaud,Paris
40,3468,Ville,25,Tempéré,New York
22,2141,Ville,14,Froid,Rome
48,4656,Nature,26,Chaud,Bali
60,2239,Aventure,13,Chaud,Bali
28,1517,Ville,17,Froid,Rome
19,854,Aventure,15,Tempéré,Rio de Janeiro
33,1705,Nature,23,Tempéré,Tokyo
21,3600,Aventure,8,Tempéré,Londres
38,708,Aventure,4,Froid,Rome
20,4944,Culture,3,Froid,Bali
19,2109,Aventure,8,Tempéré,Londres
58,1120,Nature,25,Tempéré,Tokyo
69,3569,Culture,17,Tempéré,Le Caire
61,2874,Ville,6,Tempéré,Londres
34,3090,Culture,13,Tempéré,Tokyo
34,1847,Culture,14,Tempéré,Le Caire
40,792,Plage,12,Chaud,New York
24,3669,Culture,20,Chaud,Le Caire
60,2239,Nature,20,Froid,Londres
57,2723,Ville,14,Chaud,Paris
47,4805,Ville,18,Tempéré,Bali
54,3197,Plage,18,Froid,Paris
58,3501,Plage,10,Tempéré,Le Caire
63,2202,Plage,7,Froid,Rome
61,4902,Ville,5,Chaud,Londres
62,1537,Culture,6,Tempéré,Rio de Janeiro
41,4432,Culture,15,Chaud,Sydney
36,1445,Plage,12,Tempéré,Bali
38,2097,Culture,18,Chaud,Paris
25,2116,Ville,21,Tempéré,Barcelone
43,718,Plage,27,Chaud,Tokyo
58,2897,Culture,19,Froid,Paris
69,1989,Nature,12,Froid,New York
56,3625,Aventure,17,Tempéré,Sydney
52,4016,Plage,20,Tempéré,Barcelone
39,2187,Nature,20,Froid,New York
19,1463,Aventure,23,Froid,Rio de Janeiro
61,4919,Ville,7,Chaud,Le Caire
43,2406,Culture,28,Froid,Sydney
57,1253,Plage,9,Tempéré,Barcelone
67,4095,Culture,6,Chaud,Barcelone
55,2447,Aventure,14,Froid,Tokyo
63,3732,Aventure,9,Tempéré,Rome
18,4593,Nature,6,Froid,Paris
57,4696,Culture,22,Chaud,Bali
67,1108,Culture,17,Chaud,Rome
22,3832,Ville,11,Chaud,Tokyo
68,3255,Nature,14,Froid,Barcelone
40,3080,Ville,17,Froid,Rio de Janeiro
45,1623,Ville,8,Chaud,Rio de Janeiro
22,1820,Nature,23,Chaud,Rio de Janeiro
62,4797,Aventure,9,Chaud,Tokyo
63,1852,Ville,25,Froid,Rome
44,4277,Aventure,25,Tempéré,Bali
66,2260,Nature,21,Tempéré,Rome
28,592,Culture,12,Froid,New York
63,3259,Ville,19,Tempéré,Le Caire
60,3934,Nature,17,Chaud,Paris
63,2909,Plage,21,Froid,Barcelone
52,1442,Plage,23,Chaud,New York
47,3228,Nature,10,Tempéré,New York
69,2091,Ville,5,Chaud,New York
25,3550,Aventure,28,Chaud,Tokyo
53,3869,Nature,23,Froid,Bali
56,1812,Nature,6,Froid,Sydney
35,4192,Plage,16,Froid,Sydney
59,2727,Plage,21,Chaud,Le Caire
65,4582,Nature,15,Froid,New York
40,3374,Ville,7,Froid,New York
44,4806,Culture,13,Tempéré,Sydney
30,605,Plage,9,Froid,Barcelone
30,2048,Plage,14,Tempéré,New York
39,4051,Nature,20,Chaud,Tokyo
69,4087,Ville,18,Froid,Rome
60,1214,Aventure,11,Tempéré,Rome
64,1749,Plage,21,Chaud,New York
51,4742,Ville,13,Tempéré,Le Caire
20,4397,Nature,15,Tempéré,Barcelone
57,3000,Aventure,20,Tempéré,Sydney
34,1783,Ville,3,Chaud,Bali
25,3403,Nature,5,Tempéré,Tokyo
68,2134,Culture,2,Froid,Londres
66,3742,Culture,18,Tempéré,Rio de Janeiro
28,507,Ville,20,Tempéré,Rome
52,1099,Culture,22,Tempéré,Le Caire
69,2838,Aventure,13,Tempéré,Rio de Janeiro
46,2483,Aventure,7,Chaud,Barcelone
22,4736,Ville,23,Froid,Rome
47,1660,Plage,29,Froid,Sydney
68,3574,Ville,12,Chaud,Paris
60,4823,Nature,14,Chaud,Le Caire
58,3235,Nature,23,Chaud,Bali
62,2502,Ville,26,Chaud,Barcelone
19,3558,Plage,19,Froid,Rome
56,3594,Ville,14,Tempéré,Bali
22,1950,Nature,6,Tempéré,New York
65,1453,Plage,15,Froid,Rio de Janeiro
52,1760,Plage,19,Tempéré,Barcelone
45,4205,Nature,29,Froid,Rio de Janeiro
54,4552,Aventure,25,Chaud,Tokyo
49,2309,Plage,11,Tempéré,Bali
64,1990,Aventure,10,Chaud,Paris
65,4980,Nature,10,Froid,Sydney
38,3777,Aventure,2,Tempéré,New York
63,1955,Nature,11,Chaud,Rio de Janeiro
25,1598,Ville,5,Tempéré,Le Caire
20,4745,Nature,21,Chaud,Bali
65,3164,Ville,24,Froid,Le Caire
68,4928,Culture,19,Chaud,Paris
47,2984,Culture,29,Chaud,Tokyo
27,3920,Plage,17,Tempéré,Sydney
27,4818,Culture,11,Chaud,Londres
45,2146,Aventure,25,Chaud,Paris
55,2476,Ville,29,Chaud,Le Caire
33,1210,Ville,11,Froid,Rome
30,4306,Aventure,29,Tempéré,Rome
66,3666,Plage,19,Tempéré,Sydney
28,3577,Ville,25,Tempéré,Tokyo
28,3517,Plage,6,Tempéré,Barcelone
58,618,Culture,28,Froid,Rio de Janeiro
62,2370,Nature,24,Tempéré,Londres
66,2074,Plage,11,Chaud,Barcelone
58,3538,Nature,19,Chaud,Paris
35,1166,Aventure,23,Tempéré,Barcelone
45,4693,Ville,2,Froid,Sydney
46,4443,Plage,8,Chaud,Tokyo
35,1232,Ville,14,Chaud,Barcelone
41,923,Aventure,17,Froid,Sydney
52,4020,Nature,6,Chaud,Le Caire
31,1164,Ville,25,Froid,Rome
22,3321,Ville,15,Tempéré,Rio de Janeiro
40,1892,Culture,27,Froid,Rio de Janeiro
29,3289,Culture,2,Chaud,Rome
44,545,Nature,23,Tempéré,Rio de Janeiro
27,4658,Nature,28,Chaud,Bali
31,2035,Nature,27,Tempéré,Le Caire
67,1754,Culture,15,Chaud,Londres
41,3825,Ville,3,Tempéré,Le Caire
52,2755,Nature,18,Tempéré,Tokyo
19,1967,Culture,21,Tempéré,Rome
64,881,Aventure,3,Chaud,Rio de Janeiro
23,4650,Plage,19,Chaud,Barcelone
22,1145,Plage,24,Chaud,Rome
59,526,Aventure,12,Chaud,Paris
52,3947,Nature,18,Froid,New York
59,1752,Nature,22,Chaud,Rio de Janeiro
29,1169,Plage,24,Chaud,Sydney
45,2280,Culture,26,Chaud,Rio de Janeiro
48,4523,Nature,18,Froid,Rio de Janeiro
20,1979,Aventure,28,Tempéré,Sydney
66,3139,Aventure,25,Froid,New York
30,4884,Nature,20,Chaud,Rio de Janeiro
21,2853,Ville,22,Tempéré,Sydney
48,4642,Ville,18,Tempéré,Le Caire
50,1520,Aventure,20,Chaud,Barcelone
58,1578,Nature,20,Tempéré,Le Caire
29,579,Ville,14,Tempéré,New York
32,1642,Plage,29,Chaud,Rio de Janeiro
38,4170,Plage,2,Chaud,Paris
55,1687,Ville,9,Tempéré,Rome
24,3255,Culture,10,Chaud,Rome
61,3229,Aventure,17,Froid,Paris
69,1828,Ville,28,Chaud,Barcelone
38,1767,Aventure,14,Froid,Tokyo
34,2945,Aventure,24,Chaud,Paris
24,3851,Ville,20,Froid,Paris
48,3219,Nature,24,Tempéré,Bali
32,1965,Plage,15,Chaud,New York
46,1044,Nature,25,Tempéré,Barcelone
23,2608,Aventure,21,Froid,Paris
20,2758,Nature,2,Tempéré,Tokyo
64,1702,Nature,10,Froid,Rio de Janeiro
27,2616,Plage,4,Chaud,Rome
19,4374,Ville,11,Chaud,Tokyo
20,2468,Nature,26,Tempéré,Tokyo
21,3867,Aventure,7,Tempéré,New York
39,3279,Aventure,28,Tempéré,Sydney
66,3186,Plage,26,Froid,Paris
59,1142,Ville,26,Tempéré,Barcelone
58,3068,Plage,7,Chaud,New York
60,2221,Aventure,13,Tempéré,Paris
46,4048,Plage,19,Tempéré,Sydney
22,3442,Aventure,29,Tempéré,Le Caire
36,2239,Plage,24,Tempéré,Le Caire
35,2347,Nature,23,Froid,Le Caire
23,3902,Plage,2,Tempéré,New York
53,1911,Culture,29,Chaud,Rome
56,772,Ville,9,Froid,Tokyo
47,1563,Ville,10,Froid,Tokyo
36,608,Aventure,15,Tempéré,Londres
30,3602,Nature,14,Tempéré,New York
31,1002,Aventure,19,Tempéré,Tokyo
39,2392,Culture,21,Chaud,Tokyo
19,825,Nature,19,Chaud,Rome
24,1185,Culture,28,Froid,Tokyo
40,2677,Nature,7,Froid,Sydney
52,4492,Culture,12,Chaud,Paris
43,4737,Ville,14,Chaud,Paris
32,3193,Culture,27,Tempéré,Sydney
40,4080,Nature,24,Chaud,Tokyo
28,3369,Nature,21,Froid,Bali
49,4361,Ville,6,Froid,Rio de Janeiro
36,1034,Nature,27,Chaud,Barcelone
59,1934,Culture,14,Chaud,Barcelone
46,1102,Nature,7,Tempéré,Le Caire
62,4354,Ville,5,Froid,Rio de Janeiro
56,3882,Plage,11,Froid,Bali
39,3379,Aventure,17,Froid,Paris
47,4424,Ville,17,Tempéré,New York
68,3741,Aventure,21,Chaud,Rome
48,1550,Culture,11,Froid,Le Caire
20,4588,Nature,16,Tempéré,Londres
38,885,Culture,14,Chaud,Tokyo
31,1562,Aventure,10,Froid,Rome
42,2844,Ville,5,Chaud,Londres
37,3865,Plage,11,Chaud,Londres
63,1896,Nature,11,Chaud,Barcelone
23,847,Nature,12,Chaud,Sydney
50,2352,Nature,23,Tempéré,Sydney
63,1961,Culture,16,Froid,Barcelone
62,3069,Plage,12,Froid,Rio de Janeiro
63,2744,Aventure,14,Tempéré,Londres
69,933,Ville,16,Chaud,Rio de Janeiro
58,3741,Culture,19,Froid,Paris
35,3161,Culture,4,Tempéré,Sydney
30,1813,Nature,18,Froid,Sydney
24,507,Ville,20,Tempéré,Paris
45,4537,Aventure,16,Froid,Rome
34,2612,Culture,18,Chaud,Le Caire
23,3198,Culture,11,Froid,Barcelone
67,4853,Aventure,8,Tempéré,Sydney
41,3001,Aventure,21,Chaud,Barcelone
62,2729,Plage,23,Tempéré,Barcelone
35,2694,Culture,15,Froid,Rome
36,3624,Aventure,22,Chaud,Rome
22,3725,Ville,15,Froid,Rome
67,1792,Plage,12,Tempéré,Sydney
36,599,Culture,25,Tempéré,Le Caire
63,4996,Nature,26,Froid,Tokyo
59,2183,Culture,10,Tempéré,New York
66,2821,Ville,27,Chaud,Sydney
37,2694,Aventure,21,Froid,Rome
43,2906,Plage,20,Tempéré,Barcelone
60,1816,Aventure,6,Froid,New York
35,1662,Ville,6,Tempéré,Le Caire
24,853,Aventure,19,Froid,Bali
55,4355,Nature,2,Froid,Tokyo
40,3530,Ville,7,Chaud,Londres
54,3310,Nature,29,Froid,Sydney
68,4188,Nature,8,Tempéré,Barcelone
44,1272,Culture,10,Chaud,New York
19,4938,Nature,4,Chaud,Rome
42,4325,Ville,17,Chaud,Barcelone
62,2508,Aventure,23,Froid,Londres
50,4038,Plage,11,Tempéré,Barcelone
49,2093,Plage,19,Chaud,Bali
21,1977,Plage,26,Chaud,Sydney
28,2940,Plage,2,Chaud,Sydney
54,2954,Aventure,8,Tempéré,Tokyo
19,1139,Plage,19,Tempéré,Paris
23,4976,Culture,7,Tempéré,Rome
27,927,Culture,26,Froid,Le Caire
44,2895,Culture,17,Chaud,Le Caire
49,860,Nature,24,Chaud,Rome
35,2797,Nature,21,Tempéré,Rio de Janeiro
54,896,Nature,4,Chaud,Paris
25,1483,Aventure,4,Chaud,Londres
19,1884,Ville,22,Chaud,Barcelone
34,1120,Aventure,9,Chaud,Le Caire
30,4681,Nature,3,Froid,Londres
45,2622,Plage,17,Froid,Tokyo
20,4218,Aventure,15,Chaud,Londres
53,691,Plage,14,Chaud,Sydney
51,1748,Plage,22,Chaud,Barcelone
44,1702,Nature,13,Tempéré,Rio de Janeiro
63,4512,Aventure,24,Tempéré,Tokyo
31,1604,Culture,2,Froid,Tokyo
32,4670,Aventure,15,Tempéré,Tokyo
54,1281,Aventure,13,Froid,Paris
54,2007,Aventure,9,Froid,Le Caire
27,961,Plage,5,Tempéré,Sydney
37,1486,Aventure,9,Chaud,Rome
54,3914,Ville,9,Chaud,New York
23,1632,Aventure,16,Tempéré,New York
68,3798,Ville,28,Froid,Tokyo
30,4282,Nature,15,Froid,Sydney
32,1006,Plage,5,Tempéré,Rio de Janeiro
25,3211,Aventure,18,Froid,Sydney
31,3003,Plage,26,Froid,Tokyo
64,4133,Ville,25,Chaud,Londres
54,4439,Ville,28,Froid,Londres
19,3634,Nature,18,Chaud,Barcelone
22,4750,Ville,7,Froid,Barcelone
66,1879,Plage,27,Froid,Paris
22,1239,Aventure,9,Chaud,Paris
23,3186,Nature,6,Froid,Tokyo
36,3256,Culture,25,Tempéré,Le Caire
21,2415,Culture,18,Chaud,Bali
38,2587,Plage,16,Chaud,Londres
34,1176,Culture,3,Tempéré,Le Caire
38,3171,Nature,19,Tempéré,Le Caire
58,2002,Nature,16,Chaud,Rio de Janeiro
26,4996,Aventure,6,Tempéré,Rio de Janeiro
34,4511,Aventure,21,Tempéré,Tokyo
46,4586,Culture,3,Tempéré,Barcelone
53,1978,Nature,10,Tempéré,New York
43,3469,Plage,21,Chaud,New York
42,1564,Aventure,4,Froid,Londres
49,2869,Aventure,10,Tempéré,Rome
36,3050,Nature,23,Chaud,New York
62,1163,Aventure,17,Froid,Barcelone
59,1241,Ville,25,Froid,Sydney
69,3235,Nature,15,Tempéré,New York
38,4244,Plage,7,Chaud,Sydney
56,913,Nature,5,Froid,Paris
38,2267,Ville,12,Tempéré,Londres
21,4756,Nature,22,Chaud,Rome
57,1691,Culture,27,Froid,Le Caire
63,1515,Aventure,17,Froid,Paris
60,4146,Aventure,2,Froid,Le Caire
56,1613,Ville,2,Tempéré,Sydney
61,792,Nature,8,Froid,Rio de Janeiro
37,4968,Ville,11,Froid,Londres
32,4405,Aventure,15,Froid,Rome
39,3864,Plage,16,Tempéré,New York
60,4076,Aventure,7,Froid,Rio de Janeiro
28,1404,Nature,21,Froid,Paris
28,4549,Nature,9,Chaud,Sydney
20,4300,Plage,17,Chaud,Rio de Janeiro
63,554,Aventure,7,Tempéré,Barcelone
30,3978,Ville,5,Chaud,Le Caire
27,1529,Nature,18,Froid,Londres
41,4440,Culture,17,Chaud,New York
20,3087,Aventure,22,Chaud,Rome
36,4298,Nature,29,Chaud,Sydney
60,3012,Ville,22,Chaud,Barcelone
28,2977,Aventure,23,Chaud,Sydney
20,4539,Culture,14,Froid,Rome
56,902,Culture,14,Froid,Bali
66,846,Nature,8,Froid,Le Caire
40,4304,Ville,15,Froid,Londres
20,2052,Culture,11,Tempéré,Barcelone
40,4746,Culture,18,Froid,Paris
46,1816,Ville,10,Tempéré,Rome
55,2554,Plage,24,Chaud,Barcelone
38,2659,Ville,22,Froid,Tokyo
25,1446,Nature,3,Froid,Tokyo
66,618,Aventure,13,Chaud,Le Caire
42,4189,Nature,25,Tempéré,Londres
63,1398,Plage,29,Froid,Tokyo
36,1857,Nature,19,Froid,Barcelone
66,3953,Aventure,14,Tempéré,Le Caire
18,1742,Aventure,27,Tempéré,Rome
39,1165,Aventure,7,Froid,Londres
39,2879,Aventure,15,Froid,New York
60,764,Ville,4,Froid,Rome
58,4111,Ville,2,Tempéré,Tokyo
67,4386,Plage,26,Tempéré,Rio de Janeiro
47,3294,Plage,8,Froid,Barcelone
49,1337,Ville,19,Froid,Sydney
38,4085,Nature,5,Froid,Tokyo
43,569,Aventure,8,Tempéré,Sydney
27,4453,Ville,13,Tempéré,New York
27,3336,Nature,26,Chaud,Rio de Janeiro
41,3998,Plage,27,Chaud,Rio de Janeiro
61,1110,Aventure,12,Froid,Barcelone
60,3800,Ville,19,Chaud,Tokyo
56,1517,Plage,6,Chaud,Sydney
47,2300,Aventure,12,Froid,New York
60,3192,Aventure,22,Chaud,Londres
32,1636,Nature,11,Froid,Londres
48,1323,Plage,5,Chaud,Le Caire
63,4725,Aventure,24,Chaud,Rome
67,2607,Nature,29,Froid,Paris
58,4953,Plage,6,Froid,Bali
23,4281,Plage,12,Chaud,Rio de Janeiro
19,3281,Culture,8,Chaud,Rome
41,3680,Nature,6,Froid,Bali
33,4939,Ville,18,Chaud,Bali
68,2995,Culture,17,Froid,Paris
20,2759,Ville,10,Froid,Le Caire
30,3432,Ville,9,Froid,Rio de Janeiro
37,2038,Culture,25,Tempéré,Londres
54,4631,Aventure,9,Froid,Paris
38,2768,Culture,24,Chaud,Rio de Janeiro
36,4497,Aventure,4,Tempéré,Rome
59,3546,Culture,17,Froid,New York
20,1491,Nature,22,Tempéré,Rome
50,3194,Nature,22,Tempéré,Le Caire
64,4770,Aventure,11,Froid,Rio de Janeiro
48,3383,Aventure,20,Tempéré,Rio de Janeiro
19,3583,Plage,20,Chaud,Rio de Janeiro
38,1977,Culture,3,Tempéré,Rome
60,4260,Culture,22,Chaud,Le Caire
29,1494,Culture,7,Froid,New York
65,4123,Culture,19,Tempéré,Sydney
67,3895,Culture,21,Chaud,Rome
31,786,Ville,18,Froid,Londres
47,555,Ville,22,Froid,Paris
59,1267,Plage,14,Tempéré,Barcelone
48,4114,Culture,7,Chaud,Tokyo
32,890,Plage,22,Chaud,Bali
57,4562,Ville,23,Froid,Londres
48,4676,Plage,28,Chaud,Paris
46,1703,Ville,29,Tempéré,Rio de Janeiro
60,3421,Plage,10,Chaud,New York
39,657,Aventure,28,Tempéré,Rio de Janeiro
68,4015,Plage,21,Tempéré,Rome
60,4355,Plage,28,Chaud,Londres
62,789,Nature,27,Froid,Barcelone
56,2535,Ville,22,Tempéré,Le Caire
54,1501,Plage,19,Chaud,Paris
65,4764,Plage,2,Tempéré,Barcelone
28,4877,Culture,3,Tempéré,New York
23,1779,Aventure,8,Tempéré,Rome
34,2129,Plage,28,Tempéré,Londres
52,4174,Aventure,25,Chaud,Bali
53,2906,Culture,5,Tempéré,Rome
42,2265,Nature,12,Tempéré,Paris
60,4929,Plage,11,Froid,Londres
33,3612,Nature,15,Froid,Le Caire
57,3703,Culture,28,Froid,Rio de Janeiro
33,2552,Ville,8,Chaud,Paris
44,4628,Nature,27,Chaud,Le Caire
20,4893,Nature,20,Froid,New York
48,671,Culture,10,Chaud,Barcelone
24,1071,Culture,7,Tempéré,Bali
68,3297,Aventure,20,Froid,Rome
61,2297,Culture,18,Tempéré,Le Caire
42,4654,Culture,23,Tempéré,Le Caire
24,911,Nature,10,Froid,Rome
24,3923,Plage,28,Chaud,Rome
39,4200,Culture,18,Chaud,Tokyo
67,3102,Nature,27,Chaud,Londres
20,2981,Plage,21,Tempéré,Barcelone
30,2337,Ville,22,Froid,Bali
66,1609,Culture,8,Tempéré,Rome
42,3173,Plage,6,Chaud,Sydney
69,4409,Nature,22,Froid,Rio de Janeiro
61,3209,Ville,3,Froid,Barcelone
62,4464,Ville,17,Froid,Paris
68,2534,Aventure,29,Froid,Le Caire
33,4750,Plage,6,Chaud,Barcelone
29,4160,Ville,24,Tempéré,Rome
30,2905,Culture,10,Chaud,Le Caire
65,3553,Aventure,4,Chaud,Le Caire
28,1249,Aventure,4,Tempéré,Tokyo
43,2176,Culture,10,Froid,New York
52,3054,Culture,5,Froid,Sydney
35,825,Ville,7,Froid,Tokyo
20,1165,Aventure,22,Tempéré,Tokyo
65,1509,Plage,11,Tempéré,Sydney
32,4369,Nature,25,Froid,Barcelone
19,4695,Culture,16,Froid,New York
21,1921,Culture,18,Chaud,Paris
54,1411,Aventure,6,Chaud,Rome
58,789,Aventure,21,Froid,Rome
50,4870,Culture,28,Tempéré,Tokyo
64,4583,Nature,3,Chaud,Sydney
68,4776,Nature,21,Froid,Rome
35,2480,Nature,27,Tempéré,Le Caire
52,3156,Nature,24,Chaud,Paris
22,4017,Ville,10,Chaud,Le Caire
44,2041,Culture,9,Tempéré,Barcelone
53,1084,Plage,13,Tempéré,Rio de Janeiro
38,1542,Nature,29,Chaud,Paris
60,4046,Aventure,22,Froid,New York
69,939,Nature,20,Froid,Le Caire
54,1727,Nature,4,Chaud,Paris
35,4524,Nature,13,Froid,Sydney
64,692,Culture,5,Froid,Londres
63,2791,Culture,5,Chaud,Barcelone
21,4901,Ville,23,Tempéré,Tokyo
57,1961,Ville,24,Tempéré,Londres
49,4032,Aventure,17,Tempéré,New York
35,2023,Nature,26,Chaud,Rome
62,4751,Ville,21,Froid,Barcelone
51,2639,Aventure,24,Chaud,Paris
38,4779,Culture,8,Tempéré,Le Caire
36,1944,Culture,4,Chaud,Rio de Janeiro
65,2422,Nature,6,Froid,Londres
42,2779,Plage,16,Froid,Barcelone
52,878,Plage,8,Froid,Sydney
41,2109,Ville,26,Tempéré,Londres
52,811,Plage,14,Chaud,Rome
63,1020,Ville,23,Chaud,Paris
45,2130,Nature,19,Froid,Barcelone
25,4900,Aventure,26,Tempéré,Bali
61,2218,Aventure,15,Tempéré,Rome
31,1029,Ville,17,Froid,Londres
54,3147,Ville,15,Tempéré,Bali
50,4693,Nature,10,Froid,Rio de Janeiro
65,1146,Culture,6,Tempéré,Londres
46,1411,Aventure,21,Chaud,Sydney
36,634,Culture,11,Froid,Barcelone
62,1841,Nature,23,Froid,Bali
33,1292,Aventure,27,Tempéré,Le Caire
25,1565,Nature,23,Froid,New York
61,592,Plage,6,Chaud,Barcelone
39,1852,Aventure,13,Chaud,Sydney
32,3504,Culture,2,Froid,Sydney
25,1638,Nature,5,Chaud,Rome
33,1413,Plage,5,Froid,Barcelone
44,2298,Plage,24,Froid,Rome
22,2614,Plage,2,Tempéré,Londres
39,1237,Nature,21,Chaud,New York
60,3290,Nature,22,Froid,Tokyo
57,2645,Nature,23,Tempéré,Paris
62,4443,Ville,18,Chaud,Londres
66,3984,Nature,4,Chaud,Rome
45,3083,Ville,3,Froid,Londres
41,2093,Nature,3,Tempéré,Londres
65,2270,Nature,18,Tempéré,Rio de Janeiro
27,3712,Ville,4,Tempéré,Le Caire
55,3488,Culture,28,Froid,Bali
30,2453,Nature,25,Tempéré,Paris
69,4728,Aventure,11,Chaud,Le Caire
27,4728,Ville,25,Chaud,Tokyo
55,1759,Aventure,9,Tempéré,Sydney
31,2789,Aventure,24,Froid,Sydney
60,3429,Plage,7,Chaud,Rome
52,1727,Plage,9,Tempéré,Bali
37,2183,Plage,9,Froid,Barcelone
48,1472,Plage,8,Chaud,New York
42,1374,Culture,7,Tempéré,Londres
27,1985,Plage,3,Froid,Tokyo
36,3460,Nature,19,Chaud,Londres
18,4273,Ville,20,Tempéré,Le Caire
60,3438,Ville,11,Tempéré,Londres
61,3285,Plage,7,Chaud,Tokyo
69,2269,Plage,3,Chaud,New York
32,3734,Ville,24,Chaud,Paris
35,1341,Culture,6,Chaud,New York
64,4732,Aventure,19,Froid,Barcelone
59,2769,Ville,16,Chaud,Tokyo
49,3955,Aventure,26,Chaud,Rome
45,2650,Nature,6,Tempéré,Bali
23,2559,Culture,20,Froid,Le Caire
39,4973,Aventure,18,Chaud,Bali
40,1116,Ville,27,Chaud,Le Caire
52,746,Aventure,12,Chaud,New York
18,4148,Ville,16,Chaud,Paris
61,3553,Culture,17,Chaud,Barcelone
28,4205,Culture,14,Chaud,Paris
68,3943,Culture,12,Chaud,Londres
25,2674,Aventure,21,Tempéré,Londres
25,3147,Aventure,13,Tempéré,Rome
55,1750,Culture,22,Froid,Paris
53,3190,Aventure,23,Tempéré,New York
28,2408,Aventure,13,Tempéré,Sydney
20,4593,Culture,10,Chaud,Paris
22,620,Nature,18,Froid,Londres
40,4897,Plage,5,Chaud,Barcelone
48,4286,Plage,7,Tempéré,Barcelone
57,712,Culture,10,Chaud,Londres
43,1978,Ville,6,Tempéré,Rio de Janeiro
22,3593,Nature,3,Tempéré,New York
43,1493,Nature,25,Froid,Bali
18,2430,Aventure,11,Froid,Londres
20,919,Aventure,5,Chaud,Barcelone
34,1094,Nature,19,Chaud,Londres
45,1460,Aventure,18,Tempéré,Rio de Janeiro
68,3144,Aventure,22,Chaud,Paris
52,1943,Ville,11,Tempéré,Rio de Janeiro
43,4501,Aventure,28,Froid,Rome
55,4246,Plage,26,Chaud,Londres
20,4117,Plage,17,Tempéré,Bali
34,2331,Ville,27,Tempéré,Londres
23,4606,Nature,9,Chaud,Londres
56,1892,Culture,8,Tempéré,Tokyo
26,2926,Nature,25,Chaud,Londres
41,4601,Ville,9,Chaud,Bali
38,3119,Aventure,6,Chaud,Le Caire
29,1554,Plage,25,Chaud,Tokyo
41,4360,Nature,26,Tempéré,New York
61,4205,Culture,27,Chaud,Tokyo
34,1452,Culture,7,Chaud,Tokyo
19,4674,Ville,23,Chaud,Tokyo
23,4123,Plage,3,Tempéré,Rio de Janeiro
22,4881,Plage,24,Chaud,Sydney
63,3663,Aventure,13,Chaud,Paris
31,2353,Aventure,5,Tempéré,Bali
18,988,Aventure,4,Froid,Tokyo
23,2848,Aventure,5,Tempéré,Barcelone
69,4582,Plage,17,Tempéré,Sydney
53,3405,Plage,20,Tempéré,Paris
53,1930,Culture,24,Froid,Londres
69,1832,Plage,5,Chaud,Londres
53,3210,Plage,21,Tempéré,Bali
50,4052,Aventure,8,Froid,Londres
63,4783,Ville,21,Froid,Bali
39,3001,Plage,24,Chaud,Tokyo
49,1203,Plage,24,Tempéré,Le Caire
20,2019,Culture,6,Froid,Le Caire
54,4905,Ville,28,Chaud,Paris
56,1016,Plage,24,Chaud,Sydney
47,885,Ville,5,Froid,Barcelone
26,3337,Plage,27,Chaud,Paris
45,1264,Nature,3,Tempéré,Barcelone
58,4366,Culture,23,Tempéré,Tokyo
21,1198,Nature,11,Froid,Rio de Janeiro
42,2366,Culture,27,Froid,Bali
42,3993,Ville,23,Chaud,Bali
27,3688,Plage,28,Tempéré,Sydney
53,1754,Plage,16,Tempéré,Londres
55,2245,Nature,13,Tempéré,Paris
53,1474,Nature,11,Chaud,Londres
26,2389,Nature,3,Froid,Le Caire
30,3568,Plage,21,Froid,New York
27,2660,Plage,10,Tempéré,Paris
49,4691,Ville,28,Chaud,Sydney
41,2898,Nature,11,Froid,Londres
65,4143,Plage,3,Froid,Bali
23,729,Aventure,7,Chaud,Londres
61,2266,Aventure,12,Chaud,Rio de Janeiro
49,3510,Culture,18,Tempéré,Paris
66,1543,Culture,26,Chaud,Paris
27,1713,Plage,2,Tempéré,Barcelone
68,4716,Culture,7,Chaud,Londres
19,4610,Ville,28,Froid,New York
56,3458,Culture,3,Chaud,Rio de Janeiro
50,2433,Culture,23,Froid,Barcelone
60,4414,Plage,18,Froid,Bali
54,2213,Nature,14,Tempéré,Sydney
59,1585,Aventure,2,Froid,Paris
69,4016,Ville,4,Froid,New York
51,1169,Ville,26,Froid,Le Caire
66,4228,Ville,5,Chaud,Rome
20,888,Ville,26,Tempéré,Paris
23,2814,Plage,20,Tempéré,New York
65,597,Nature,25,Tempéré,New York
66,2688,Nature,6,Froid,Rio de Janeiro
28,572,Ville,14,Tempéré,New York
60,3306,Aventure,26,Tempéré,Londres
33,3066,Aventure,29,Tempéré,Rio de Janeiro
19,3858,Plage,29,Tempéré,Sydney
55,4902,Nature,21,Tempéré,New York
44,4196,Aventure,3,Chaud,New York
61,2798,Nature,23,Tempéré,Le Caire
27,2085,Aventure,17,Chaud,New York
20,2486,Culture,24,Tempéré,Bali
39,2736,Nature,7,Chaud,Sydney
25,4297,Plage,16,Chaud,Sydney
50,3208,Culture,3,Froid,Rio de Janeiro
65,4204,Culture,29,Chaud,Le Caire
68,2568,Ville,22,Froid,Londres
38,878,Ville,28,Froid,Rome
25,2247,Plage,26,Tempéré,Sydney
57,3973,Culture,10,Froid,Tokyo
58,4904,Ville,4,Froid,Rio de Janeiro
35,3132,Nature,17,Froid,New York
66,1860,Nature,7,Froid,Paris
33,4862,Aventure,4,Tempéré,Tokyo
51,2900,Nature,10,Froid,Rome
47,4925,Aventure,18,Chaud,Londres
67,3539,Culture,10,Chaud,Londres
27,2328,Ville,13,Chaud,Tokyo
62,2896,Aventure,10,Froid,Londres
45,1466,Culture,15,Tempéré,Rio de Janeiro
49,4854,Plage,15,Chaud,Sydney
66,4381,Aventure,14,Froid,Londres
29,2369,Culture,20,Tempéré,Rome
28,1255,Aventure,11,Froid,Rio de Janeiro
25,2489,Plage,10,Chaud,Paris
21,3922,Ville,29,Tempéré,Rome
67,1994,Nature,22,Chaud,Bali
39,4640,Aventure,5,Froid,Sydney
69,2107,Aventure,24,Chaud,Londres
61,1999,Culture,2,Tempéré,Rio de Janeiro
43,3655,Aventure,12,Tempéré,Londres
39,3104,Ville,15,Chaud,Le Caire
27,3271,Culture,11,Froid,Rome
48,2778,Nature,3,Chaud,Sydney
26,2883,Aventure,21,Chaud,Le Caire
25,3458,Ville,17,Tempéré,Paris
46,2787,Culture,19,Tempéré,New York
55,4064,Ville,25,Tempéré,Paris
25,2611,Plage,3,Froid,Barcelone
18,2055,Nature,10,Froid,Barcelone
59,1959,Aventure,23,Froid,Le Caire
54,3049,Aventure,22,Tempéré,Sydney
26,2851,Plage,22,Froid,Rome
68,4008,Culture,23,Chaud,Rome
37,4103,Nature,20,Tempéré,New York
63,1497,Aventure,23,Chaud,Londres
52,835,Plage,11,Froid,Paris
37,4191,Nature,9,Froid,Sydney
62,1376,Culture,7,Froid,Londres
43,1252,Ville,22,Froid,Sydney
40,1082,Culture,24,Chaud,Sydney
37,619,Nature,20,Tempéré,Tokyo
52,4907,Aventure,18,Chaud,Sydney
47,3111,Plage,2,Tempéré,Paris
18,2294,Nature,3,Froid,Le Caire
40,1999,Plage,23,Chaud,Barcelone
51,2742,Nature,17,Tempéré,New York
49,2631,Culture,24,Chaud,New York
20,4020,Culture,13,Tempéré,Barcelone
46,2336,Plage,24,Chaud,Rome
67,2708,Nature,13,Tempéré,New York
58,4192,Ville,10,Chaud,Rome
28,554,Ville,16,Tempéré,Sydney
47,625,Nature,14,Chaud,Tokyo
30,2713,Aventure,11,Froid,Rome
20,1016,Plage,23,Chaud,Sydney
43,1018,Nature,26,Chaud,Rio de Janeiro
45,994,Ville,23,Froid,Barcelone
19,2181,Ville,11,Froid,Londres
55,4577,Plage,27,Tempéré,Bali
21,1752,Ville,19,Froid,Bali
27,2770,Aventure,26,Froid,Paris
39,1818,Aventure,17,Tempéré,Rio de Janeiro
18,3854,Nature,24,Tempéré,Le Caire
27,1804,Nature,4,Froid,Sydney
44,1585,Plage,25,Froid,Paris
63,3859,Ville,7,Froid,Sydney
18,1310,Plage,23,Froid,Paris
61,3052,Ville,11,Froid,Barcelone
69,2998,Ville,14,Froid,Rome
56,2347,Aventure,3,Chaud,Londres
40,4159,Ville,21,Chaud,Rio de Janeiro
44,1704,Nature,10,Chaud,Barcelone
34,3921,Ville,24,Froid,Tokyo
48,2946,Culture,26,Tempéré,New York
62,3393,Ville,23,Chaud,Bali
39,2827,Nature,3,Chaud,Rio de Janeiro
45,4463,Nature,22,Tempéré,Rome
43,2093,Aventure,11,Chaud,Bali
54,902,Culture,19,Tempéré,Sydney
69,3905,Nature,23,Froid,Barcelone
63,1997,Culture,26,Chaud,Londres
19,4539,Plage,4,Froid,Barcelone
42,1006,Aventure,26,Chaud,Barcelone
54,4703,Ville,19,Froid,Bali
31,726,Ville,26,Chaud,Bali
28,4451,Ville,9,Froid,Rio de Janeiro
64,2961,Ville,13,Froid,Paris
44,4589,Plage,24,Tempéré,Londres
37,1827,Ville,22,Froid,New York
21,2727,Nature,12,Tempéré,Rio de Janeiro
18,721,Nature,19,Tempéré,Rome
54,3158,Ville,17,Chaud,Rome
65,4601,Plage,22,Chaud,Bali
51,2582,Nature,26,Froid,Paris
65,3161,Ville,29,Chaud,Rio de Janeiro
62,3973,Nature,16,Chaud,Bali
31,4752,Aventure,11,Tempéré,Le Caire
19,4253,Aventure,2,Tempéré,Londres
33,2749,Ville,17,Froid,Sydney
25,4741,Ville,6,Froid,Londres
36,2903,Nature,28,Froid,New York
51,2600,Ville,4,Froid,Tokyo
66,3892,Ville,27,Chaud,Barcelone
21,1686,Ville,7,Froid,New York
64,2383,Culture,14,Froid,Paris
40,4786,Ville,9,Froid,Rome
51,2262,Culture,5,Tempéré,Sydney
40,3186,Ville,28,Froid,Rio de Janeiro
66,4308,Nature,22,Froid,Rio de Janeiro
25,865,Culture,18,Chaud,Sydney
52,3470,Nature,24,Chaud,Paris
43,2768,Culture,18,Chaud,Barcelone
49,1229,Aventure,15,Chaud,Le Caire
56,1252,Aventure,24,Chaud,Paris
24,4450,Plage,7,Tempéré,Tokyo
29,1003,Aventure,10,Chaud,Rome
31,1910,Nature,26,Froid,Bali
68,2905,Plage,12,Froid,Sydney
57,4470,Plage,25,Chaud,Le Caire
49,1171,Aventure,14,Froid,Bali
23,3038,Nature,23,Froid,Le Caire
52,679,Culture,24,Tempéré,Bali
30,3855,Nature,18,Chaud,Le Caire
46,3949,Culture,5,Tempéré,Barcelone
52,3760,Culture,5,Chaud,Paris
53,3943,Culture,17,Tempéré,Le Caire
66,1503,Nature,20,Froid,Rome
61,2611,Culture,23,Froid,Bali
64,4138,Nature,23,Tempéré,Rio de Janeiro
48,1346,Aventure,26,Tempéré,Rio de Janeiro
36,2189,Aventure,19,Froid,Rome
45,1872,Plage,6,Tempéré,New York
31,1891,Aventure,24,Chaud,Bali
37,1979,Aventure,11,Chaud,Rio de Janeiro
33,4654,Ville,3,Froid,Paris
61,4912,Nature,11,Chaud,New York
38,3749,Nature,15,Tempéré,Sydney
36,577,Nature,25,Chaud,Rome
38,4991,Plage,10,Chaud,Paris
61,572,Ville,20,Chaud,Tokyo
34,1475,Culture,5,Froid,Londres
25,2736,Plage,24,Froid,Barcelone
55,2941,Ville,20,Froid,Londres
62,4705,Plage,15,Chaud,New York
64,1454,Ville,17,Tempéré,Paris
34,1650,Nature,18,Chaud,Paris
24,2492,Culture,15,Froid,Rio de Janeiro
54,4573,Nature,6,Tempéré,Rio de Janeiro
66,3389,Nature,8,Froid,Sydney
53,2173,Culture,13,Tempéré,New York
39,732,Nature,12,Tempéré,Londres
50,4047,Ville,29,Tempéré,Paris
69,3047,Plage,8,Froid,Rome
42,2083,Ville,28,Froid,Rome
29,1417,Culture,18,Chaud,Barcelone
23,2009,Plage,8,Tempéré,New York
44,3185,Aventure,26,Chaud,Barcelone
56,4258,Plage,29,Chaud,New York
35,3145,Plage,17,Froid,Paris
22,1955,Aventure,22,Chaud,Barcelone
50,785,Ville,9,Froid,Le Caire
64,1752,Culture,4,Chaud,Tokyo
20,755,Plage,28,Tempéré,New York
20,2389,Culture,29,Tempéré,Rome
42,2520,Nature,23,Chaud,Tokyo
45,4876,Aventure,18,Chaud,Bali
61,4136,Nature,5,Chaud,Paris
66,4750,Culture,4,Tempéré,Le Caire
59,3616,Plage,5,Chaud,Rome
66,1772,Nature,13,Froid,Rio de Janeiro
58,4142,Aventure,16,Chaud,Tokyo
39,880,Plage,20,Froid,Barcelone
41,3807,Nature,15,Tempéré,Londres
25,1903,Nature,28,Froid,Bali
19,2923,Culture,11,Chaud,Le Caire
65,634,Culture,10,Froid,Rome
27,3555,Plage,29,Tempéré,Bali
40,601,Nature,18,Froid,Londres
62,2798,Ville,12,Chaud,Londres
42,1266,Plage,8,Chaud,Rio de Janeiro
39,788,Plage,28,Tempéré,Bali
66,2138,Nature,22,Froid,Rome
38,2443,Plage,23,Chaud,Londres
56,4824,Nature,14,Tempéré,Londres
36,4015,Culture,20,Tempéré,Paris
33,2333,Nature,15,Chaud,Barcelone
18,2584,Aventure,14,Froid,Londres
69,4037,Culture,21,Tempéré,Barcelone
62,2227,Plage,24,Froid,Rio de Janeiro
55,757,Ville,25,Tempéré,Rio de Janeiro
65,4608,Ville,11,Chaud,Rio de Janeiro
69,3512,Aventure,21,Tempéré,Rio de Janeiro
20,3243,Nature,25,Tempéré,Tokyo
25,3522,Culture,22,Froid,New York
31,3426,Culture,18,Froid,New York
26,4710,Nature,5,Chaud,Londres
19,626,Aventure,2,Tempéré,New York
56,4814,Culture,12,Froid,Sydney
46,3691,Culture,5,Chaud,Tokyo
27,1633,Plage,13,Tempéré,Tokyo
32,2881,Culture,22,Tempéré,Rio de Janeiro
39,2481,Nature,11,Tempéré,Barcelone
38,2909,Aventure,26,Froid,Londres
36,1667,Ville,26,Tempéré,Rome
35,4433,Plage,23,Froid,Barcelone
44,1771,Nature,4,Chaud,Londres
27,4692,Aventure,28,Froid,Bali
46,768,Aventure,10,Chaud,Rio de Janeiro
69,4811,Culture,17,Froid,Paris
42,1571,Culture,13,Tempéré,Londres
61,930,Culture,3,Froid,Tokyo
21,795,Aventure,16,Chaud,Le Caire
33,2469,Plage,7,Chaud,Tokyo
41,1598,Culture,11,Froid,Londres
37,4700,Plage,9,Tempéré,Tokyo
68,2588,Aventure,4,Chaud,Paris
28,3975,Plage,25,Chaud,Londres
19,4931,Ville,23,Chaud,New York
38,4614,Aventure,22,Tempéré,Londres
58,1920,Aventure,8,Froid,Paris
30,4491,Ville,19,Tempéré,Barcelone
33,3362,Plage,26,Tempéré,Bali
56,4819,Culture,2,Tempéré,New York
37,2297,Nature,15,Tempéré,Londres
51,4002,Aventure,19,Chaud,Bali
59,3004,Nature,5,Chaud,Paris
32,1943,Nature,10,Froid,Paris
29,4754,Nature,9,Tempéré,Rome
20,3021,Ville,2,Tempéré,Le Caire
66,3285,Culture,4,Froid,Le Caire
50,4174,Nature,28,Chaud,Barcelone
20,2208,Aventure,8,Froid,Rome
38,3979,Aventure,28,Chaud,New York
23,1610,Nature,2,Chaud,Rome
40,548,Aventure,26,Froid,Le Caire
34,4774,Nature,20,Froid,Bali
66,3622,Aventure,27,Froid,Sydney
37,1509,Nature,6,Froid,Sydney
65,782,Nature,18,Froid,Tokyo
66,2488,Nature,9,Tempéré,Rome
46,2203,Aventure,9,Tempéré,Londres
41,2736,Plage,14,Froid,Sydney
67,1312,Nature,28,Tempéré,Londres
38,1359,Nature,17,Chaud,New York
50,4941,Ville,9,Chaud,Rome
63,4752,Ville,18,Chaud,Barcelone
48,3328,Ville,17,Froid,Le Caire
23,3292,Culture,27,Tempéré,New York
64,3236,Culture,22,Froid,Tokyo
53,4479,Plage,15,Chaud,Sydney
22,1249,Culture,27,Chaud,Bali
30,3418,Nature,16,Chaud,New York
57,576,Nature,17,Tempéré,New York
28,990,Aventure,12,Froid,Bali
65,3210,Ville,24,Chaud,Le Caire
59,970,Aventure,19,Froid,Barcelone
33,4839,Culture,4,Tempéré,Bali
26,1513,Ville,20,Tempéré,Bali
34,4138,Ville,9,Chaud,Rio de Janeiro
50,4643,Culture,6,Tempéré,Tokyo
20,3004,Nature,20,Chaud,Rio de Janeiro
44,4183,Culture,17,Tempéré,Bali
58,2403,Nature,20,Froid,Rio de Janeiro
53,2359,Ville,17,Tempéré,Rio de Janeiro
40,4528,Culture,29,Tempéré,Rio de Janeiro
48,1657,Nature,15,Froid,Paris
37,1304,Ville,26,Froid,Paris
33,3427,Plage,19,Chaud,Tokyo
56,3630,Aventure,26,Chaud,Sydney
62,3830,Culture,6,Froid,Sydney
49,783,Plage,27,Tempéré,Rome
66,1839,Plage,2,Tempéré,Bali
31,4103,Plage,18,Froid,New York
31,2322,Ville,4,Chaud,Sydney
35,2265,Plage,14,Tempéré,Le Caire
66,1560,Ville,21,Chaud,Le Caire
54,532,Aventure,8,Chaud,New York
66,2096,Ville,9,Tempéré,Le Caire
38,2144,Plage,26,Froid,New York
20,4597,Aventure,19,Tempéré,Le Caire
20,4136,Aventure,10,Tempéré,Barcelone
28,4384,Plage,12,Tempéré,Barcelone
26,3390,Ville,21,Tempéré,Sydney
34,1810,Culture,21,Chaud,Rome
67,1992,Ville,20,Chaud,Barcelone
22,2877,Aventure,27,Chaud,Rio de Janeiro
35,3762,Plage,6,Froid,Sydney
40,4496,Nature,20,Froid,New York
32,3503,Culture,26,Chaud,Sydney
24,820,Plage,28,Tempéré,Rome
25,4044,Ville,14,Froid,Bali
49,2834,Nature,6,Chaud,Tokyo
30,868,Aventure,23,Chaud,Bali
69,2267,Culture,14,Chaud,Barcelone
22,3982,Ville,6,Tempéré,Tokyo
23,2998,Culture,8,Froid,Rome
23,1510,Nature,3,Chaud,Le Caire
58,1328,Culture,13,Tempéré,Paris
37,4842,Aventure,9,Chaud,Paris
56,1978,Plage,12,Chaud,Le Caire
19,2136,Plage,10,Tempéré,Rome
39,2579,Plage,3,Chaud,Londres
59,4545,Aventure,9,Chaud,Rio de Janeiro
44,897,Culture,15,Froid,Le Caire
30,856,Culture,13,Chaud,Sydney
59,2792,Aventure,20,Froid,Sydney
26,1705,Aventure,2,Froid,New York
33,3900,Plage,12,Froid,Londres
50,2468,Aventure,25,Chaud,Sydney
66,1824,Aventure,8,Tempéré,Le Caire
63,2547,Nature,21,Chaud,Sydney
20,1753,Ville,27,Tempéré,Rome
40,3487,Culture,6,Froid,Bali
18,582,Nature,16,Froid,New York
26,4576,Culture,13,Chaud,Tokyo
63,3303,Culture,9,Tempéré,Rome
23,4306,Ville,17,Chaud,Tokyo
32,2778,Ville,26,Froid,Le Caire
29,2200,Nature,4,Chaud,Rio de Janeiro
68,2099,Plage,29,Tempéré,Paris
35,2825,Nature,16,Chaud,New York
33,4981,Ville,15,Chaud,Le Caire
23,1332,Culture,5,Froid,New York
53,4840,Plage,15,Tempéré,Barcelone
62,1938,Aventure,6,Tempéré,Bali
68,4117,Ville,29,Tempéré,New York
25,4673,Plage,11,Tempéré,Paris
20,1749,Ville,5,Chaud,Paris
26,4683,Aventure,25,Tempéré,Paris
64,1986,Ville,25,Froid,New York
40,4572,Plage,7,Tempéré,Londres
58,3869,Culture,20,Froid,Londres
43,2369,Ville,14,Tempéré,Rome
44,4070,Nature,24,Froid,New York
20,4035,Ville,8,Chaud,Bali
43,4870,Aventure,21,Froid,Sydney
52,4580,Plage,16,Tempéré,New York
38,2452,Nature,14,Tempéré,Bali
58,4315,Ville,17,Froid,Sydney
37,1816,Plage,28,Froid,Bali
27,2674,Ville,9,Tempéré,Rio de Janeiro
34,2055,Plage,29,Tempéré,Barcelone
39,3275,Nature,21,Chaud,Sydney
39,4192,Aventure,3,Chaud,Rome
20,1923,Ville,16,Chaud,Paris
57,3764,Nature,23,Tempéré,Barcelone
65,519,Nature,26,Chaud,Tokyo
51,2262,Nature,11,Chaud,Barcelone
52,1837,Plage,26,Froid,Rio de Janeiro
19,3361,Ville,16,Tempéré,Tokyo
63,2571,Nature,9,Chaud,Tokyo
43,1218,Aventure,5,Froid,Barcelone
65,4592,Nature,19,Chaud,Paris
22,3990,Culture,24,Chaud,Rome
23,2694,Ville,11,Chaud,Paris
23,3793,Nature,22,Chaud,New York
36,4307,Plage,2,Froid,Sydney
47,4796,Plage,20,Chaud,Le Caire
62,3528,Nature,5,Tempéré,Londres
41,2800,Ville,28,Froid,Sydney
50,610,Culture,27,Tempéré,Tokyo
39,2316,Culture,25,Tempéré,Barcelone
54,3642,Plage,6,Tempéré,Sydney
59,3245,Culture,27,Chaud,Tokyo
26,1887,Ville,14,Tempéré,Bali
29,3157,Nature,22,Chaud,Sydney
42,4564,Aventure,3,Chaud,Sydney
54,3952,Ville,16,Froid,Le Caire
40,1731,Ville,25,Froid,Tokyo
25,4810,Aventure,10,Chaud,New York
61,4440,Nature,8,Chaud,New York
61,2007,Nature,7,Froid,Rio de Janeiro
52,1128,Culture,5,Froid,Tokyo
29,2793,Plage,15,Froid,Bali
41,1488,Nature,26,Froid,New York
29,1675,Culture,15,Tempéré,Bali
23,4987,Ville,27,Froid,Paris
42,4923,Nature,29,Froid,Barcelone
57,1057,Culture,28,Tempéré,Londres
61,4038,Nature,29,Chaud,Londres
27,3855,Nature,23,Chaud,Rome
35,2655,Plage,8,Froid,Barcelone
22,746,Nature,8,Chaud,New York
33,1053,Plage,12,Tempéré,Rio de Janeiro
61,1038,Plage,4,Chaud,Sydney
34,4240,Nature,25,Tempéré,Le Caire
55,3231,Aventure,17,Tempéré,Tokyo
19,3107,Nature,9,Froid,Sydney
35,4504,Plage,21,Chaud,Londres
41,2653,Aventure,3,Froid,Tokyo
28,4359,Aventure,24,Chaud,Londres
47,2244,Nature,14,Froid,Le Caire
50,2153,Culture,15,Chaud,New York
49,2249,Ville,21,Froid,Londres
49,1414,Ville,22,Froid,Tokyo
21,970,Ville,27,Froid,Sydney
41,3217,Culture,24,Froid,Rome
55,878,Aventure,9,Tempéré,New York
67,2419,Nature,6,Froid,Le Caire
22,3640,Plage,8,Chaud,Sydney
50,1872,Nature,24,Tempéré,Londres
51,4305,Aventure,4,Tempéré,New York
59,3364,Aventure,25,Tempéré,Tokyo
21,2980,Ville,24,Tempéré,Bali
67,4574,Plage,27,Chaud,Le Caire
67,4724,Nature,18,Chaud,Barcelone
38,3231,Nature,10,Tempéré,Rome
41,977,Nature,16,Froid,Bali
64,3872,Aventure,11,Tempéré,Sydney
33,994,Ville,28,Froid,Paris
59,2905,Plage,22,Froid,New York
27,2596,Aventure,7,Chaud,Bali
54,2666,Plage,21,Froid,Bali
45,1564,Culture,9,Froid,Paris
38,1143,Nature,6,Tempéré,Rome
32,4041,Plage,27,Froid,Bali
58,1213,Ville,4,Chaud,New York
42,1033,Nature,17,Froid,New York
21,2335,Aventure,4,Tempéré,Barcelone
47,928,Aventure,5,Tempéré,Rio de Janeiro
37,3601,Aventure,6,Froid,Paris
43,1341,Culture,28,Tempéré,Tokyo
28,2757,Aventure,19,Tempéré,Bali
48,3382,Nature,25,Tempéré,New York
26,4180,Aventure,11,Froid,New York
29,3693,Aventure,21,Chaud,Barcelone
22,1546,Culture,17,Froid,Le Caire
20,4514,Aventure,28,Chaud,Rome
41,3251,Aventure,4,Chaud,Bali
23,2018,Culture,2,Froid,New York
19,2230,Aventure,27,Chaud,Londres
46,928,Culture,7,Tempéré,Rome
54,3230,Nature,18,Froid,Bali
64,4631,Culture,23,Froid,Bali
40,2515,Ville,26,Froid,Barcelone
54,4132,Plage,11,Tempéré,Barcelone
48,3708,Culture,18,Tempéré,Paris
37,4882,Culture,11,Chaud,Londres
67,4448,Nature,26,Chaud,Londres
41,4984,Ville,3,Chaud,Paris
46,2138,Ville,10,Froid,Londres
32,2531,Ville,16,Chaud,Paris
21,2352,Aventure,22,Tempéré,Sydney
39,1736,Plage,2,Froid,Le Caire
45,3523,Ville,9,Tempéré,Le Caire
37,2472,Aventure,21,Froid,Londres
19,2177,Ville,16,Froid,Bali
18,887,Plage,26,Tempéré,New York
31,3666,Plage,10,Froid,Barcelone
58,2699,Plage,25,Chaud,Londres
61,1325,Plage,18,Chaud,Londres
56,1839,Plage,19,Chaud,Rio de Janeiro
42,1647,Aventure,12,Froid,Rome
23,2159,Plage,12,Tempéré,Barcelone
43,969,Nature,27,Tempéré,New York
52,3239,Ville,16,Froid,New York
58,2841,Ville,17,Froid,Rome
64,4164,Ville,4,Froid,Londres
20,1738,Aventure,28,Froid,Londres
48,1517,Ville,24,Froid,New York
34,3514,Plage,21,Chaud,Tokyo
41,3727,Culture,27,Chaud,Paris
54,2949,Culture,8,Tempéré,Rio de Janeiro
24,2137,Nature,22,Tempéré,Rio de Janeiro
51,3072,Culture,3,Chaud,Bali
59,1142,Culture,7,Froid,Tokyo
47,1251,Ville,22,Chaud,Rio de Janeiro
28,4260,Plage,4,Tempéré,New York
47,4538,Culture,4,Tempéré,Londres
23,3045,Culture,14,Tempéré,Sydney
23,558,Culture,3,Froid,Le Caire
23,3282,Ville,7,Froid,Paris
27,1941,Plage,16,Tempéré,Rio de Janeiro
47,3340,Aventure,3,Tempéré,Tokyo
56,511,Aventure,25,Froid,Rome
26,1174,Plage,9,Froid,Sydney
37,4007,Plage,14,Froid,Barcelone
31,2019,Culture,24,Froid,New York
67,1346,Plage,23,Chaud,Tokyo
42,2468,Aventure,7,Chaud,Paris
35,4396,Ville,7,Tempéré,Tokyo
20,1135,Nature,12,Froid,Londres
65,3174,Ville,17,Froid,Londres
33,4258,Plage,7,Tempéré,Tokyo
40,4161,Culture,20,Chaud,Bali
29,2057,Aventure,9,Tempéré,Londres
53,3978,Nature,11,Tempéré,Bali
35,1164,Culture,9,Tempéré,New York
57,4517,Culture,28,Chaud,Rome
67,1845,Plage,13,Chaud,New York
40,3779,Ville,14,Tempéré,Tokyo
60,2640,Nature,18,Chaud,Sydney
31,3322,Culture,2,Tempéré,Barcelone
43,2763,Aventure,21,Chaud,New York
54,4448,Plage,23,Tempéré,Rio de Janeiro
63,4613,Ville,15,Froid,Sydney
18,4973,Aventure,26,Chaud,Rio de Janeiro
63,3184,Plage,29,Froid,Barcelone
30,4797,Aventure,19,Tempéré,Rio de Janeiro
22,1781,Culture,19,Tempéré,Barcelone
39,949,Plage,23,Chaud,Sydney
22,4274,Plage,3,Chaud,New York
65,4053,Aventure,11,Tempéré,Rio de Janeiro
65,1250,Culture,20,Froid,Paris
48,2923,Nature,8,Chaud,New York
61,4847,Nature,18,Chaud,Paris
23,1390,Plage,19,Tempéré,Paris
35,4323,Aventure,13,Chaud,Rio de Janeiro
44,3596,Plage,5,Chaud,Sydney
51,2928,Culture,28,Chaud,Tokyo
34,4929,Aventure,25,Chaud,Bali
59,4545,Culture,9,Froid,Rome
25,3776,Ville,23,Tempéré,Le Caire
33,1943,Ville,25,Chaud,New York
64,3764,Plage,24,Froid,Bali
64,3612,Plage,16,Chaud,Le Caire
34,663,Ville,18,Froid,Bali
52,2524,Aventure,18,Chaud,Barcelone
20,2694,Culture,13,Tempéré,Barcelone
62,4531,Plage,22,Chaud,Rome
20,4373,Nature,4,Chaud,Le Caire
19,3210,Nature,26,Froid,Sydney
31,2009,Ville,25,Chaud,Sydney
65,4349,Plage,18,Chaud,Bali
57,3819,Culture,16,Chaud,Barcelone
19,4006,Ville,4,Chaud,Bali
23,4370,Nature,18,Chaud,Le Caire
35,3534,Nature,22,Froid,Bali
53,2575,Aventure,13,Chaud,Barcelone
50,3992,Culture,7,Tempéré,Paris
38,1267,Ville,29,Chaud,Paris
44,3044,Culture,8,Chaud,Barcelone
67,3609,Plage,20,Chaud,Sydney
37,3967,Nature,24,Chaud,Tokyo
35,3129,Ville,23,Tempéré,Rio de Janeiro
22,4754,Ville,11,Chaud,Tokyo
51,689,Culture,14,Froid,Le Caire
62,2391,Nature,7,Froid,Paris
28,3621,Nature,14,Froid,Bali
48,2360,Ville,3,Chaud,Barcelone
57,4011,Plage,2,Tempéré,Tokyo
52,589,Culture,2,Tempéré,Tokyo
18,1830,Nature,2,Froid,Londres
56,683,Nature,4,Froid,Rome
24,4460,Ville,18,Tempéré,Bali
62,1808,Ville,7,Froid,Londres
64,2403,Plage,4,Chaud,Barcelone
37,4602,Culture,17,Tempéré,Rome
68,3888,Aventure,13,Froid,Rio de Janeiro
48,1948,Plage,22,Chaud,Rio de Janeiro
39,4514,Nature,29,Chaud,Sydney
61,1378,Nature,26,Tempéré,Sydney
30,1443,Nature,23,Froid,New York
49,3176,Ville,11,Froid,Le Caire
68,4125,Aventure,6,Chaud,Bali
63,1701,Aventure,2,Chaud,Rio de Janeiro
30,3489,Nature,14,Tempéré,Paris
43,622,Plage,17,Froid,Rio de Janeiro
36,3555,Nature,15,Tempéré,Rome
67,3340,Culture,13,Chaud,Rio de Janeiro
62,1961,Ville,25,Chaud,New York
28,3680,Aventure,27,Chaud,Le Caire
52,1129,Plage,21,Tempéré,Barcelone
55,1064,Culture,7,Chaud,Sydney
36,3254,Plage,23,Chaud,Tokyo
33,842,Aventure,19,Froid,New York
32,1710,Nature,18,Tempéré,Barcelone
54,1102,Plage,15,Tempéré,Bali
20,2654,Nature,15,Froid,Rome
18,4858,Aventure,29,Chaud,Sydney
33,1950,Ville,16,Froid,Londres
46,4999,Plage,2,Froid,Barcelone
52,2290,Nature,17,Chaud,Tokyo
54,2768,Culture,10,Froid,New York
36,1103,Culture,16,Chaud,Londres
29,3721,Ville,26,Froid,Rio de Janeiro
47,3797,Ville,14,Chaud,New York
33,3837,Ville,9,Chaud,Sydney
56,1066,Aventure,25,Chaud,New York
20,2783,Aventure,16,Chaud,Bali
22,3243,Nature,22,Froid,New York
46,4418,Nature,9,Tempéré,Bali
49,1980,Nature,25,Froid,New York
32,567,Aventure,14,Chaud,Paris
63,4038,Nature,14,Froid,Rio de Janeiro
35,2078,Ville,26,Froid,Rome
20,3997,Culture,15,Froid,Tokyo
53,2843,Ville,11,Froid,Barcelone
50,578,Aventure,28,Froid,Bali
28,2611,Aventure,7,Chaud,Tokyo
47,576,Ville,11,Froid,New York
63,2342,Aventure,19,Froid,Rome
46,4195,Culture,7,Chaud,Rome
48,4188,Plage,21,Chaud,Rio de Janeiro
25,3804,Plage,17,Froid,Le Caire
59,3815,Ville,5,Froid,Londres
24,4741,Plage,19,Froid,Barcelone
23,789,Ville,24,Froid,Tokyo
31,3742,Aventure,24,Chaud,Londres
45,3697,Ville,9,Chaud,Rome
56,1887,Ville,29,Chaud,Barcelone
19,539,Ville,23,Froid,New York
48,2186,Culture,3,Tempéré,Barcelone
26,3863,Nature,28,Froid,Sydney
26,798,Aventure,9,Froid,Paris
34,4864,Culture,10,Chaud,Paris
24,4107,Ville,2,Chaud,Tokyo
18,1559,Aventure,11,Chaud,Rio de Janeiro
26,1107,Aventure,5,Chaud,Le Caire
21,3333,Culture,5,Froid,Rio de Janeiro
18,4195,Aventure,10,Chaud,Rio de Janeiro
23,2913,Plage,9,Froid,Barcelone
18,3706,Aventure,9,Froid,Barcelone
27,2620,Ville,4,Chaud,Barcelone
42,1481,Ville,15,Froid,Sydney
69,1298,Nature,8,Tempéré,Le Caire
25,3766,Aventure,16,Tempéré,Le Caire
53,2892,Ville,10,Chaud,Barcelone
24,1301,Ville,29,Chaud,New York
51,3061,Culture,2,Froid,Tokyo
45,3951,Aventure,20,Chaud,Barcelone
30,1014,Ville,15,Chaud,Londres
53,2170,Culture,28,Froid,Tokyo
18,3733,Plage,2,Froid,Rome
35,676,Plage,13,Chaud,Rio de Janeiro
37,637,Plage,26,Froid,Sydney
57,3934,Nature,12,Chaud,Bali
58,1248,Aventure,11,Tempéré,Le Caire
19,1135,Culture,7,Froid,Tokyo
63,754,Plage,7,Tempéré,Paris
68,2383,Aventure,9,Tempéré,Tokyo
48,2940,Plage,4,Chaud,Paris
69,618,Ville,6,Tempéré,Rio de Janeiro
63,3506,Plage,2,Tempéré,Tokyo
56,3087,Nature,17,Froid,Rome
25,4892,Nature,3,Tempéré,Tokyo
27,4568,Plage,25,Tempéré,Barcelone
34,3273,Nature,27,Froid,Rio de Janeiro
54,1805,Ville,23,Tempéré,Tokyo
38,4192,Culture,29,Tempéré,Sydney
20,2290,Ville,9,Tempéré,Paris
41,4328,Aventure,25,Froid,Tokyo
41,785,Aventure,7,Tempéré,Bali
39,1748,Aventure,19,Chaud,New York
24,3528,Ville,17,Tempéré,Barcelone
28,4284,Culture,2,Chaud,Le Caire
26,2792,Nature,23,Chaud,New York
30,750,Nature,5,Chaud,New York
62,4097,Aventure,25,Froid,Rome
46,2189,Plage,2,Tempéré,Paris
59,4304,Aventure,11,Chaud,Londres
39,1202,Nature,19,Chaud,Bali
59,4364,Ville,24,Tempéré,Rio de Janeiro
49,955,Plage,12,Tempéré,Paris
32,3879,Nature,22,Froid,Londres
32,1519,Culture,22,Tempéré,Rio de Janeiro
36,1473,Aventure,22,Froid,Rio de Janeiro
48,4507,Ville,13,Froid,Tokyo
65,3667,Plage,17,Froid,Rome
45,2345,Nature,9,Tempéré,Rome
34,1581,Plage,4,Chaud,Sydney
50,4990,Nature,18,Chaud,Barcelone
40,3686,Culture,8,Chaud,Sydney
67,4798,Nature,13,Froid,Sydney
20,3519,Aventure,24,Tempéré,Tokyo
46,849,Plage,2,Tempéré,Rio de Janeiro
69,1025,Nature,2,Chaud,Tokyo
37,3016,Plage,2,Froid,Paris
31,1448,Plage,8,Froid,Le Caire
45,4942,Aventure,23,Tempéré,Rio de Janeiro
64,1351,Aventure,22,Chaud,Tokyo
46,688,Culture,19,Froid,Tokyo
37,2056,Culture,12,Tempéré,Sydney
44,2641,Plage,24,Chaud,Rome
46,1188,Culture,24,Chaud,Bali
46,4760,Ville,22,Chaud,Rome
69,4893,Ville,5,Tempéré,Rio de Janeiro
21,1227,Ville,20,Chaud,Tokyo
56,1532,Plage,5,Froid,Le Caire
52,1552,Aventure,22,Tempéré,Tokyo
25,3721,Nature,2,Froid,Sydney
31,978,Plage,4,Chaud,Rio de Janeiro
33,3234,Culture,9,Froid,Sydney
33,2638,Plage,8,Froid,Rome
51,3146,Aventure,29,Chaud,Sydney
23,3164,Ville,16,Tempéré,Rome
51,2533,Plage,13,Froid,Bali
69,2588,Aventure,24,Froid,Tokyo
68,4815,Culture,11,Chaud,Rome
43,1251,Nature,19,Chaud,Sydney
62,2888,Plage,16,Tempéré,Rome
46,2462,Aventure,23,Froid,New York
49,1114,Plage,29,Tempéré,Paris
24,769,Plage,12,Tempéré,Paris
23,4825,Plage,26,Froid,Sydney
68,4513,Ville,9,Tempéré,Bali
69,1455,Plage,9,Tempéré,Rio de Janeiro
61,4323,Culture,5,Froid,Londres
52,1989,Aventure,13,Tempéré,Barcelone
66,1145,Plage,12,Chaud,Londres
64,4773,Plage,28,Froid,Bali
36,3305,Culture,15,Tempéré,New York
30,3891,Aventure,5,Chaud,Tokyo
59,1885,Aventure,23,Froid,Sydney
42,2695,Nature,11,Tempéré,New York
64,3070,Ville,20,Chaud,Rome
41,3495,Aventure,11,Froid,Le Caire
53,2817,Culture,13,Chaud,New York
60,728,Aventure,15,Tempéré,Londres
24,616,Nature,12,Tempéré,Rome
47,1684,Ville,5,Froid,Rome
46,1341,Plage,9,Froid,Barcelone
27,4985,Culture,25,Chaud,Rio de Janeiro
69,4479,Culture,11,Chaud,Tokyo
36,3831,Culture,3,Froid,New York
60,2870,Plage,11,Chaud,Londres
22,3119,Ville,5,Froid,Rome
28,1275,Ville,2,Chaud,Bali
63,2011,Aventure,16,Tempéré,Tokyo
44,3466,Plage,12,Tempéré,Rio de Janeiro
23,4162,Nature,17,Chaud,Barcelone
60,3701,Nature,9,Froid,Barcelone
24,3791,Ville,20,Froid,Bali
65,2939,Nature,20,Chaud,Londres
55,3057,Plage,3,Froid,Barcelone
55,1643,Plage,20,Chaud,Paris
67,2740,Plage,21,Tempéré,Bali
64,3879,Ville,12,Froid,Rome
27,3544,Plage,20,Froid,Tokyo
45,899,Nature,16,Chaud,Rio de Janeiro
19,2214,Plage,23,Froid,Bali
25,4260,Ville,24,Froid,Londres
49,2886,Nature,28,Froid,Le Caire
28,3999,Ville,12,Tempéré,Sydney
37,4896,Aventure,9,Chaud,Londres
21,3681,Plage,23,Tempéré,Paris
50,4893,Plage,4,Chaud,Sydney
24,3018,Nature,20,Tempéré,Bali
30,1007,Nature,13,Tempéré,Le Caire
39,4765,Culture,9,Tempéré,Bali
27,2616,Ville,20,Froid,Le Caire
53,3517,Culture,16,Chaud,Sydney
65,4614,Aventure,26,Froid,Londres
47,4197,Aventure,7,Froid,New York
39,2163,Plage,7,Tempéré,Tokyo
36,3003,Nature,18,Tempéré,Rome
53,3100,Ville,17,Froid,Paris
35,3419,Plage,23,Froid,Le Caire
20,859,Ville,12,Froid,Le Caire
20,2562,Nature,28,Tempéré,Rome
58,4313,Nature,27,Tempéré,Sydney
42,2224,Culture,10,Froid,Paris
39,2904,Aventure,16,Chaud,Barcelone
30,1735,Aventure,12,Tempéré,Sydney
57,889,Plage,13,Chaud,Sydney
48,4983,Culture,5,Froid,Barcelone
43,3797,Aventure,16,Chaud,Tokyo
47,1227,Culture,15,Chaud,Sydney
56,3014,Plage,25,Tempéré,Londres
37,4967,Aventure,5,Tempéré,Sydney
20,3394,Nature,25,Tempéré,Bali
50,3309,Nature,8,Tempéré,Sydney
23,4181,Aventure,20,Chaud,Rio de Janeiro
34,802,Aventure,21,Froid,Rio de Janeiro
26,713,Aventure,24,Chaud,Le Caire
33,3709,Culture,9,Chaud,Londres
38,4329,Nature,26,Tempéré,Tokyo
58,4199,Ville,13,Froid,Le Caire
42,853,Culture,25,Tempéré,Londres
27,2855,Aventure,10,Froid,Barcelone
28,1413,Ville,9,Chaud,Paris
49,1557,Aventure,19,Tempéré,Londres
52,1943,Aventure,14,Tempéré,Tokyo
55,3785,Culture,2,Chaud,Sydney
19,533,Plage,9,Froid,New York
30,1317,Plage,3,Chaud,Sydney
51,3244,Plage,14,Tempéré,Rio de Janeiro
19,2804,Aventure,6,Froid,Londres
68,2199,Ville,22,Froid,Londres
63,1716,Nature,27,Chaud,Sydney
49,3835,Ville,22,Chaud,Sydney
54,550,Nature,26,Tempéré,Barcelone
41,2936,Nature,23,Chaud,Paris
33,4648,Nature,14,Chaud,Rio de Janeiro
22,838,Nature,23,Chaud,Rio de Janeiro
53,1917,Aventure,19,Chaud,Londres
20,3306,Plage,28,Froid,Barcelone
60,1413,Ville,20,Chaud,Bali
59,3180,Aventure,29,Tempéré,Barcelone
33,4494,Culture,23,Froid,Londres
33,2649,Nature,23,Chaud,Le Caire
46,1051,Culture,29,Chaud,Le Caire
64,2068,Ville,4,Froid,Rio de Janeiro
63,2047,Plage,7,Tempéré,Tokyo
31,3423,Aventure,13,Tempéré,Tokyo
63,2033,Ville,11,Froid,Sydney
25,4564,Aventure,29,Froid,Barcelone
54,4471,Nature,10,Tempéré,Rome
45,756,Aventure,4,Froid,Rome
48,1707,Plage,24,Chaud,Sydney
64,4141,Nature,23,Tempéré,Londres
51,4342,Plage,24,Froid,New York
19,1950,Aventure,14,Chaud,Tokyo
34,1996,Ville,16,Froid,Barcelone
46,4726,Plage,12,Froid,Rome
34,925,Ville,11,Chaud,Rio de Janeiro
28,800,Culture,9,Tempéré,Le Caire
61,677,Aventure,21,Chaud,Le Caire
24,1780,Ville,5,Chaud,New York
32,600,Ville,23,Tempéré,Bali
20,2337,Plage,21,Chaud,Rio de Janeiro
43,1051,Nature,14,Chaud,Rio de Janeiro
55,515,Ville,12,Tempéré,New York
47,4484,Ville,4,Tempéré,New York
45,2879,Aventure,6,Tempéré,Londres
37,4449,Aventure,12,Froid,New York
28,2202,Plage,18,Tempéré,Sydney
32,2488,Nature,26,Chaud,Sydney
56,3499,Plage,20,Froid,Rio de Janeiro
50,3502,Aventure,6,Froid,Paris
36,2190,Plage,25,Chaud,New York
52,2186,Nature,11,Chaud,Le Caire
37,2343,Culture,17,Froid,Le Caire
37,4618,Culture,15,Tempéré,Londres
32,3721,Aventure,9,Tempéré,Londres
54,2300,Culture,8,Froid,Paris
52,3060,Plage,23,Chaud,Bali
62,4193,Aventure,7,Tempéré,Sydney
23,3984,Aventure,25,Tempéré,Paris
23,3139,Culture,16,Tempéré,Rio de Janeiro
20,3539,Culture,28,Froid,New York
60,4015,Ville,16,Chaud,Barcelone
33,2091,Nature,7,Tempéré,New York
63,2154,Nature,10,Chaud,Barcelone
65,3192,Nature,14,Tempéré,Paris
64,4322,Plage,17,Froid,Le Caire
27,2780,Nature,28,Tempéré,Sydney
51,1177,Culture,29,Froid,Tokyo
57,3226,Nature,29,Tempéré,Rome
49,2752,Plage,7,Chaud,Le Caire
39,3249,Plage,25,Tempéré,Paris
39,1453,Nature,18,Tempéré,Rio de Janeiro
49,2992,Nature,25,Tempéré,Tokyo
37,2175,Ville,12,Froid,Sydney
58,3432,Plage,28,Chaud,Sydney
28,2713,Nature,24,Chaud,Rio de Janeiro
30,3852,Nature,15,Froid,Rome
44,4419,Nature,25,Froid,New York
67,3115,Aventure,5,Tempéré,Paris
30,3601,Ville,6,Chaud,Sydney
18,2358,Culture,3,Chaud,Barcelone
55,4581,Plage,6,Tempéré,Barcelone
22,4753,Plage,11,Froid,Sydney
50,501,Plage,16,Froid,Sydney
49,3265,Aventure,6,Chaud,New York
58,2878,Aventure,19,Tempéré,Sydney
68,3027,Plage,18,Tempéré,Bali
33,1093,Nature,17,Chaud,Sydney
46,4701,Culture,6,Chaud,Paris
28,2317,Aventure,17,Tempéré,Barcelone
67,2611,Aventure,29,Chaud,Bali
55,2245,Culture,10,Froid,Barcelone
50,2139,Plage,16,Tempéré,Tokyo
36,1267,Culture,6,Tempéré,Londres
50,1606,Plage,3,Tempéré,Le Caire
59,3649,Ville,6,Chaud,Barcelone
49,4236,Culture,12,Chaud,Bali
30,815,Aventure,21,Froid,Tokyo
43,4735,Plage,22,Froid,Paris
45,2159,Plage,7,Tempéré,Bali
42,4013,Ville,25,Chaud,Sydney
37,951,Aventure,19,Froid,Rio de Janeiro
35,3624,Ville,17,Chaud,Londres
28,1539,Plage,22,Froid,New York
20,1866,Aventure,24,Froid,Rome
36,3163,Aventure,4,Froid,Sydney
66,3952,Culture,3,Chaud,Bali
60,1142,Ville,13,Chaud,Bali
62,1821,Aventure,25,Froid,Le Caire
30,4136,Aventure,24,Froid,Paris
21,2581,Ville,7,Chaud,Londres
51,3615,Culture,14,Tempéré,Rio de Janeiro
22,1008,Nature,10,Tempéré,Le Caire
39,1394,Culture,2,Tempéré,Londres
48,1121,Nature,17,Tempéré,Le Caire
24,3463,Plage,29,Froid,Le Caire
44,1015,Nature,22,Froid,Londres
45,4454,Ville,6,Tempéré,Sydney
43,3232,Plage,8,Froid,Tokyo
58,2406,Nature,6,Tempéré,Barcelone
39,1674,Nature,11,Chaud,Tokyo
60,4006,Plage,28,Froid,Sydney
55,3430,Plage,7,Froid,Bali
18,2534,Aventure,12,Froid,Londres
61,1671,Plage,25,Tempéré,Tokyo
58,3813,Culture,7,Froid,Bali
25,2402,Nature,24,Chaud,Barcelone
23,1483,Plage,22,Froid,Barcelone
66,809,Nature,18,Chaud,Rio de Janeiro
51,4277,Nature,2,Tempéré,Rio de Janeiro
23,1294,Aventure,13,Chaud,Le Caire
67,1976,Ville,17,Froid,Tokyo
60,2067,Nature,11,Froid,New York
28,2273,Culture,21,Froid,Le Caire
63,3199,Ville,4,Chaud,Rio de Janeiro
37,4018,Culture,6,Tempéré,Rio de Janeiro
27,623,Culture,5,Chaud,Le Caire
66,584,Plage,5,Tempéré,Tokyo
56,1033,Culture,20,Froid,Sydney
29,3852,Nature,12,Froid,Rio de Janeiro
65,3256,Nature,10,Chaud,Paris
25,4170,Ville,7,Chaud,New York
23,4769,Plage,18,Froid,Barcelone
27,813,Ville,27,Chaud,Le Caire
56,589,Ville,9,Froid,Sydney
61,3298,Aventure,22,Tempéré,New York
26,3369,Aventure,19,Froid,Bali
24,3261,Culture,11,Tempéré,Bali
24,757,Nature,16,Chaud,Londres
57,881,Ville,4,Froid,Tokyo
61,4241,Plage,19,Chaud,Rio de Janeiro
34,4295,Ville,18,Froid,Le Caire
35,1817,Culture,28,Chaud,Sydney
35,4986,Ville,28,Tempéré,New York
28,1285,Nature,23,Tempéré,Rome
31,2472,Ville,5,Froid,Barcelone
30,3436,Ville,18,Froid,Sydney
65,2132,Culture,24,Tempéré,Barcelone
53,2938,Ville,8,Tempéré,Tokyo
30,3427,Culture,16,Tempéré,Londres
22,4357,Ville,21,Froid,New York
62,2860,Plage,13,Chaud,Londres
20,3956,Ville,3,Froid,Paris
52,3399,Plage,19,Chaud,Paris
27,3895,Aventure,6,Froid,Rome
58,4206,Culture,26,Tempéré,Barcelone
61,1568,Aventure,10,Chaud,Sydney
42,1892,Aventure,22,Chaud,Rio de Janeiro
34,1214,Ville,10,Chaud,Rome
42,4863,Nature,13,Chaud,Londres
58,4628,Culture,5,Tempéré,Sydney
64,1253,Nature,5,Froid,Paris
19,4239,Culture,2,Froid,Bali
28,3870,Plage,15,Froid,Londres
39,2023,Nature,28,Froid,New York
28,4028,Ville,18,Chaud,Londres
18,2474,Nature,21,Tempéré,Sydney
42,4724,Ville,12,Froid,Le Caire
39,949,Aventure,25,Tempéré,Barcelone
28,1845,Nature,29,Froid,Paris
52,3724,Plage,10,Tempéré,Barcelone
55,2382,Plage,28,Froid,Rome
25,3089,Nature,26,Froid,New York
53,3893,Aventure,18,Froid,Londres
38,1168,Culture,9,Froid,Rio de Janeiro
52,615,Plage,27,Froid,Sydney
62,4791,Aventure,13,Chaud,Londres
53,2751,Aventure,14,Chaud,Barcelone
33,4331,Plage,19,Froid,Bali
51,2576,Ville,20,Chaud,Sydney
57,2643,Plage,18,Chaud,Le Caire
50,2374,Aventure,14,Chaud,Tokyo
28,4694,Plage,11,Chaud,New York
23,2131,Nature,9,Chaud,New York
47,4622,Aventure,17,Chaud,New York
24,4136,Plage,10,Tempéré,Rio de Janeiro
50,3173,Ville,17,Froid,Barcelone
37,2834,Nature,11,Chaud,Sydney
23,1262,Nature,29,Chaud,Sydney
48,4969,Nature,3,Froid,Bali
21,2992,Plage,3,Froid,New York
40,2405,Plage,26,Chaud,Le Caire
34,1652,Culture,18,Tempéré,Le Caire
54,2849,Ville,20,Chaud,Bali
50,1899,Plage,12,Froid,Barcelone
45,4354,Culture,3,Chaud,New York
44,2483,Culture,14,Chaud,Paris
66,1184,Aventure,3,Chaud,Bali
59,835,Culture,18,Froid,Sydney
46,984,Aventure,12,Tempéré,Le Caire
31,2471,Culture,11,Tempéré,Sydney
42,2254,Plage,8,Tempéré,Londres
57,1088,Nature,15,Tempéré,Tokyo
19,1963,Culture,24,Froid,Rio de Janeiro
29,1527,Culture,13,Chaud,Bali
20,870,Ville,20,Chaud,Rome
43,1844,Culture,7,Tempéré,Londres
62,4796,Nature,8,Chaud,Rio de Janeiro
31,3442,Ville,24,Froid,Sydney
31,2440,Nature,29,Tempéré,Barcelone
22,653,Nature,20,Tempéré,Tokyo
45,2122,Culture,21,Chaud,Bali
55,4229,Ville,26,Froid,Rio de Janeiro
39,2838,Culture,3,Chaud,Barcelone
50,4646,Ville,5,Tempéré,Rome
41,925,Nature,21,Froid,Rome
30,1523,Plage,26,Chaud,New York
56,2416,Nature,27,Froid,Rome
49,2913,Plage,24,Chaud,Barcelone
69,3364,Ville,26,Froid,Paris
35,3330,Aventure,11,Froid,Paris
54,923,Ville,21,Froid,Sydney
20,834,Aventure,3,Tempéré,Londres
45,4611,Ville,6,Tempéré,Rome
40,2678,Nature,22,Froid,Barcelone
20,3070,Nature,24,Froid,Sydney
24,4779,Plage,15,Froid,Rome
29,4509,Culture,3,Tempéré,Londres
63,2430,Plage,10,Froid,Rome
28,4161,Nature,12,Tempéré,Paris
30,4780,Aventure,24,Froid,Le Caire
38,3152,Aventure,28,Froid,Londres
65,3590,Culture,14,Tempéré,New York
57,1765,Aventure,16,Froid,Bali
25,3303,Plage,6,Chaud,Sydney
25,3306,Ville,22,Chaud,Rio de Janeiro
53,827,Nature,21,Tempéré,Sydney
53,3077,Aventure,3,Tempéré,Rome
55,4144,Ville,15,Froid,Sydney
57,4128,Ville,13,Chaud,New York
40,4684,Ville,24,Froid,Paris
42,4671,Ville,22,Chaud,Bali
46,3827,Plage,9,Tempéré,Tokyo
64,1974,Aventure,9,Chaud,Le Caire
49,2407,Nature,18,Froid,Tokyo
66,1890,Aventure,15,Froid,Barcelone
31,4604,Aventure,25,Tempéré,Rome
26,2610,Aventure,24,Froid,Londres
34,1930,Culture,15,Froid,New York
48,3402,Plage,13,Tempéré,Londres
55,4497,Aventure,18,Froid,Tokyo
54,2881,Ville,21,Froid,Londres
62,4609,Nature,25,Chaud,Bali
41,4417,Culture,27,Froid,Londres
37,799,Plage,7,Tempéré,Barcelone
48,4712,Culture,9,Tempéré,Le Caire
30,4181,Nature,25,Chaud,New York
50,568,Plage,18,Chaud,Londres
53,4578,Plage,2,Tempéré,Barcelone
26,1464,Plage,7,Tempéré,Rio de Janeiro
49,1195,Culture,29,Tempéré,Bali
46,3434,Aventure,26,Tempéré,Londres
38,4585,Plage,15,Tempéré,Londres
33,2701,Aventure,27,Froid,New York
22,3802,Culture,15,Tempéré,Tokyo
66,3632,Plage,12,Chaud,Bali
28,4981,Plage,19,Chaud,Rio de Janeiro
39,3642,Culture,12,Froid,Bali
59,2918,Nature,4,Tempéré,Rio de Janeiro
20,2006,Aventure,18,Tempéré,Rio de Janeiro
54,3540,Plage,26,Froid,Rio de Janeiro
68,3717,Plage,4,Froid,Le Caire
68,804,Culture,6,Tempéré,Tokyo
69,2118,Aventure,4,Tempéré,Bali
33,4689,Plage,27,Tempéré,Le Caire
21,583,Nature,17,Froid,New York
69,1012,Nature,22,Chaud,Rome
60,2745,Plage,25,Tempéré,Sydney
18,4927,Ville,3,Chaud,New York
52,3633,Ville,26,Tempéré,Le Caire
45,3763,Ville,19,Froid,Tokyo
18,2326,Aventure,13,Tempéré,Paris
40,2876,Ville,2,Chaud,Londres
19,2642,Aventure,24,Froid,Tokyo
28,2461,Aventure,29,Froid,Le Caire
25,723,Nature,6,Froid,Bali
65,4348,Culture,3,Tempéré,Tokyo
44,1732,Culture,29,Chaud,New York
59,3506,Nature,13,Chaud,Le Caire
18,643,Ville,12,Chaud,Bali
43,2639,Plage,14,Chaud,Tokyo
55,4562,Culture,14,Tempéré,Bali
22,2934,Plage,15,Chaud,Londres
27,4372,Aventure,24,Tempéré,Rio de Janeiro
53,667,Culture,21,Froid,Sydney
65,4563,Plage,9,Tempéré,Le Caire
44,2830,Plage,5,Tempéré,Barcelone
25,2345,Plage,10,Froid,Bali
54,4653,Nature,4,Froid,Barcelone
45,562,Nature,15,Froid,Rio de Janeiro
51,4505,Aventure,22,Froid,New York
18,4921,Culture,15,Froid,Sydney
30,2787,Aventure,10,Froid,Rome
46,2881,Culture,27,Tempéré,Le Caire
23,3541,Culture,5,Tempéré,Bali
48,2608,Culture,5,Tempéré,Bali
64,4257,Plage,20,Tempéré,Barcelone
33,4078,Aventure,23,Chaud,New York
27,1189,Ville,2,Froid,Rio de Janeiro
37,805,Aventure,15,Tempéré,New York
21,1346,Aventure,29,Chaud,Paris
62,2994,Nature,7,Tempéré,Tokyo
27,3390,Culture,3,Chaud,Londres
42,3126,Nature,24,Chaud,Tokyo
60,2224,Plage,15,Chaud,Londres
19,1974,Nature,26,Tempéré,Sydney
43,4945,Nature,12,Tempéré,Bali
69,3483,Nature,7,Froid,Le Caire
62,520,Nature,22,Froid,Paris
40,1639,Ville,19,Tempéré,Tokyo
20,2360,Plage,22,Chaud,Londres
60,2446,Ville,25,Froid,Londres
21,4054,Culture,5,Froid,Le Caire
61,3021,Aventure,17,Tempéré,Tokyo
32,2308,Culture,15,Froid,Le Caire
38,4543,Culture,24,Froid,Paris
51,2986,Ville,7,Tempéré,Sydney
60,1112,Plage,14,Tempéré,New York
21,1816,Nature,20,Froid,Paris
69,3566,Culture,15,Chaud,Bali
27,604,Aventure,29,Chaud,Rio de Janeiro
23,1833,Aventure,27,Froid,New York
38,3378,Aventure,26,Froid,Rio de Janeiro
58,4593,Culture,23,Chaud,Tokyo
39,690,Nature,6,Tempéré,Paris
69,1769,Plage,19,Tempéré,Paris
21,3988,Nature,15,Tempéré,New York
38,1854,Aventure,25,Chaud,Tokyo
56,3997,Plage,7,Chaud,Paris
32,1844,Plage,16,Chaud,Rio de Janeiro
59,4482,Plage,16,Tempéré,Le Caire
49,4818,Aventure,12,Chaud,Rio de Janeiro
47,1005,Culture,11,Froid,Rome
35,4314,Plage,2,Chaud,Londres
49,3720,Nature,28,Chaud,Tokyo
49,4273,Culture,11,Froid,Barcelone
29,4142,Culture,14,Tempéré,Barcelone
44,2675,Culture,12,Froid,Barcelone
25,1677,Nature,5,Froid,New York
30,2647,Nature,22,Tempéré,Barcelone
54,3743,Ville,3,Froid,Bali
31,3464,Ville,24,Froid,Paris
56,3514,Nature,15,Chaud,Tokyo
38,1231,Plage,27,Chaud,Rio de Janeiro
65,4603,Plage,28,Tempéré,Tokyo
66,3357,Ville,19,Froid,Barcelone
30,4496,Nature,20,Chaud,Barcelone
24,2232,Plage,2,Froid,Bali
49,963,Plage,12,Tempéré,Bali
41,3410,Nature,23,Chaud,Londres
58,4578,Plage,7,Froid,Londres
61,4682,Ville,13,Tempéré,Le Caire
33,2728,Ville,25,Chaud,New York
46,3612,Ville,22,Tempéré,Rio de Janeiro
40,1647,Culture,21,Froid,Barcelone
42,4234,Aventure,6,Chaud,Sydney
18,2183,Nature,23,Chaud,Londres
48,2320,Ville,18,Tempéré,New York
41,1116,Culture,6,Chaud,Le Caire
36,842,Aventure,9,Froid,Tokyo
36,4789,Nature,24,Chaud,New York
50,1881,Ville,27,Tempéré,Bali
26,4013,Aventure,10,Froid,Sydney
35,1793,Plage,27,Tempéré,Rio de Janeiro
28,3189,Nature,6,Chaud,Le Caire
25,1180,Plage,6,Tempéré,Tokyo
66,1072,Plage,15,Chaud,Sydney
54,1017,Nature,29,Tempéré,Paris
68,3048,Plage,10,Tempéré,Rome
28,1416,Culture,13,Tempéré,Bali
43,3536,Culture,25,Chaud,Paris
57,2037,Aventure,7,Tempéré,Bali
42,787,Aventure,4,Tempéré,Rio de Janeiro
68,2890,Plage,5,Chaud,Tokyo
68,4640,Ville,4,Tempéré,Le Caire
36,839,Plage,15,Froid,Paris
67,3071,Plage,18,Chaud,Barcelone
36,4452,Ville,24,Chaud,Rome
24,2458,Nature,4,Tempéré,Paris
67,4485,Ville,10,Chaud,Londres
47,4203,Aventure,4,Froid,Sydney
33,1683,Culture,21,Tempéré,Londres
29,1015,Nature,14,Tempéré,Tokyo
55,990,Nature,17,Chaud,Sydney
55,4954,Plage,4,Chaud,New York
64,4388,Plage,9,Froid,Barcelone
58,1911,Plage,25,Tempéré,New York
18,1176,Culture,8,Chaud,Rome
49,3410,Culture,9,Chaud,Le Caire
23,2380,Nature,15,Froid,Barcelone
24,3587,Plage,29,Chaud,New York
41,3043,Plage,24,Tempéré,Rio de Janeiro
25,3479,Nature,6,Chaud,Bali
32,2882,Aventure,15,Froid,Tokyo
30,1124,Culture,6,Tempéré,Barcelone
54,4069,Plage,19,Froid,Sydney
26,935,Nature,3,Froid,Tokyo
39,4625,Nature,26,Chaud,Le Caire
67,2566,Aventure,15,Chaud,Tokyo
49,2188,Aventure,26,Tempéré,Paris
66,2045,Culture,28,Tempéré,Sydney
24,2100,Culture,5,Chaud,Bali
47,3348,Nature,26,Tempéré,Le Caire
30,3370,Ville,27,Tempéré,Bali
29,4253,Plage,4,Tempéré,Sydney
56,4807,Nature,2,Tempéré,Paris
27,3677,Nature,10,Chaud,New York
26,3818,Plage,9,Tempéré,New York
65,2685,Plage,10,Chaud,Bali
43,4408,Aventure,21,Tempéré,Sydney
19,2764,Aventure,28,Chaud,Bali
24,2484,Aventure,19,Chaud,New York
28,4164,Plage,25,Tempéré,Bali
21,1464,Ville,14,Tempéré,Le Caire
67,4080,Culture,17,Tempéré,New York
30,777,Ville,12,Tempéré,Londres
65,3627,Nature,11,Chaud,Rome
23,2504,Aventure,22,Tempéré,Rome
45,2347,Plage,6,Chaud,Bali
22,2063,Aventure,20,Chaud,Tokyo
41,1849,Ville,3,Chaud,Barcelone
24,3755,Aventure,19,Chaud,Le Caire
38,3151,Culture,26,Froid,Le Caire
35,2950,Plage,29,Chaud,Rio de Janeiro
45,2334,Nature,10,Chaud,Tokyo
21,716,Plage,23,Tempéré,Le Caire
61,2668,Plage,3,Chaud,Rome
38,2470,Culture,12,Chaud,Tokyo
30,721,Culture,13,Tempéré,Rome
19,1085,Culture,8,Chaud,Londres
32,2276,Nature,27,Tempéré,Le Caire
49,2484,Plage,12,Froid,Rome
32,2121,Ville,24,Tempéré,Sydney
35,1253,Plage,29,Tempéré,Londres
33,3245,Ville,3,Froid,Tokyo
27,2341,Ville,14,Tempéré,Londres
23,2920,Aventure,23,Chaud,Tokyo
45,3958,Plage,8,Froid,Bali
63,4982,Aventure,17,Chaud,Rome
41,2854,Ville,16,Froid,Le Caire
24,3939,Culture,11,Chaud,Paris
64,3486,Aventure,17,Chaud,Sydney
25,3050,Plage,24,Froid,Tokyo
43,1160,Nature,11,Froid,Rome
26,4895,Plage,10,Froid,Londres
19,2317,Nature,18,Froid,Le Caire
38,1786,Ville,28,Tempéré,Londres
36,1306,Aventure,25,Chaud,Barcelone
31,4803,Plage,2,Froid,Sydney
19,2599,Ville,15,Chaud,New York
19,1660,Plage,25,Tempéré,Le Caire
66,3516,Culture,10,Froid,Sydney
52,2160,Culture,14,Froid,Rio de Janeiro
41,4561,Culture,24,Chaud,Tokyo
55,4797,Ville,23,Froid,New York
67,4941,Plage,20,Tempéré,Rio de Janeiro
18,1929,Nature,22,Tempéré,Tokyo
31,4874,Plage,19,Tempéré,Rio de Janeiro
50,2206,Culture,19,Chaud,Rome
58,1902,Ville,2,Froid,Barcelone
62,4050,Nature,23,Tempéré,New York
56,4380,Aventure,16,Froid,Tokyo
52,2510,Plage,22,Tempéré,Sydney
55,1916,Aventure,10,Froid,Rome
26,1854,Plage,11,Froid,Sydney
47,3003,Plage,2,Froid,Tokyo
57,3396,Aventure,29,Tempéré,Barcelone
48,4469,Nature,20,Chaud,Rio de Janeiro
23,4189,Aventure,11,Tempéré,Bali
41,3412,Aventure,22,Froid,Rome
64,563,Plage,28,Froid,Tokyo
48,2623,Nature,25,Tempéré,Tokyo
30,4692,Nature,16,Chaud,Paris
44,3010,Aventure,12,Froid,Sydney
69,2739,Aventure,13,Chaud,Le Caire
48,1528,Ville,21,Froid,Barcelone
55,1348,Aventure,24,Chaud,Tokyo
38,691,Nature,13,Chaud,New York
38,4690,Nature,24,Tempéré,Londres
65,668,Ville,5,Tempéré,Londres
28,656,Aventure,11,Chaud,Paris
66,2858,Nature,28,Froid,Bali
55,2265,Ville,2,Froid,Sydney
45,1997,Aventure,12,Froid,Rio de Janeiro
23,1570,Plage,10,Froid,Tokyo
31,3622,Aventure,13,Tempéré,Sydney
65,525,Ville,9,Froid,Tokyo
41,1981,Plage,22,Froid,Londres
25,2022,Culture,22,Froid,Paris
62,1275,Ville,12,Froid,New York
46,2810,Plage,28,Froid,Le Caire
18,4620,Aventure,27,Tempéré,Barcelone
43,1766,Nature,8,Froid,Rio de Janeiro
47,2771,Plage,5,Tempéré,Rome
37,1147,Nature,21,Tempéré,Rome
28,690,Ville,22,Chaud,Rome
22,2051,Nature,20,Tempéré,New York
42,1027,Culture,2,Chaud,Rio de Janeiro
38,3727,Culture,22,Froid,Paris
50,3240,Culture,24,Chaud,Rome
31,2161,Culture,6,Froid,Rome
20,4027,Culture,11,Froid,Barcelone
23,2073,Aventure,23,Froid,Bali
34,1035,Culture,14,Chaud,New York
37,3264,Nature,28,Tempéré,Bali
47,1320,Plage,15,Tempéré,Londres
34,3653,Nature,3,Tempéré,Rio de Janeiro
52,1429,Plage,5,Tempéré,Tokyo
45,1544,Aventure,6,Chaud,Sydney
63,1091,Nature,6,Tempéré,Rio de Janeiro
62,3604,Culture,8,Froid,Londres
31,4488,Aventure,22,Chaud,Rio de Janeiro
58,4746,Plage,21,Froid,Le Caire
29,688,Ville,20,Froid,Paris
23,2766,Nature,18,Tempéré,Paris
27,4449,Plage,15,Tempéré,Le Caire
40,3437,Nature,15,Chaud,Tokyo
22,4711,Nature,20,Tempéré,Barcelone
47,3118,Culture,13,Chaud,Bali
32,2219,Nature,10,Tempéré,Bali
61,2442,Culture,4,Chaud,Tokyo
63,3207,Nature,12,Tempéré,Le Caire
52,3728,Nature,16,Chaud,Londres
38,2918,Nature,23,Tempéré,Tokyo
54,1141,Culture,8,Tempéré,Londres
61,3391,Plage,7,Froid,Rio de Janeiro
51,2826,Culture,5,Chaud,Le Caire
36,1217,Ville,22,Chaud,Paris
64,3367,Nature,9,Froid,Sydney
47,4851,Aventure,11,Tempéré,Rome
47,3591,Culture,22,Chaud,Bali
58,1165,Aventure,18,Chaud,Barcelone
52,4770,Ville,10,Tempéré,Sydney
24,4879,Culture,9,Chaud,Bali
48,4969,Ville,15,Chaud,New York
43,2953,Aventure,3,Froid,Rome
50,3911,Ville,26,Tempéré,Paris
30,4440,Ville,24,Chaud,Rio de Janeiro
55,3696,Nature,15,Froid,Rome
30,4068,Plage,25,Froid,Sydney
29,1226,Culture,10,Froid,Rome
53,2100,Plage,10,Chaud,Rio de Janeiro
61,3506,Plage,16,Chaud,New York
31,696,Aventure,11,Tempéré,Tokyo
56,3419,Ville,8,Froid,Tokyo
41,4936,Nature,25,Tempéré,Rio de Janeiro
30,4382,Aventure,15,Chaud,Bali
51,1634,Aventure,24,Tempéré,Londres
59,943,Nature,26,Froid,New York
52,3379,Plage,17,Tempéré,Paris
47,4043,Plage,23,Tempéré,New York
37,3467,Ville,2,Froid,Le Caire
38,2610,Plage,23,Froid,Rome
22,1597,Nature,18,Tempéré,Londres
37,4530,Aventure,22,Tempéré,Paris
42,4846,Aventure,7,Chaud,Le Caire
62,817,Nature,12,Chaud,Rome
20,3238,Plage,12,Tempéré,Barcelone
27,609,Ville,11,Chaud,Tokyo
46,3620,Plage,28,Froid,Barcelone
52,4243,Culture,20,Tempéré,Sydney
53,2254,Culture,28,Chaud,Londres
30,2065,Culture,9,Chaud,Sydney
57,3884,Culture,16,Chaud,Rome
21,4601,Culture,11,Tempéré,Rome
36,2086,Nature,9,Froid,Londres
38,4528,Aventure,20,Chaud,Paris
48,1021,Nature,26,Froid,New York
65,1354,Ville,17,Chaud,Tokyo
31,2222,Ville,20,Froid,Paris
63,2777,Culture,16,Froid,New York
50,3530,Aventure,7,Tempéré,Tokyo
62,4934,Plage,19,Froid,Bali
37,4219,Plage,21,Froid,Barcelone
46,1689,Culture,16,Froid,New York
44,2337,Nature,22,Froid,Sydney
18,1005,Nature,17,Froid,Tokyo
49,3553,Nature,19,Tempéré,Rio de Janeiro
47,2043,Nature,16,Tempéré,Rio de Janeiro
18,3472,Ville,24,Froid,Rome
50,798,Plage,9,Chaud,Bali
33,2992,Aventure,3,Tempéré,New York
35,926,Plage,21,Froid,Bali
19,2376,Ville,9,Chaud,Bali
36,1025,Ville,24,Tempéré,Paris
58,4076,Plage,15,Chaud,Sydney
55,3036,Plage,14,Froid,Rio de Janeiro
37,4341,Aventure,14,Tempéré,Le Caire
58,3670,Aventure,13,Froid,Sydney
22,872,Nature,11,Tempéré,Bali
65,1586,Culture,23,Froid,Londres
62,3314,Nature,6,Froid,Sydney
61,2911,Plage,23,Froid,New York
46,1512,Ville,26,Chaud,Bali
18,681,Plage,11,Chaud,Rome
49,3717,Plage,5,Froid,Londres
36,724,Ville,20,Tempéré,Paris
52,938,Ville,6,Chaud,Londres
27,3451,Aventure,15,Chaud,Tokyo
35,3619,Culture,8,Tempéré,New York
26,3578,Ville,6,Tempéré,Londres
45,2241,Plage,12,Tempéré,Tokyo
22,2469,Nature,2,Chaud,Paris
34,4321,Ville,13,Chaud,Barcelone
48,3839,Aventure,10,Chaud,Le Caire
19,3453,Culture,13,Tempéré,Le Caire
23,2075,Ville,4,Tempéré,Londres
32,4168,Aventure,16,Froid,Sydney
34,730,Ville,14,Tempéré,Barcelone
66,4926,Nature,21,Tempéré,Sydney
38,565,Nature,4,Chaud,Paris
39,1844,Plage,17,Tempéré,Sydney
34,4722,Plage,8,Froid,Londres
27,4808,Nature,20,Froid,Londres
43,3799,Ville,27,Chaud,Bali
21,669,Culture,18,Froid,Le Caire
63,4779,Plage,8,Chaud,New York
26,2871,Aventure,18,Froid,Barcelone
38,3842,Ville,8,Tempéré,Rio de Janeiro
55,3569,Plage,10,Chaud,Le Caire
39,1487,Ville,8,Tempéré,Barcelone
66,1453,Ville,17,Chaud,Bali
22,814,Ville,22,Froid,Londres
29,694,Plage,27,Chaud,Tokyo
51,4817,Nature,24,Chaud,Barcelone
39,3992,Aventure,6,Tempéré,Tokyo
64,3738,Plage,14,Tempéré,New York
36,686,Nature,5,Tempéré,Tokyo
65,3070,Ville,14,Tempéré,New York
20,3721,Culture,18,Tempéré,Londres
35,1793,Plage,22,Tempéré,Sydney
35,1170,Ville,7,Tempéré,Rio de Janeiro
26,3716,Culture,21,Froid,Londres
43,3932,Culture,14,Froid,Le Caire
24,3696,Ville,21,Chaud,Rio de Janeiro
49,3879,Aventure,7,Froid,Paris
36,1710,Aventure,17,Froid,Sydney
52,1520,Aventure,18,Tempéré,Londres
63,1809,Ville,21,Tempéré,Londres
19,870,Aventure,11,Chaud,Rome
25,1101,Plage,29,Tempéré,Rio de Janeiro
24,702,Aventure,15,Tempéré,Londres
45,3594,Culture,9,Tempéré,New York
67,4428,Culture,14,Froid,Sydney
32,1377,Plage,22,Chaud,New York
50,1683,Culture,11,Tempéré,Rome
41,4371,Plage,13,Chaud,Barcelone
20,2932,Aventure,5,Froid,Sydney
43,4269,Culture,4,Chaud,Rio de Janeiro
32,1914,Culture,13,Tempéré,Paris
51,4283,Nature,18,Tempéré,Rome
44,4519,Plage,22,Chaud,Le Caire
48,3755,Ville,14,Tempéré,Paris
42,3599,Aventure,4,Froid,Barcelone
56,3602,Plage,7,Tempéré,Rio de Janeiro
29,2273,Plage,4,Froid,Rome
29,4465,Aventure,29,Tempéré,Rome
61,932,Culture,28,Tempéré,Bali
59,1173,Plage,14,Froid,Paris
53,3168,Nature,15,Chaud,Le Caire
60,3765,Aventure,28,Chaud,Rio de Janeiro
63,3472,Nature,2,Tempéré,Le Caire
45,3282,Aventure,21,Tempéré,Paris
22,3386,Ville,11,Froid,Barcelone
47,3567,Aventure,14,Froid,Tokyo
55,1280,Aventure,26,Chaud,Barcelone
49,3909,Nature,14,Chaud,New York
67,1536,Ville,20,Froid,New York
26,3195,Plage,26,Tempéré,Rio de Janeiro
39,820,Ville,27,Tempéré,Rome
66,3738,Plage,26,Froid,Le Caire
38,4395,Aventure,16,Froid,Paris
43,3050,Nature,17,Chaud,Londres
65,3195,Plage,28,Tempéré,Sydney
69,3787,Culture,4,Froid,Paris
66,2032,Nature,4,Tempéré,Rome
52,4949,Aventure,2,Chaud,Barcelone
64,2535,Aventure,10,Froid,Bali
47,4276,Ville,13,Chaud,Paris
67,1236,Aventure,24,Tempéré,Sydney
32,2607,Aventure,16,Froid,Londres
60,4910,Aventure,2,Tempéré,Barcelone
62,1511,Aventure,14,Froid,Barcelone
58,4336,Plage,5,Tempéré,Le Caire
19,4661,Aventure,6,Froid,Le Caire
43,1605,Nature,26,Tempéré,Bali
45,3281,Nature,14,Froid,New York
56,933,Nature,6,Froid,Londres
42,4360,Culture,29,Tempéré,Rome
58,3291,Nature,11,Tempéré,Bali
65,4817,Plage,12,Tempéré,Rio de Janeiro
54,3136,Nature,19,Froid,Londres
29,4825,Culture,29,Chaud,Barcelone
20,580,Aventure,7,Chaud,Paris
49,518,Ville,11,Tempéré,Barcelone
55,3930,Culture,8,Chaud,Tokyo
57,2943,Nature,21,Froid,Rio de Janeiro
29,4212,Nature,25,Chaud,Bali
33,1766,Culture,26,Froid,Le Caire
30,4888,Nature,4,Chaud,Paris
65,2387,Ville,27,Froid,Le Caire
59,3047,Ville,19,Chaud,Rome
52,692,Nature,21,Chaud,Paris
33,2575,Nature,7,Chaud,Le Caire
42,2339,Aventure,26,Froid,Barcelone
22,2825,Nature,18,Froid,New York
68,944,Ville,26,Froid,Bali
22,3732,Nature,6,Chaud,Le Caire
55,3790,Culture,25,Chaud,Bali
49,3552,Nature,17,Froid,Bali
44,4328,Ville,5,Froid,Bali
45,622,Aventure,4,Chaud,Bali
30,1416,Nature,28,Tempéré,New York
62,515,Culture,25,Tempéré,Paris
49,913,Nature,26,Tempéré,Rome
49,1605,Culture,5,Tempéré,New York
23,1299,Ville,21,Tempéré,Paris
38,1277,Nature,16,Tempéré,Tokyo
65,3686,Nature,19,Chaud,New York
27,3773,Plage,14,Froid,Rio de Janeiro
27,2343,Ville,20,Chaud,Rome
55,3730,Culture,29,Tempéré,Le Caire
18,4295,Ville,2,Tempéré,Sydney
38,4928,Aventure,25,Froid,Tokyo
25,3908,Nature,23,Froid,Bali
27,3151,Nature,26,Tempéré,Londres
47,1622,Nature,10,Tempéré,Bali
51,4408,Plage,27,Chaud,Barcelone
66,3152,Aventure,14,Tempéré,Le Caire
48,585,Nature,20,Froid,Paris
54,4945,Aventure,5,Chaud,Paris
34,4503,Plage,9,Chaud,Bali
24,2170,Culture,23,Tempéré,Barcelone
40,1126,Aventure,13,Chaud,Rome
36,1227,Plage,15,Froid,New York
50,2425,Aventure,16,Tempéré,Le Caire
22,1104,Aventure,20,Tempéré,Sydney
47,1980,Ville,22,Tempéré,Bali
22,4341,Nature,6,Tempéré,Paris
36,1341,Ville,15,Froid,Barcelone
22,4327,Culture,16,Froid,Tokyo
42,3718,Culture,14,Chaud,Barcelone
26,4427,Aventure,4,Chaud,Le Caire
44,4097,Culture,23,Froid,Bali
30,3845,Aventure,8,Froid,Barcelone
69,2611,Ville,22,Chaud,Sydney
48,1131,Nature,24,Tempéré,Rome
67,749,Nature,11,Froid,Rio de Janeiro
25,2363,Plage,26,Tempéré,Tokyo
32,581,Ville,7,Froid,Sydney
23,2959,Plage,15,Chaud,Le Caire
42,1981,Aventure,29,Tempéré,New York
64,3538,Culture,18,Tempéré,Tokyo
60,1402,Ville,8,Tempéré,Barcelone
26,1831,Culture,7,Tempéré,Le Caire
18,1806,Culture,26,Chaud,Sydney
18,4308,Culture,7,Froid,Barcelone
54,3635,Aventure,14,Chaud,Bali
36,4479,Ville,20,Tempéré,New York
38,1681,Ville,16,Tempéré,Le Caire
37,1657,Aventure,4,Froid,Le Caire
19,3446,Aventure,6,Chaud,Tokyo
55,2918,Plage,28,Froid,Tokyo
50,1285,Culture,28,Tempéré,Le Caire
24,3187,Aventure,15,Chaud,Rome
50,3463,Culture,9,Froid,Rio de Janeiro
43,985,Plage,17,Froid,Sydney
61,4413,Plage,11,Chaud,Sydney
43,1952,Culture,28,Tempéré,Rome
45,4109,Nature,10,Froid,Paris
37,1040,Plage,3,Tempéré,Tokyo
67,1093,Culture,6,Froid,Londres
32,3503,Culture,3,Froid,Londres
58,2598,Culture,28,Tempéré,Rio de Janeiro
28,3333,Plage,18,Chaud,Rome
21,3604,Plage,2,Tempéré,Londres
52,1884,Ville,2,Froid,Londres
65,806,Nature,5,Froid,Londres
39,2738,Aventure,29,Tempéré,Le Caire
53,3596,Nature,19,Froid,Bali
32,2101,Culture,8,Froid,Rio de Janeiro
65,4272,Culture,23,Chaud,Sydney
55,4106,Plage,16,Tempéré,Sydney
26,3504,Nature,11,Froid,Rio de Janeiro
26,978,Plage,3,Froid,Rome
26,2353,Culture,26,Chaud,Bali
38,4899,Culture,14,Tempéré,Rome
54,1693,Aventure,4,Tempéré,Rio de Janeiro
24,3344,Nature,24,Tempéré,Tokyo
45,1420,Culture,14,Chaud,New York
51,1756,Plage,25,Chaud,Le Caire
20,1592,Nature,21,Froid,Tokyo
30,3234,Nature,7,Tempéré,Paris
39,2421,Culture,2,Chaud,Barcelone
59,4410,Aventure,10,Tempéré,Bali
19,2809,Aventure,10,Chaud,Barcelone
62,2257,Ville,21,Tempéré,Rome
37,3706,Plage,14,Chaud,Paris
68,2207,Ville,19,Froid,New York
69,3065,Nature,20,Froid,Sydney
31,3350,Ville,26,Froid,Rome
23,2171,Aventure,21,Froid,Paris
27,4422,Ville,14,Chaud,Londres
22,659,Ville,8,Froid,Londres
19,4334,Aventure,13,Tempéré,New York
44,2021,Culture,6,Tempéré,Bali
58,1722,Nature,22,Tempéré,Rio de Janeiro
48,4064,Nature,17,Froid,Rome
68,1742,Nature,12,Chaud,Le Caire
62,1376,Ville,17,Tempéré,Londres
62,3676,Ville,4,Froid,Le Caire
30,4043,Ville,23,Chaud,Rome
38,628,Nature,13,Froid,Rio de Janeiro
47,596,Plage,25,Chaud,Rio de Janeiro
22,3074,Culture,20,Tempéré,Le Caire
34,1718,Plage,25,Chaud,Paris
65,2506,Culture,21,Froid,Sydney
51,3401,Ville,27,Tempéré,Barcelone
64,2142,Nature,11,Froid,Rio de Janeiro
52,2413,Culture,29,Tempéré,Londres
48,506,Nature,20,Tempéré,Rio de Janeiro
53,3702,Ville,23,Chaud,Le Caire
25,772,Plage,11,Chaud,Rio de Janeiro
60,3212,Nature,27,Froid,Londres
53,1430,Culture,9,Chaud,Sydney
30,3875,Culture,23,Froid,Londres
50,770,Ville,19,Tempéré,Paris
49,4208,Culture,15,Froid,Rome
34,1115,Ville,4,Chaud,Paris
23,4177,Nature,4,Tempéré,Paris
66,3644,Plage,11,Chaud,Bali
26,1545,Plage,25,Tempéré,Rome
38,4163,Plage,13,Froid,Bali
53,3098,Plage,19,Froid,Rome
29,4427,Plage,8,Tempéré,Sydney
22,1358,Aventure,4,Chaud,Barcelone
21,1494,Culture,25,Tempéré,Rome
49,1084,Plage,17,Froid,Sydney
18,611,Ville,19,Chaud,Bali
44,3809,Culture,11,Chaud,Le Caire
25,4043,Aventure,9,Froid,Paris
25,4136,Nature,26,Chaud,Rome
46,1918,Aventure,7,Froid,Rome
34,586,Aventure,9,Chaud,New York
39,2124,Culture,15,Chaud,New York
61,3625,Ville,19,Chaud,Le Caire
48,1438,Aventure,11,Froid,Tokyo
20,3328,Culture,2,Froid,Londres
20,2386,Aventure,5,Tempéré,Rome
62,1550,Nature,16,Chaud,Le Caire
21,3285,Nature,5,Tempéré,Londres
38,2401,Nature,19,Chaud,New York
50,1176,Nature,12,Froid,Tokyo
53,3461,Ville,14,Tempéré,Rio de Janeiro
49,3957,Culture,19,Froid,Sydney
36,1035,Ville,17,Froid,Le Caire
67,1772,Aventure,26,Froid,New York
44,2315,Nature,19,Chaud,New York
51,1553,Nature,12,Tempéré,Tokyo
60,1224,Nature,12,Tempéré,Tokyo
65,2889,Nature,27,Chaud,Barcelone
69,4443,Aventure,15,Chaud,Londres
55,572,Culture,3,Froid,Rio de Janeiro
29,2438,Ville,29,Tempéré,Barcelone
48,4382,Plage,23,Chaud,Paris
65,4082,Plage,24,Tempéré,New York
20,1666,Aventure,5,Chaud,Barcelone
48,2878,Ville,20,Chaud,Paris
28,3016,Plage,4,Chaud,New York
63,2871,Aventure,12,Froid,Rome
67,1999,Plage,21,Chaud,Rome
32,4359,Ville,13,Chaud,Sydney
53,3361,Plage,8,Tempéré,Le Caire
28,2209,Plage,23,Froid,Sydney
47,3857,Nature,14,Tempéré,Tokyo
54,2780,Culture,29,Chaud,Sydney
28,3750,Nature,18,Chaud,Rome
32,2643,Nature,14,Chaud,Tokyo
50,4735,Ville,16,Froid,Sydney
19,2073,Aventure,19,Froid,Londres
69,2033,Plage,24,Chaud,Rome
55,4423,Culture,23,Froid,Rome
34,3307,Plage,9,Chaud,Tokyo
57,3970,Plage,3,Tempéré,Londres
56,4454,Ville,26,Tempéré,Londres
56,4004,Aventure,21,Tempéré,New York
60,739,Nature,10,Tempéré,Paris
48,4352,Aventure,25,Chaud,Bali
25,1370,Culture,21,Chaud,Sydney
62,4348,Culture,25,Chaud,Paris
52,626,Aventure,4,Froid,Tokyo
25,3238,Aventure,11,Tempéré,Tokyo
38,1680,Plage,20,Chaud,Rio de Janeiro
45,3827,Ville,23,Froid,Rio de Janeiro
52,3289,Culture,18,Chaud,Sydney
55,4522,Plage,20,Tempéré,Paris
49,4580,Nature,5,Chaud,Rio de Janeiro
51,3839,Plage,7,Froid,Sydney
18,4058,Nature,15,Chaud,Londres
53,1539,Plage,29,Chaud,Le Caire
20,3775,Plage,25,Tempéré,Rio de Janeiro
18,1518,Aventure,2,Chaud,Londres
